team,split_value,matches_played,possession_pct,touches_against,touches_for,touches_opp_box_against,touches_opp_box_for,passes_attempted_against,passes_attempted_for,passes_completed_against,passes_completed_for,open_play_passes_against,open_play_passes_for,passes_forward_against,passes_forward_for,passes_backward_against,passes_backward_for,passes_sideways_against,passes_sideways_for,passes_opp_half_against,passes_opp_half_for,passes_own_half_against,passes_own_half_for,crosses_attempted_against,crosses_attempted_for,crosses_completed_against,crosses_completed_for,crosses_all_against,crosses_all_for,crosses_all_completed_against,crosses_all_completed_for,long_passes_attempted_against,long_passes_attempted_for,long_passes_completed_against,long_passes_completed_for,through_balls_against,through_balls_for,passes_final_third_against,passes_final_third_for,passes_final_third_completed_against,passes_final_third_completed_for,passes_into_final_third_against,passes_into_final_third_for,progressive_passes_against,progressive_passes_for,passes_outside_own_third_against,passes_outside_own_third_for,corners_against,corners_for,chances_created_against,chances_created_for,assists_against,assists_for,shots_against,shots_for,shots_on_target_against,shots_on_target_for,shots_off_target_against,shots_off_target_for,shots_blocked_against,shots_blocked_for,shots_in_box_against,shots_in_box_for,shots_outside_box_against,shots_outside_box_for,shots_on_target_in_box_against,shots_on_target_in_box_for,shots_on_target_outside_box_against,shots_on_target_outside_box_for,goals_against,goals_for,goals_in_box_against,goals_in_box_for,goals_outside_box_against,goals_outside_box_for,goals_from_shots_against,goals_from_shots_for,own_goals_against,own_goals_for,own_goals_in_box_against,own_goals_in_box_for,own_goals_outside_box_against,own_goals_outside_box_for,take_ons_against,take_ons_for,take_ons_won_against,take_ons_won_for,aerials_against,aerials_for,aerials_won_against,aerials_won_for,ground_duels_against,ground_duels_for,ground_duels_won_against,ground_duels_won_for,duels_contested_against,duels_contested_for,duels_won_against,duels_won_for,smothers_against,smothers_for,tackles_against,tackles_for,interceptions_against,interceptions_for,clearances_against,clearances_for,ball_recoveries_against,ball_recoveries_for,blocked_passes_against,blocked_passes_for,pressing_actions_against,pressing_actions_for,recovery_actions_against,recovery_actions_for,pressing_actions_outside_own_third_against,pressing_actions_outside_own_third_for,missed_tackles_against,missed_tackles_for,fouls_committed_against,fouls_committed_for,fouls_won_against,fouls_won_for,possession_lost_against,possession_lost_for,sequences_against,sequences_for,sequence_passes_against,sequence_passes_for,sequence_seconds_against,sequence_seconds_for,sequence_progress_m_against,sequence_progress_m_for,sequence_length_m_against,sequence_length_m_for,sequence_start_x_m_against,sequence_start_x_m_for,build_up_attacks_against,build_up_attacks_for,direct_attacks_against,direct_attacks_for,high_turnovers_against,high_turnovers_for,high_turnover_shots_against,high_turnover_shots_for,sequence_pressed_against,sequence_pressed_for,shot_ending_sequences_against,shot_ending_sequences_for,pass_accuracy_pct_for,cross_accuracy_pct_for,long_pass_accuracy_pct_for,shooting_accuracy_pct_for,cross_accuracy_all_pct_for,final_third_pass_accuracy_pct_for,conversion_pct_for,take_on_success_pct_for,aerial_success_pct_for,ground_duel_success_pct_for,duel_success_pct_for,pass_accuracy_pct_against,cross_accuracy_pct_against,long_pass_accuracy_pct_against,shooting_accuracy_pct_against,cross_accuracy_all_pct_against,final_third_pass_accuracy_pct_against,conversion_pct_against,take_on_success_pct_against,aerial_success_pct_against,ground_duel_success_pct_against,duel_success_pct_against,rank_possession_pct,rank_touches_against,rank_touches_for,rank_touches_opp_box_against,rank_touches_opp_box_for,rank_passes_attempted_against,rank_passes_attempted_for,rank_passes_completed_against,rank_passes_completed_for,rank_open_play_passes_against,rank_open_play_passes_for,rank_passes_forward_against,rank_passes_forward_for,rank_passes_backward_against,rank_passes_backward_for,rank_passes_sideways_against,rank_passes_sideways_for,rank_passes_opp_half_against,rank_passes_opp_half_for,rank_passes_own_half_against,rank_passes_own_half_for,rank_crosses_attempted_against,rank_crosses_attempted_for,rank_crosses_completed_against,rank_crosses_completed_for,rank_crosses_all_against,rank_crosses_all_for,rank_crosses_all_completed_against,rank_crosses_all_completed_for,rank_long_passes_attempted_against,rank_long_passes_attempted_for,rank_long_passes_completed_against,rank_long_passes_completed_for,rank_through_balls_against,rank_through_balls_for,rank_passes_final_third_against,rank_passes_final_third_for,rank_passes_final_third_completed_against,rank_passes_final_third_completed_for,rank_passes_into_final_third_against,rank_passes_into_final_third_for,rank_progressive_passes_against,rank_progressive_passes_for,rank_passes_outside_own_third_against,rank_passes_outside_own_third_for,rank_corners_against,rank_corners_for,rank_chances_created_against,rank_chances_created_for,rank_assists_against,rank_assists_for,rank_shots_against,rank_shots_for,rank_shots_on_target_against,rank_shots_on_target_for,rank_shots_off_target_against,rank_shots_off_target_for,rank_shots_blocked_against,rank_shots_blocked_for,rank_shots_in_box_against,rank_shots_in_box_for,rank_shots_outside_box_against,rank_shots_outside_box_for,rank_shots_on_target_in_box_against,rank_shots_on_target_in_box_for,rank_shots_on_target_outside_box_against,rank_shots_on_target_outside_box_for,rank_goals_against,rank_goals_for,rank_goals_in_box_against,rank_goals_in_box_for,rank_goals_outside_box_against,rank_goals_outside_box_for,rank_goals_from_shots_against,rank_goals_from_shots_for,rank_own_goals_against,rank_own_goals_for,rank_own_goals_in_box_against,rank_own_goals_in_box_for,rank_own_goals_outside_box_against,rank_own_goals_outside_box_for,rank_take_ons_against,rank_take_ons_for,rank_take_ons_won_against,rank_take_ons_won_for,rank_aerials_against,rank_aerials_for,rank_aerials_won_against,rank_aerials_won_for,rank_ground_duels_against,rank_ground_duels_for,rank_ground_duels_won_against,rank_ground_duels_won_for,rank_duels_contested_against,rank_duels_contested_for,rank_duels_won_against,rank_duels_won_for,rank_smothers_against,rank_smothers_for,rank_tackles_against,rank_tackles_for,rank_interceptions_against,rank_interceptions_for,rank_clearances_against,rank_clearances_for,rank_ball_recoveries_against,rank_ball_recoveries_for,rank_blocked_passes_against,rank_blocked_passes_for,rank_pressing_actions_against,rank_pressing_actions_for,rank_recovery_actions_against,rank_recovery_actions_for,rank_pressing_actions_outside_own_third_against,rank_pressing_actions_outside_own_third_for,rank_missed_tackles_against,rank_missed_tackles_for,rank_fouls_committed_against,rank_fouls_committed_for,rank_fouls_won_against,rank_fouls_won_for,rank_possession_lost_against,rank_possession_lost_for,rank_sequences_against,rank_sequences_for,rank_sequence_passes_against,rank_sequence_passes_for,rank_sequence_seconds_against,rank_sequence_seconds_for,rank_sequence_progress_m_against,rank_sequence_progress_m_for,rank_sequence_length_m_against,rank_sequence_length_m_for,rank_sequence_start_x_m_against,rank_sequence_start_x_m_for,rank_build_up_attacks_against,rank_build_up_attacks_for,rank_direct_attacks_against,rank_direct_attacks_for,rank_high_turnovers_against,rank_high_turnovers_for,rank_high_turnover_shots_against,rank_high_turnover_shots_for,rank_sequence_pressed_against,rank_sequence_pressed_for,rank_shot_ending_sequences_against,rank_shot_ending_sequences_for,rank_pass_accuracy_pct_for,rank_cross_accuracy_pct_for,rank_long_pass_accuracy_pct_for,rank_shooting_accuracy_pct_for,rank_cross_accuracy_all_pct_for,rank_final_third_pass_accuracy_pct_for,rank_conversion_pct_for,rank_take_on_success_pct_for,rank_aerial_success_pct_for,rank_ground_duel_success_pct_for,rank_duel_success_pct_for,rank_pass_accuracy_pct_against,rank_cross_accuracy_pct_against,rank_long_pass_accuracy_pct_against,rank_shooting_accuracy_pct_against,rank_cross_accuracy_all_pct_against,rank_final_third_pass_accuracy_pct_against,rank_conversion_pct_against,rank_take_on_success_pct_against,rank_aerial_success_pct_against,rank_ground_duel_success_pct_against,rank_duel_success_pct_against
Arsenal,0-15,5,59.78,405,602,14,31,270,450,196,390,249,432,120,178,68,99,82,173,85,170,111,220,3,6,0,1,6,10,2,2,51,35,23,12,1,1,46,77,32,69,23,29,20,54,178,308,2,4,4,11,2,6,9,14,2,6,5,4,2,4,3,12,6,2,1,6,1,0,1,1,0,1,1,0,1,1,0,0,0,0,0,0,11,9,4,2,33,33,19,14,49,50,21,26,82,83,40,40,0,0,8,11,7,9,18,20,34,30,6,7,36,40,52,50,28,28,2,4,13,9,9,13,100,80,150.0,137.0,295.0,493.0,595.0,1333.0,408.5549999999999,1215.6899999999998,3526.417514862486,6907.557977313369,7341.599999999999,6447.315,0.0,2.0,2.0,4.0,38.0,29.0,6.0,8.0,25.0,24.0,9.0,14.0,86.67,16.67,34.29,60.0,20.0,89.61,7.14,22.22,42.42,52.0,48.19,72.59,0.0,45.1,28.57,33.33,69.57,11.11,36.36,57.58,42.86,48.78,2.0,20.0,5.0,14.0,1.0,20.0,4.0,20.0,3.0,20.0,4.0,20.0,5.0,20.0,11.0,19.0,3.0,20.0,3.0,20.0,7.0,20.0,17.0,18.0,12.0,20.0,17.0,11.0,10.0,6.0,18.0,5.0,20.0,8.0,9.0,12.0,5.0,16.0,4.0,11.0,5.0,19.0,1.0,19.0,4.0,16.0,6.0,15.0,1.0,17.0,5.0,13.0,2.0,16.0,2.0,5.0,8.0,13.0,3.0,19.0,1.0,1.0,16.0,18.0,1.0,2.0,9.0,4.0,4.0,12.0,4.0,1.0,3.0,4.0,4.0,2.0,2.0,2.0,2.0,1.0,1.0,16.0,17.0,11.0,17.0,5.0,5.0,1.0,10.0,17.0,15.0,17.0,13.0,11.0,8.0,11.0,10.0,4.0,4.0,18.0,15.0,10.0,5.0,12.0,8.0,11.0,15.0,12.0,7.0,16.0,11.0,13.0,13.0,10.0,10.0,17.0,11.0,1.0,11.0,11.0,1.0,8.0,19.0,11.0,19.0,20.0,3.0,20.0,3.0,18.0,3.0,20.0,4.0,11.0,15.0,17.0,3.0,2.0,2.0,5.0,13.0,8.0,4.0,11.0,15.0,13.0,2.0,3.0,13.0,19.0,6.0,11.0,3.0,11.0,18.0,16.0,7.0,12.0,20.0,18.0,4.0,17.0,5.0,19.0,6.0,8.0,5.0,16.0,8.0
Aston Villa,0-15,5,53.77,521,606,17,18,355,442,294,373,341,422,153,161,76,120,126,161,121,156,173,217,11,9,1,2,15,11,2,2,41,41,18,17,1,2,70,92,59,79,24,26,31,37,229,305,3,5,4,8,1,5,10,14,4,5,5,6,1,3,6,9,4,5,2,4,2,1,1,0,1,0,0,0,0,0,0,1,0,1,0,0,12,14,5,6,20,20,12,8,61,60,29,30,81,80,41,38,0,0,16,14,11,4,21,18,37,32,9,8,52,39,58,50,39,23,6,5,10,8,8,10,87,97,145.0,164.0,384.0,492.0,935.0,1256.0,1100.715,869.4,5353.314664528292,6452.937706049843,7317.975,7456.68,1.0,3.0,0.0,2.0,41.0,32.0,7.0,10.0,25.0,35.0,10.0,14.0,84.39,22.22,41.46,45.45,18.18,85.87,0.0,42.86,40.0,50.0,47.5,82.82,9.09,43.9,44.44,13.33,84.29,0.0,41.67,60.0,47.54,50.62,5.0,15.0,4.0,8.0,8.0,16.0,5.0,15.0,5.0,16.0,6.0,16.0,13.0,19.0,2.0,11.0,5.0,10.0,4.0,16.0,9.0,3.0,7.0,13.0,4.0,5.0,12.0,11.0,10.0,15.0,15.0,12.0,16.0,8.0,4.0,7.0,1.0,7.0,2.0,8.0,8.0,13.0,8.0,13.0,5.0,8.0,3.0,15.0,5.0,19.0,9.0,9.0,2.0,5.0,5.0,5.0,1.0,18.0,8.0,11.0,3.0,6.0,2.0,9.0,4.0,1.0,4.0,4.0,14.0,4.0,13.0,3.0,3.0,13.0,13.0,2.0,1.0,2.0,1.0,1.0,1.0,13.0,9.0,3.0,4.0,18.0,18.0,13.0,18.0,5.0,5.0,9.0,5.0,13.0,13.0,10.0,13.0,4.0,4.0,5.0,7.0,4.0,17.0,6.0,12.0,8.0,11.0,2.0,4.0,1.0,13.0,7.0,13.0,2.0,17.0,4.0,3.0,7.0,13.0,13.0,7.0,17.0,10.0,13.0,6.0,17.0,4.0,14.0,4.0,6.0,7.0,16.0,8.0,12.0,8.0,8.0,2.0,14.0,5.0,4.0,9.0,3.0,1.0,11.0,2.0,10.0,2.0,7.0,8.0,9.0,11.0,12.0,6.0,13.0,4.0,19.0,9.0,14.0,10.0,17.0,8.0,12.0,15.0,7.0,13.0,6.0,2.0,9.0,5.0
Bournemouth,0-15,5,47.76,584,534,15,16,421,374,337,291,402,362,179,169,103,103,139,102,95,122,242,169,7,6,3,2,11,12,5,3,51,52,20,24,2,1,53,55,40,38,18,32,24,36,246,249,3,4,8,6,7,5,10,10,2,6,5,3,3,1,8,8,2,2,2,5,0,1,0,1,0,1,0,0,0,1,0,0,0,0,0,0,10,4,5,2,38,38,17,21,46,45,21,23,84,83,38,44,0,0,8,11,11,14,16,21,44,48,9,8,40,46,60,69,26,33,2,5,10,8,8,10,121,106,179.0,174.0,459.0,418.0,990.0,915.0,643.65,561.5400000000001,6113.587800401529,5316.474639661323,7855.995,8866.83,1.0,0.0,2.0,0.0,35.0,32.0,7.0,8.0,42.0,25.0,10.0,10.0,77.81,33.33,46.15,66.67,25.0,69.09,10.0,50.0,55.26,51.11,53.01,80.05,42.86,39.22,28.57,45.45,75.47,0.0,50.0,44.74,45.65,45.24,13.0,8.0,12.0,13.0,10.0,8.0,12.0,10.0,13.0,10.0,12.0,5.0,8.0,10.0,9.0,8.0,16.0,15.0,11.0,3.0,15.0,13.0,17.0,2.0,4.0,11.0,8.0,1.0,6.0,6.0,7.0,7.0,3.0,5.0,9.0,9.0,12.0,10.0,14.0,17.0,3.0,18.0,11.0,10.0,13.0,8.0,6.0,6.0,12.0,3.0,9.0,9.0,8.0,16.0,2.0,5.0,12.0,8.0,19.0,5.0,5.0,15.0,16.0,9.0,3.0,13.0,4.0,14.0,4.0,12.0,4.0,3.0,3.0,13.0,4.0,2.0,2.0,2.0,2.0,1.0,1.0,18.0,20.0,3.0,17.0,1.0,1.0,3.0,1.0,20.0,20.0,17.0,15.0,8.0,8.0,16.0,7.0,4.0,4.0,18.0,15.0,4.0,2.0,16.0,7.0,2.0,1.0,2.0,4.0,12.0,5.0,6.0,1.0,13.0,4.0,17.0,3.0,7.0,13.0,13.0,7.0,3.0,6.0,2.0,4.0,9.0,12.0,12.0,14.0,13.0,19.0,10.0,15.0,6.0,3.0,8.0,18.0,2.0,13.0,6.0,9.0,3.0,4.0,1.0,14.0,10.0,8.0,16.0,3.0,6.0,5.0,7.0,18.0,5.0,2.0,6.0,8.0,3.0,16.0,1.0,15.0,17.0,1.0,17.0,13.0,2.0,15.0,12.0,17.0
Brentford,0-15,5,49.44,539,527,16,24,366,353,295,266,350,337,162,174,83,63,121,116,109,113,186,153,10,16,2,5,14,20,3,7,47,46,20,20,0,1,41,77,32,63,18,24,30,46,228,238,2,6,5,11,3,8,7,16,1,4,3,5,3,7,5,12,2,4,1,4,0,0,0,1,0,1,0,0,0,1,0,0,0,0,0,0,16,18,4,7,34,34,16,18,61,59,27,29,95,93,43,47,0,0,12,14,11,15,31,14,42,44,8,4,46,48,73,58,32,30,7,4,8,11,11,8,103,114,168.0,183.0,423.0,397.0,887.0,814.0,931.875,981.645,5412.094275658309,4930.741447213115,7567.665,9304.785,1.0,2.0,2.0,0.0,33.0,50.0,5.0,10.0,33.0,28.0,7.0,16.0,75.35,31.25,43.48,44.44,35.0,81.82,6.25,38.89,52.94,49.15,50.54,80.6,20.0,42.55,25.0,21.43,78.05,0.0,25.0,47.06,44.26,45.26,9.0,12.0,14.0,12.0,4.0,13.0,15.0,14.0,16.0,13.0,16.0,13.0,6.0,15.0,20.0,14.0,13.0,12.0,13.0,15.0,18.0,6.0,1.0,5.0,1.0,7.0,1.0,7.0,1.0,9.0,10.0,7.0,9.0,18.0,9.0,17.0,5.0,16.0,5.0,17.0,10.0,14.0,2.0,14.0,15.0,16.0,2.0,13.0,1.0,14.0,1.0,17.0,1.0,19.0,7.0,10.0,3.0,8.0,1.0,14.0,1.0,15.0,6.0,18.0,4.0,13.0,9.0,14.0,4.0,12.0,4.0,3.0,3.0,13.0,4.0,2.0,2.0,2.0,2.0,1.0,1.0,4.0,2.0,11.0,2.0,3.0,3.0,5.0,5.0,5.0,8.0,10.0,6.0,3.0,4.0,6.0,3.0,4.0,4.0,10.0,7.0,4.0,1.0,1.0,17.0,4.0,3.0,5.0,16.0,5.0,3.0,1.0,4.0,3.0,6.0,2.0,11.0,15.0,5.0,5.0,15.0,6.0,3.0,5.0,1.0,12.0,16.0,16.0,18.0,8.0,6.0,15.0,19.0,7.0,2.0,8.0,3.0,2.0,13.0,8.0,1.0,12.0,1.0,6.0,11.0,17.0,1.0,19.0,5.0,7.0,12.0,4.0,11.0,12.0,7.0,7.0,10.0,7.0,14.0,10.0,11.0,19.0,9.0,16.0,13.0,13.0,14.0,13.0,16.0
Brighton,0-15,5,56.85,444,585,17,13,306,442,236,381,285,429,122,182,83,103,101,157,88,155,148,226,5,11,0,0,8,18,1,2,45,44,15,26,0,2,32,80,25,62,13,30,16,32,183,300,4,4,4,2,4,1,10,8,5,1,4,5,1,2,7,5,3,3,4,1,1,0,3,1,3,1,0,0,3,0,1,0,1,0,0,0,11,12,5,5,25,25,13,12,57,54,32,21,82,79,45,33,1,1,14,5,4,9,18,15,22,26,8,6,41,37,40,41,21,32,5,5,10,12,12,10,92,87,143.0,151.0,333.0,487.0,722.0,1183.0,431.76,769.44,4440.296034093314,6995.837831987141,5984.58,8394.96,2.0,1.0,2.0,0.0,20.0,41.0,7.0,6.0,42.0,16.0,10.0,8.0,86.2,0.0,59.09,16.67,11.11,77.5,0.0,41.67,48.0,38.89,41.77,77.12,0.0,33.33,55.56,12.5,78.12,30.0,45.45,52.0,56.14,54.88,3.0,18.0,6.0,8.0,13.0,18.0,5.0,18.0,4.0,18.0,5.0,19.0,3.0,15.0,9.0,17.0,6.0,18.0,5.0,18.0,4.0,19.0,3.0,18.0,18.0,17.0,2.0,17.0,10.0,12.0,12.0,16.0,1.0,18.0,4.0,20.0,4.0,20.0,6.0,19.0,4.0,20.0,14.0,18.0,7.0,7.0,6.0,15.0,19.0,13.0,19.0,9.0,16.0,4.0,17.0,8.0,3.0,18.0,13.0,9.0,14.0,9.0,9.0,4.0,16.0,2.0,9.0,2.0,4.0,2.0,4.0,3.0,3.0,2.0,13.0,1.0,2.0,1.0,2.0,1.0,1.0,16.0,12.0,3.0,7.0,12.0,12.0,12.0,12.0,9.0,12.0,5.0,19.0,11.0,16.0,3.0,19.0,1.0,1.0,9.0,20.0,16.0,5.0,12.0,16.0,19.0,20.0,5.0,10.0,9.0,15.0,19.0,19.0,19.0,5.0,7.0,3.0,7.0,4.0,4.0,7.0,11.0,16.0,15.0,11.0,18.0,5.0,18.0,5.0,17.0,11.0,18.0,3.0,19.0,5.0,4.0,9.0,2.0,13.0,19.0,4.0,3.0,9.0,1.0,18.0,10.0,16.0,5.0,18.0,1.0,18.0,16.0,15.0,13.0,5.0,10.0,19.0,19.0,18.0,18.0,19.0,8.0,16.0,15.0,1.0,4.0,11.0,3.0,2.0
Chelsea,0-15,5,50.49,509,519,17,28,363,363,294,303,351,346,163,148,80,78,120,137,100,144,194,159,9,8,1,2,17,11,2,4,54,49,30,19,1,1,40,65,29,53,24,22,28,45,217,281,6,4,4,9,3,7,7,12,4,7,2,1,1,4,6,9,1,3,4,6,0,1,0,5,0,4,0,1,0,5,0,0,0,0,0,0,14,14,5,4,29,29,10,19,52,51,27,22,81,80,37,41,0,0,12,8,4,6,19,22,30,34,6,8,36,37,49,56,22,24,4,5,10,10,10,10,94,94,143.0,159.0,421.0,411.0,1062.0,910.0,729.645,817.11,6097.505152969822,5281.04778346406,6615.0,8092.77,0.0,2.0,0.0,5.0,22.0,36.0,4.0,8.0,27.0,29.0,7.0,12.0,83.47,25.0,38.78,87.5,36.36,81.54,41.67,28.57,65.52,43.14,51.25,80.99,11.11,55.56,66.67,11.76,72.5,0.0,35.71,34.48,51.92,45.68,7.0,16.0,16.0,8.0,2.0,14.0,13.0,15.0,12.0,12.0,13.0,12.0,17.0,17.0,18.0,15.0,9.0,14.0,7.0,13.0,17.0,7.0,11.0,13.0,4.0,2.0,12.0,11.0,3.0,4.0,8.0,1.0,12.0,8.0,9.0,19.0,8.0,19.0,9.0,8.0,15.0,16.0,4.0,15.0,9.0,2.0,6.0,15.0,4.0,14.0,3.0,17.0,5.0,5.0,1.0,16.0,18.0,18.0,3.0,11.0,3.0,20.0,9.0,4.0,1.0,13.0,4.0,14.0,1.0,12.0,1.0,3.0,1.0,13.0,1.0,2.0,2.0,2.0,2.0,1.0,1.0,8.0,9.0,3.0,9.0,7.0,7.0,17.0,3.0,13.0,14.0,10.0,17.0,13.0,13.0,17.0,8.0,4.0,4.0,10.0,18.0,16.0,14.0,8.0,5.0,15.0,10.0,12.0,4.0,16.0,15.0,15.0,8.0,18.0,16.0,9.0,3.0,7.0,6.0,6.0,7.0,10.0,12.0,15.0,8.0,13.0,14.0,10.0,15.0,9.0,9.0,11.0,17.0,16.0,7.0,17.0,3.0,14.0,1.0,18.0,7.0,18.0,4.0,9.0,8.0,17.0,5.0,9.0,7.0,15.0,1.0,3.0,12.0,1.0,12.0,2.0,16.0,5.0,13.0,14.0,1.0,4.0,18.0,18.0,13.0,9.0,18.0,5.0,15.0
Coventry,0-15,5,41.36,692,488,18,9,534,352,469,283,518,338,200,146,115,112,219,94,229,113,240,170,16,5,2,1,20,9,3,2,40,60,15,21,3,1,110,54,98,48,33,17,50,22,422,229,3,3,10,8,7,4,14,9,3,1,6,5,5,3,9,2,5,7,2,0,1,1,1,0,1,0,0,0,1,0,0,0,0,0,0,0,12,9,2,3,33,33,16,17,50,46,23,22,83,79,39,39,0,1,11,12,6,9,18,22,35,35,8,4,34,37,53,57,25,21,3,2,6,10,10,6,92,95,149.0,142.0,574.0,388.0,1474.0,933.0,1333.5,608.5799999999999,7866.936781194432,5313.425995896225,7376.46,6425.37,3.0,1.0,2.0,1.0,35.0,30.0,7.0,3.0,20.0,33.0,14.0,9.0,80.4,20.0,35.0,16.67,22.22,88.89,0.0,33.33,51.52,47.83,49.37,87.83,12.5,37.5,33.33,15.0,89.09,7.14,16.67,48.48,46.0,46.99,19.0,2.0,18.0,6.0,18.0,2.0,16.0,2.0,14.0,2.0,15.0,2.0,18.0,5.0,5.0,1.0,17.0,1.0,13.0,4.0,14.0,1.0,19.0,5.0,12.0,1.0,19.0,7.0,10.0,16.0,1.0,16.0,7.0,3.0,9.0,1.0,14.0,1.0,11.0,4.0,17.0,2.0,19.0,2.0,16.0,8.0,14.0,2.0,5.0,3.0,12.0,2.0,13.0,8.0,17.0,2.0,3.0,1.0,8.0,3.0,20.0,3.0,1.0,9.0,19.0,2.0,4.0,4.0,14.0,4.0,13.0,3.0,3.0,4.0,13.0,2.0,2.0,2.0,2.0,1.0,1.0,13.0,17.0,17.0,14.0,5.0,5.0,5.0,6.0,15.0,18.0,14.0,17.0,10.0,16.0,14.0,12.0,4.0,1.0,12.0,13.0,13.0,5.0,12.0,5.0,9.0,8.0,5.0,16.0,18.0,15.0,11.0,7.0,14.0,18.0,14.0,17.0,20.0,6.0,6.0,20.0,11.0,11.0,12.0,15.0,2.0,17.0,2.0,13.0,3.0,17.0,2.0,16.0,10.0,16.0,2.0,9.0,2.0,6.0,6.0,12.0,3.0,18.0,13.0,4.0,2.0,13.0,14.0,11.0,18.0,18.0,10.0,4.0,13.0,11.0,8.0,11.0,10.0,2.0,13.0,16.0,14.0,14.0,1.0,12.0,17.0,13.0,11.0,11.0
Crystal Palace,0-15,5,47.18,619,553,23,14,467,389,409,328,452,373,169,167,109,92,189,130,210,125,199,203,12,8,0,1,15,12,1,1,43,40,18,20,1,0,89,62,73,49,39,24,41,37,342,253,3,4,6,7,5,3,10,10,4,2,3,6,3,2,8,6,2,4,3,2,1,0,1,1,1,1,0,0,1,1,0,0,0,0,0,0,14,8,2,3,21,21,11,10,48,46,18,28,69,67,29,38,0,0,9,16,7,10,20,25,32,31,9,6,37,41,52,56,30,20,3,2,9,7,7,9,87,86,141.0,150.0,510.0,435.0,1305.0,1009.0,1506.645,1005.375,7707.629986600152,6148.872741772271,7108.8150000000005,7193.969999999999,3.0,1.0,1.0,1.0,43.0,41.0,7.0,7.0,19.0,29.0,11.0,10.0,84.32,12.5,50.0,25.0,8.33,79.03,10.0,37.5,47.62,60.87,56.72,87.58,0.0,41.86,57.14,6.67,82.02,10.0,14.29,52.38,37.5,42.03,16.0,5.0,11.0,2.0,12.0,4.0,11.0,4.0,11.0,4.0,11.0,11.0,9.0,8.0,13.0,4.0,10.0,2.0,10.0,11.0,11.0,2.0,11.0,18.0,12.0,5.0,8.0,17.0,17.0,14.0,17.0,12.0,9.0,8.0,18.0,3.0,9.0,4.0,10.0,1.0,10.0,5.0,8.0,4.0,12.0,8.0,6.0,11.0,10.0,10.0,15.0,9.0,8.0,5.0,15.0,10.0,1.0,8.0,13.0,5.0,10.0,15.0,6.0,6.0,13.0,2.0,9.0,4.0,4.0,4.0,4.0,3.0,3.0,4.0,4.0,2.0,2.0,2.0,2.0,1.0,1.0,8.0,19.0,17.0,14.0,17.0,17.0,14.0,15.0,18.0,18.0,19.0,7.0,20.0,20.0,20.0,13.0,4.0,4.0,15.0,3.0,10.0,3.0,7.0,3.0,13.0,13.0,2.0,10.0,15.0,10.0,13.0,8.0,7.0,19.0,14.0,17.0,13.0,19.0,19.0,13.0,17.0,17.0,17.0,12.0,4.0,10.0,5.0,12.0,2.0,5.0,3.0,10.0,14.0,10.0,2.0,9.0,9.0,6.0,2.0,4.0,3.0,8.0,16.0,8.0,6.0,8.0,8.0,15.0,3.0,16.0,19.0,14.0,5.0,8.0,11.0,1.0,1.0,3.0,18.0,12.0,7.0,20.0,9.0,7.0,18.0,10.0,20.0,20.0
Everton,0-15,5,47.38,643,579,25,12,486,418,424,360,473,406,177,162,113,111,196,145,198,151,226,209,11,8,4,0,14,11,4,1,38,49,17,20,1,2,72,66,62,56,37,25,39,33,333,284,2,3,9,5,6,3,11,10,3,3,4,5,4,2,8,5,3,5,3,3,0,0,0,1,0,1,0,0,0,1,0,0,0,0,0,0,15,13,7,6,24,24,14,10,60,60,30,28,84,84,44,38,0,0,15,15,9,7,22,18,42,38,7,14,44,51,64,56,30,34,6,7,7,8,8,7,90,93,159.0,140.0,561.0,450.0,1413.0,1043.0,1040.655,704.445,7550.2408885298355,6051.209304445527,7228.83,6962.865,2.0,1.0,0.0,1.0,33.0,35.0,5.0,8.0,38.0,23.0,11.0,10.0,86.12,0.0,40.82,37.5,9.09,84.85,10.0,46.15,41.67,46.67,45.24,87.24,36.36,44.74,42.86,28.57,86.11,0.0,46.67,58.33,50.0,52.38,15.0,3.0,7.0,1.0,17.0,3.0,8.0,3.0,7.0,3.0,8.0,7.0,11.0,6.0,6.0,3.0,8.0,4.0,6.0,5.0,10.0,3.0,11.0,1.0,18.0,7.0,12.0,3.0,17.0,19.0,8.0,15.0,9.0,8.0,4.0,5.0,7.0,5.0,7.0,2.0,9.0,7.0,13.0,5.0,8.0,16.0,14.0,3.0,14.0,6.0,15.0,6.0,8.0,8.0,8.0,8.0,3.0,6.0,13.0,5.0,14.0,9.0,2.0,6.0,6.0,13.0,9.0,14.0,4.0,12.0,4.0,3.0,3.0,13.0,4.0,2.0,2.0,2.0,2.0,1.0,1.0,7.0,11.0,2.0,4.0,15.0,15.0,10.0,15.0,7.0,5.0,8.0,7.0,8.0,7.0,4.0,13.0,4.0,4.0,7.0,6.0,7.0,12.0,5.0,12.0,4.0,5.0,9.0,1.0,6.0,2.0,3.0,8.0,7.0,3.0,4.0,2.0,18.0,13.0,13.0,18.0,14.0,13.0,8.0,16.0,3.0,9.0,3.0,10.0,7.0,13.0,4.0,11.0,13.0,12.0,4.0,9.0,14.0,6.0,8.0,8.0,12.0,4.0,4.0,17.0,6.0,8.0,6.0,18.0,12.0,15.0,17.0,8.0,5.0,3.0,17.0,13.0,17.0,5.0,4.0,5.0,13.0,7.0,5.0,13.0,3.0,4.0,6.0,3.0
Fulham,0-15,5,49.11,600,579,14,18,445,436,373,360,431,418,179,162,123,105,143,169,153,117,220,243,7,8,2,0,8,14,2,0,48,46,19,19,1,0,60,34,48,22,20,15,41,25,312,261,5,5,8,4,6,4,11,6,3,1,3,3,5,2,8,5,3,1,2,1,1,0,1,1,1,1,0,0,1,1,0,0,0,0,0,0,14,12,5,3,25,25,17,8,47,49,18,28,72,74,35,36,0,0,8,16,15,5,19,20,34,30,6,3,41,34,53,50,27,25,3,5,9,5,5,9,103,99,154.0,152.0,501.0,481.0,1222.0,1105.0,269.11499999999995,317.205,7516.304782396033,6792.894899636601,7399.349999999999,7273.35,1.0,2.0,2.0,0.0,24.0,31.0,6.0,4.0,26.0,24.0,11.0,6.0,82.57,0.0,41.3,25.0,0.0,64.71,16.67,25.0,32.0,57.14,48.65,83.82,28.57,39.58,50.0,25.0,80.0,9.09,35.71,68.0,38.3,48.61,10.0,6.0,7.0,14.0,8.0,6.0,7.0,7.0,7.0,6.0,7.0,5.0,11.0,3.0,7.0,7.0,4.0,6.0,12.0,7.0,2.0,13.0,11.0,5.0,18.0,17.0,5.0,11.0,20.0,8.0,10.0,9.0,12.0,8.0,18.0,8.0,18.0,8.0,19.0,15.0,19.0,5.0,16.0,6.0,10.0,4.0,3.0,6.0,18.0,6.0,12.0,6.0,18.0,8.0,17.0,10.0,12.0,1.0,13.0,5.0,14.0,9.0,19.0,9.0,16.0,2.0,9.0,4.0,4.0,4.0,4.0,3.0,3.0,4.0,4.0,2.0,2.0,2.0,2.0,1.0,1.0,8.0,12.0,3.0,14.0,12.0,12.0,3.0,18.0,19.0,16.0,19.0,7.0,19.0,19.0,18.0,17.0,4.0,4.0,18.0,3.0,1.0,16.0,8.0,8.0,11.0,15.0,12.0,19.0,9.0,19.0,11.0,13.0,12.0,15.0,14.0,3.0,13.0,20.0,20.0,13.0,6.0,8.0,10.0,10.0,6.0,7.0,7.0,8.0,20.0,20.0,5.0,5.0,9.0,9.0,8.0,3.0,2.0,13.0,17.0,11.0,8.0,14.0,10.0,15.0,6.0,18.0,11.0,18.0,10.0,16.0,20.0,20.0,4.0,14.0,20.0,2.0,11.0,8.0,6.0,14.0,9.0,8.0,13.0,8.0,9.0,1.0,19.0,9.0
Hull,0-15,5,36.21,731,415,18,7,571,268,517,203,560,248,227,139,138,64,206,65,206,58,311,145,7,11,3,2,11,12,4,2,34,55,15,21,4,1,88,22,78,17,30,17,58,20,434,155,3,1,13,2,8,1,14,5,6,3,3,1,5,1,11,3,3,2,6,2,0,1,3,0,3,0,0,0,3,0,0,0,0,0,0,0,13,11,3,4,26,26,11,15,50,49,22,26,76,75,33,41,0,0,11,14,5,9,17,23,46,35,2,5,30,39,63,58,21,27,4,3,8,8,8,8,88,92,162.0,140.0,625.0,302.0,1639.0,724.0,1812.195,760.305,9082.841527339513,4281.74686452639,7544.3550000000005,5909.820000000001,5.0,1.0,1.0,0.0,27.0,22.0,5.0,2.0,32.0,31.0,14.0,5.0,75.75,18.18,38.18,75.0,16.67,77.27,0.0,36.36,57.69,53.06,54.67,90.54,42.86,44.12,66.67,36.36,88.64,21.43,23.08,42.31,44.0,43.42,20.0,1.0,20.0,6.0,20.0,1.0,20.0,1.0,20.0,1.0,20.0,1.0,19.0,1.0,19.0,2.0,20.0,3.0,20.0,1.0,20.0,13.0,3.0,2.0,4.0,11.0,8.0,3.0,10.0,20.0,6.0,16.0,7.0,1.0,9.0,4.0,20.0,2.0,20.0,5.0,17.0,1.0,20.0,1.0,20.0,8.0,18.0,1.0,19.0,1.0,19.0,2.0,20.0,2.0,8.0,10.0,18.0,1.0,19.0,1.0,18.0,9.0,16.0,1.0,13.0,13.0,4.0,2.0,14.0,2.0,13.0,3.0,3.0,2.0,13.0,2.0,2.0,2.0,2.0,1.0,1.0,11.0,14.0,16.0,9.0,11.0,11.0,14.0,7.0,15.0,16.0,16.0,13.0,18.0,18.0,19.0,8.0,4.0,4.0,12.0,7.0,15.0,5.0,15.0,4.0,1.0,8.0,19.0,13.0,20.0,13.0,4.0,4.0,19.0,12.0,9.0,16.0,15.0,13.0,13.0,15.0,15.0,14.0,7.0,16.0,1.0,20.0,1.0,20.0,1.0,12.0,1.0,20.0,8.0,20.0,1.0,9.0,9.0,13.0,14.0,17.0,12.0,20.0,7.0,6.0,2.0,20.0,18.0,12.0,17.0,2.0,14.0,16.0,13.0,9.0,4.0,6.0,2.0,1.0,1.0,7.0,4.0,3.0,2.0,3.0,16.0,17.0,14.0,19.0
Ipswich,0-15,5,45.7,593,499,20,8,419,343,355,275,405,326,176,154,111,83,132,106,140,94,215,181,11,10,2,1,17,11,3,1,52,44,25,13,4,1,72,49,62,41,30,24,47,25,282,196,6,0,9,5,8,3,15,6,6,3,7,1,2,2,9,3,6,3,5,3,1,0,4,0,4,0,0,0,4,0,0,0,0,0,0,0,16,11,11,2,25,25,14,11,55,56,36,18,80,81,50,29,0,1,16,7,8,9,19,26,35,29,7,7,41,43,54,55,29,28,2,11,8,9,9,8,91,98,156.0,144.0,467.0,414.0,1143.0,1064.0,1141.455,589.575,6848.141274669038,5946.370272139421,8149.365,6320.79,2.0,0.0,6.0,0.0,43.0,26.0,12.0,4.0,18.0,31.0,15.0,6.0,80.17,10.0,29.55,75.0,9.09,83.67,0.0,18.18,44.0,32.14,35.8,84.73,18.18,48.08,46.15,17.65,86.11,26.67,68.75,56.0,65.45,62.5,17.0,7.0,17.0,5.0,19.0,9.0,17.0,8.0,15.0,8.0,17.0,8.0,15.0,7.0,17.0,10.0,15.0,8.0,18.0,8.0,12.0,3.0,5.0,5.0,12.0,2.0,12.0,7.0,17.0,5.0,12.0,3.0,18.0,1.0,9.0,5.0,15.0,5.0,13.0,5.0,10.0,3.0,16.0,8.0,18.0,2.0,20.0,3.0,14.0,1.0,15.0,1.0,18.0,2.0,8.0,1.0,18.0,13.0,13.0,3.0,18.0,1.0,9.0,3.0,6.0,2.0,9.0,1.0,14.0,1.0,13.0,3.0,3.0,1.0,13.0,2.0,2.0,2.0,2.0,1.0,1.0,4.0,14.0,1.0,17.0,12.0,12.0,10.0,14.0,11.0,11.0,1.0,20.0,15.0,11.0,2.0,20.0,4.0,1.0,5.0,19.0,8.0,5.0,8.0,2.0,9.0,18.0,9.0,7.0,9.0,7.0,10.0,11.0,9.0,10.0,17.0,1.0,15.0,11.0,11.0,15.0,13.0,9.0,9.0,13.0,8.0,13.0,8.0,9.0,5.0,18.0,6.0,12.0,4.0,17.0,4.0,18.0,1.0,13.0,2.0,14.0,1.0,14.0,20.0,6.0,1.0,18.0,15.0,17.0,20.0,2.0,17.0,9.0,13.0,19.0,14.0,20.0,20.0,7.0,11.0,2.0,11.0,13.0,5.0,2.0,1.0,7.0,1.0,1.0
Leeds,0-15,5,48.66,555,526,13,19,378,355,296,265,360,344,182,151,95,89,101,115,92,112,204,153,9,9,1,2,11,16,1,4,55,56,24,22,1,0,44,55,35,36,24,27,36,37,235,249,2,5,4,5,1,4,7,10,3,3,1,2,3,5,5,7,2,3,3,3,0,0,0,1,0,1,0,0,0,1,0,0,0,0,0,0,18,17,5,4,34,34,19,15,56,60,23,32,90,94,42,47,1,0,9,17,12,8,27,16,29,32,6,5,42,43,56,48,28,30,4,5,11,8,8,11,112,116,177.0,183.0,424.0,400.0,948.0,839.0,723.03,683.55,5764.372483717417,5433.180768413171,7918.785,9678.165,1.0,1.0,0.0,1.0,31.0,49.0,5.0,10.0,41.0,26.0,7.0,10.0,74.65,22.22,39.29,60.0,25.0,65.45,10.0,23.53,44.12,53.33,50.0,78.31,11.11,43.64,75.0,9.09,79.55,0.0,27.78,55.88,41.07,46.67,12.0,11.0,15.0,17.0,6.0,11.0,14.0,13.0,17.0,11.0,14.0,4.0,16.0,11.0,15.0,17.0,14.0,17.0,15.0,10.0,18.0,7.0,7.0,13.0,4.0,11.0,4.0,17.0,3.0,3.0,3.0,4.0,5.0,8.0,18.0,15.0,12.0,15.0,16.0,8.0,6.0,10.0,8.0,12.0,13.0,16.0,3.0,15.0,14.0,19.0,12.0,17.0,8.0,8.0,8.0,17.0,15.0,8.0,2.0,14.0,8.0,15.0,9.0,6.0,6.0,13.0,9.0,14.0,4.0,12.0,4.0,3.0,3.0,13.0,4.0,2.0,2.0,2.0,2.0,1.0,1.0,1.0,4.0,3.0,9.0,3.0,3.0,1.0,7.0,10.0,5.0,14.0,2.0,5.0,3.0,9.0,3.0,1.0,4.0,15.0,2.0,3.0,11.0,2.0,15.0,17.0,11.0,12.0,13.0,8.0,7.0,8.0,18.0,10.0,6.0,9.0,3.0,4.0,13.0,13.0,4.0,4.0,2.0,4.0,1.0,11.0,15.0,13.0,17.0,11.0,14.0,12.0,13.0,5.0,1.0,8.0,9.0,14.0,6.0,11.0,2.0,12.0,1.0,3.0,13.0,17.0,8.0,20.0,8.0,13.0,6.0,7.0,19.0,5.0,16.0,13.0,5.0,8.0,17.0,14.0,9.0,3.0,19.0,14.0,13.0,11.0,8.0,18.0,13.0
Liverpool,0-15,5,53.61,534,617,22,13,355,452,263,365,332,438,170,209,80,97,105,146,101,141,162,224,6,8,1,1,8,11,1,2,58,56,18,26,2,3,49,56,40,45,28,27,33,46,217,329,2,3,7,5,6,5,8,7,1,2,3,2,4,3,5,6,3,1,1,2,0,0,1,2,1,2,0,0,1,2,0,0,0,0,0,0,10,15,1,6,29,29,10,19,63,62,33,27,92,91,43,46,0,0,15,14,3,9,24,14,39,44,8,11,39,52,63,58,25,41,6,1,7,17,17,7,127,129,189.0,183.0,394.0,484.0,733.0,1128.0,574.77,1121.61,4932.158543630624,6682.7008634396225,8601.495,8598.45,1.0,2.0,0.0,0.0,27.0,37.0,5.0,6.0,34.0,29.0,8.0,7.0,80.75,12.5,46.43,50.0,18.18,80.36,28.57,40.0,65.52,43.55,50.55,74.08,16.67,31.03,25.0,12.5,81.63,12.5,10.0,34.48,52.38,46.74,6.0,14.0,3.0,3.0,13.0,16.0,3.0,17.0,6.0,17.0,3.0,9.0,2.0,17.0,12.0,16.0,7.0,13.0,8.0,17.0,5.0,17.0,11.0,13.0,12.0,17.0,12.0,17.0,10.0,1.0,3.0,12.0,1.0,5.0,2.0,11.0,11.0,10.0,12.0,7.0,6.0,11.0,2.0,15.0,3.0,16.0,14.0,10.0,14.0,6.0,9.0,14.0,17.0,19.0,15.0,10.0,15.0,6.0,8.0,14.0,10.0,9.0,19.0,18.0,13.0,13.0,9.0,4.0,3.0,4.0,3.0,3.0,3.0,4.0,3.0,2.0,2.0,2.0,2.0,1.0,1.0,18.0,6.0,19.0,4.0,7.0,7.0,17.0,3.0,4.0,4.0,4.0,11.0,4.0,5.0,6.0,5.0,4.0,4.0,7.0,7.0,20.0,5.0,4.0,17.0,7.0,3.0,5.0,2.0,14.0,1.0,4.0,4.0,14.0,1.0,4.0,19.0,18.0,1.0,1.0,18.0,1.0,1.0,1.0,1.0,15.0,6.0,17.0,7.0,14.0,4.0,17.0,6.0,2.0,4.0,8.0,3.0,14.0,13.0,14.0,6.0,12.0,9.0,5.0,8.0,14.0,17.0,13.0,15.0,4.0,9.0,12.0,13.0,3.0,6.0,2.0,15.0,6.0,19.0,12.0,20.0,19.0,16.0,11.0,4.0,19.0,18.0,4.0,12.0
Man City,0-15,5,65.68,417,798,13,22,272,657,218,601,260,635,126,232,85,161,61,264,86,256,132,345,7,9,3,3,11,12,4,4,46,28,19,13,2,5,46,88,38,81,19,40,27,39,177,462,5,4,9,8,6,6,12,11,3,5,6,2,3,4,7,8,5,3,2,3,1,2,1,1,1,0,0,1,1,1,0,0,0,0,0,0,9,15,4,1,22,22,7,15,55,59,32,23,77,81,39,38,0,0,20,9,15,4,14,11,28,27,0,3,49,28,42,38,31,19,1,4,13,8,8,13,74,91,124.0,138.0,297.0,691.0,713.0,1844.0,276.255,1386.5249999999999,4346.638078022428,10139.476644230452,6511.785,6114.255,0.0,4.0,1.0,1.0,30.0,22.0,6.0,6.0,19.0,27.0,12.0,12.0,91.48,33.33,46.43,71.43,33.33,92.05,9.09,6.67,68.18,38.98,46.91,80.15,42.86,41.3,33.33,36.36,82.61,8.33,44.44,31.82,58.18,50.65,1.0,19.0,1.0,17.0,5.0,19.0,1.0,19.0,1.0,19.0,1.0,18.0,1.0,14.0,1.0,20.0,1.0,19.0,1.0,19.0,1.0,13.0,7.0,2.0,3.0,11.0,8.0,3.0,3.0,11.0,20.0,9.0,18.0,5.0,1.0,12.0,2.0,12.0,1.0,16.0,1.0,17.0,6.0,20.0,1.0,4.0,6.0,3.0,5.0,6.0,5.0,5.0,6.0,8.0,5.0,2.0,15.0,8.0,3.0,9.0,5.0,3.0,9.0,9.0,6.0,2.0,3.0,4.0,4.0,4.0,13.0,3.0,1.0,4.0,4.0,2.0,2.0,2.0,2.0,1.0,1.0,20.0,6.0,11.0,20.0,16.0,16.0,20.0,7.0,11.0,8.0,5.0,15.0,17.0,11.0,14.0,13.0,4.0,4.0,1.0,17.0,1.0,17.0,19.0,20.0,18.0,19.0,20.0,19.0,4.0,20.0,18.0,20.0,5.0,20.0,20.0,11.0,1.0,13.0,13.0,1.0,20.0,15.0,19.0,18.0,19.0,1.0,19.0,1.0,19.0,1.0,19.0,1.0,18.0,18.0,17.0,1.0,9.0,6.0,12.0,17.0,8.0,9.0,16.0,12.0,5.0,5.0,1.0,3.0,4.0,4.0,5.0,1.0,10.0,20.0,1.0,18.0,15.0,15.0,1.0,13.0,14.0,3.0,8.0,10.0,5.0,20.0,2.0,4.0
Man Utd,0-15,5,49.07,578,557,12,19,432,414,377,358,412,399,159,180,117,113,156,121,134,140,243,218,9,10,2,4,11,13,2,6,40,41,15,16,1,1,44,61,36,55,21,23,29,43,267,305,3,4,4,10,2,8,5,13,2,6,1,4,2,3,3,8,2,5,2,3,0,3,0,0,0,0,0,0,0,0,0,0,0,0,0,0,13,11,5,4,28,28,16,12,52,52,24,28,80,80,40,40,0,0,9,13,4,10,19,13,30,37,5,4,33,42,49,50,25,27,4,5,11,10,10,11,84,83,138.0,144.0,475.0,458.0,1245.0,1136.0,501.4799999999999,798.63,6664.850960808788,6466.732892481483,6802.844999999999,6501.8099999999995,1.0,1.0,0.0,3.0,28.0,17.0,2.0,6.0,20.0,35.0,5.0,13.0,86.47,40.0,39.02,60.0,46.15,90.16,0.0,36.36,42.86,53.85,50.0,87.27,22.22,37.5,66.67,18.18,81.82,0.0,38.46,57.14,46.15,50.0,11.0,9.0,10.0,19.0,6.0,7.0,9.0,6.0,9.0,7.0,9.0,14.0,4.0,4.0,4.0,5.0,12.0,9.0,9.0,2.0,8.0,7.0,5.0,5.0,2.0,11.0,6.0,11.0,2.0,16.0,15.0,16.0,17.0,8.0,9.0,15.0,10.0,13.0,8.0,14.0,13.0,15.0,5.0,9.0,5.0,8.0,6.0,15.0,3.0,17.0,1.0,20.0,4.0,16.0,2.0,17.0,8.0,13.0,8.0,19.0,5.0,15.0,2.0,9.0,6.0,13.0,1.0,14.0,14.0,12.0,13.0,3.0,3.0,13.0,13.0,2.0,2.0,2.0,2.0,1.0,1.0,11.0,14.0,3.0,9.0,10.0,10.0,5.0,12.0,13.0,13.0,13.0,7.0,15.0,13.0,11.0,10.0,4.0,4.0,15.0,11.0,16.0,3.0,8.0,19.0,15.0,7.0,16.0,16.0,19.0,9.0,15.0,13.0,14.0,12.0,9.0,3.0,4.0,6.0,6.0,4.0,19.0,18.0,18.0,13.0,7.0,8.0,6.0,6.0,16.0,10.0,8.0,7.0,15.0,14.0,8.0,9.0,14.0,4.0,13.0,19.0,20.0,9.0,13.0,2.0,20.0,4.0,4.0,2.0,14.0,6.0,2.0,2.0,13.0,9.0,15.0,4.0,8.0,4.0,9.0,16.0,4.0,12.0,10.0,13.0,7.0,6.0,10.0,7.0
Newcastle,0-15,5,49.78,574,569,22,13,419,404,348,334,405,388,170,170,104,105,145,129,150,98,198,236,8,1,2,1,12,3,4,2,44,57,19,22,0,2,46,32,32,23,37,18,39,25,293,257,3,1,8,7,7,6,13,9,7,3,1,4,5,2,10,6,3,3,6,3,1,0,1,3,1,3,0,0,1,3,0,0,0,0,0,0,17,18,4,5,20,20,11,9,65,63,32,27,85,83,43,36,0,0,18,12,4,7,13,20,43,45,3,7,40,40,56,65,32,30,5,4,10,10,10,10,107,107,167.0,160.0,453.0,430.0,1064.0,1041.0,1216.74,666.96,6287.819075399352,6318.366142419185,8315.265,7022.505,1.0,2.0,0.0,1.0,32.0,26.0,11.0,3.0,19.0,32.0,13.0,9.0,82.67,100.0,38.6,42.86,66.67,71.88,33.33,27.78,45.0,42.86,43.37,83.05,25.0,43.18,87.5,33.33,69.57,7.69,23.53,55.0,49.23,50.59,8.0,10.0,9.0,3.0,13.0,9.0,10.0,9.0,10.0,8.0,10.0,9.0,7.0,9.0,7.0,6.0,11.0,7.0,16.0,12.0,3.0,11.0,20.0,5.0,12.0,9.0,20.0,3.0,10.0,13.0,2.0,9.0,5.0,18.0,4.0,12.0,19.0,16.0,18.0,2.0,16.0,7.0,16.0,7.0,11.0,8.0,18.0,6.0,10.0,3.0,5.0,4.0,13.0,1.0,8.0,17.0,8.0,1.0,13.0,2.0,10.0,9.0,9.0,1.0,6.0,2.0,9.0,4.0,2.0,4.0,2.0,3.0,3.0,4.0,2.0,2.0,2.0,2.0,2.0,1.0,1.0,3.0,2.0,11.0,7.0,18.0,18.0,14.0,17.0,3.0,3.0,5.0,11.0,7.0,8.0,6.0,17.0,4.0,4.0,3.0,13.0,16.0,12.0,20.0,8.0,3.0,2.0,18.0,7.0,12.0,11.0,8.0,3.0,3.0,6.0,7.0,11.0,7.0,6.0,6.0,7.0,5.0,5.0,6.0,7.0,10.0,11.0,9.0,11.0,4.0,15.0,9.0,9.0,3.0,11.0,8.0,3.0,14.0,6.0,10.0,14.0,2.0,18.0,16.0,5.0,4.0,13.0,10.0,1.0,16.0,13.0,1.0,17.0,2.0,13.0,12.0,17.0,18.0,9.0,7.0,10.0,2.0,5.0,19.0,11.0,15.0,9.0,8.0,6.0
Nottingham Forest,0-15,5,45.33,638,529,17,13,466,338,382,259,448,322,197,157,135,90,134,91,156,98,226,161,9,7,1,2,16,10,3,3,57,56,26,23,3,1,92,43,74,37,22,23,43,34,352,205,8,2,6,8,5,6,8,9,3,3,3,3,2,3,4,5,4,4,2,0,1,3,0,0,0,0,0,0,0,0,0,0,0,0,0,0,18,17,5,4,36,36,16,20,70,70,35,31,106,106,51,51,0,0,17,16,8,3,15,36,32,30,11,9,51,46,47,66,41,27,4,5,11,13,13,11,123,112,178.0,166.0,507.0,380.0,1319.0,796.0,514.08,609.735,6819.4011714039625,5080.491339825943,9933.84,6949.32,0.0,0.0,1.0,0.0,53.0,24.0,6.0,4.0,19.0,42.0,8.0,9.0,76.63,28.57,41.07,50.0,30.0,86.05,0.0,23.53,55.56,44.29,48.11,81.97,11.11,45.61,50.0,18.75,80.43,0.0,27.78,44.44,50.0,48.11,18.0,4.0,13.0,8.0,13.0,5.0,18.0,5.0,18.0,5.0,18.0,3.0,14.0,2.0,14.0,9.0,18.0,5.0,16.0,5.0,16.0,7.0,16.0,13.0,4.0,4.0,17.0,7.0,6.0,2.0,3.0,2.0,4.0,3.0,9.0,2.0,16.0,3.0,15.0,12.0,13.0,4.0,12.0,3.0,17.0,1.0,17.0,11.0,5.0,10.0,5.0,14.0,13.0,8.0,8.0,10.0,12.0,13.0,8.0,17.0,14.0,6.0,6.0,9.0,19.0,2.0,1.0,14.0,14.0,12.0,13.0,3.0,3.0,13.0,13.0,2.0,2.0,2.0,2.0,1.0,1.0,1.0,4.0,3.0,9.0,2.0,2.0,5.0,2.0,2.0,2.0,2.0,4.0,1.0,1.0,1.0,1.0,4.0,4.0,4.0,3.0,8.0,20.0,17.0,1.0,13.0,15.0,1.0,3.0,2.0,5.0,17.0,2.0,1.0,12.0,9.0,3.0,4.0,2.0,2.0,4.0,2.0,4.0,3.0,5.0,5.0,18.0,4.0,19.0,15.0,16.0,7.0,18.0,1.0,13.0,17.0,18.0,9.0,13.0,1.0,16.0,8.0,14.0,16.0,1.0,14.0,13.0,17.0,6.0,11.0,9.0,6.0,5.0,13.0,16.0,5.0,14.0,13.0,12.0,14.0,3.0,9.0,11.0,12.0,13.0,11.0,16.0,6.0,10.0
Sunderland,0-15,5,47.39,504,454,10,15,370,307,306,251,350,292,158,128,88,88,124,91,117,79,189,172,8,9,2,2,10,13,2,3,40,43,14,18,1,2,51,35,45,29,22,14,37,27,242,182,3,4,5,8,3,7,8,10,3,1,0,5,5,4,4,7,4,3,2,1,1,0,1,1,0,1,1,0,1,1,0,0,0,0,0,0,12,15,1,9,29,29,15,14,60,59,25,32,89,88,40,46,1,0,10,13,7,4,15,19,21,31,7,5,43,36,36,50,31,29,9,1,10,13,13,10,88,77,124.0,127.0,408.0,349.0,1055.0,901.0,727.755,827.295,5679.410179775756,5422.422108513126,5542.005,5985.0,1.0,1.0,2.0,4.0,20.0,17.0,4.0,4.0,20.0,15.0,8.0,10.0,81.76,22.22,41.86,16.67,23.08,82.86,10.0,60.0,48.28,54.24,52.27,82.7,25.0,35.0,100.0,20.0,88.24,12.5,8.33,51.72,41.67,44.94,14.0,17.0,19.0,20.0,11.0,12.0,19.0,11.0,19.0,13.0,19.0,15.0,20.0,12.0,16.0,13.0,18.0,11.0,19.0,14.0,13.0,11.0,7.0,5.0,4.0,16.0,6.0,11.0,6.0,16.0,14.0,20.0,15.0,8.0,4.0,10.0,17.0,9.0,17.0,12.0,20.0,9.0,15.0,11.0,19.0,8.0,6.0,13.0,5.0,14.0,3.0,14.0,8.0,8.0,17.0,20.0,3.0,1.0,3.0,17.0,8.0,6.0,9.0,9.0,16.0,2.0,9.0,4.0,4.0,12.0,4.0,1.0,3.0,4.0,4.0,2.0,2.0,2.0,2.0,1.0,1.0,13.0,6.0,19.0,1.0,7.0,7.0,9.0,10.0,7.0,8.0,12.0,2.0,6.0,6.0,11.0,5.0,1.0,4.0,14.0,11.0,10.0,17.0,17.0,11.0,20.0,13.0,9.0,13.0,7.0,18.0,20.0,13.0,5.0,9.0,1.0,19.0,7.0,2.0,2.0,7.0,15.0,20.0,19.0,20.0,14.0,19.0,11.0,16.0,10.0,8.0,13.0,14.0,20.0,19.0,8.0,9.0,2.0,2.0,19.0,19.0,18.0,14.0,13.0,19.0,14.0,8.0,12.0,8.0,8.0,18.0,9.0,10.0,5.0,1.0,9.0,3.0,4.0,11.0,7.0,18.0,1.0,10.0,3.0,4.0,20.0,12.0,17.0,18.0
Tottenham,0-15,5,55.91,537,681,14,25,356,494,302,445,342,471,145,165,86,116,125,213,94,222,208,223,6,12,2,2,12,18,5,3,47,33,21,19,1,3,41,83,36,71,12,37,32,38,217,358,5,7,8,6,5,3,11,11,3,3,6,4,2,4,6,6,5,5,2,3,1,0,1,0,1,0,0,0,1,0,0,0,0,0,0,0,16,28,4,7,17,17,10,7,79,86,34,41,96,103,44,48,0,0,20,21,6,6,25,17,41,38,5,6,51,47,66,55,23,38,7,4,13,10,10,13,95,102,144.0,153.0,389.0,540.0,892.0,1382.0,670.845,1260.105,5443.516359765003,7490.989312337823,6611.535,8228.535,2.0,1.0,1.0,1.0,27.0,45.0,5.0,5.0,30.0,15.0,11.0,11.0,90.08,16.67,57.58,42.86,16.67,85.54,0.0,25.0,41.18,47.67,46.6,84.83,33.33,44.68,33.33,41.67,87.8,9.09,25.0,58.82,43.04,45.83,4.0,13.0,2.0,14.0,3.0,15.0,2.0,12.0,2.0,15.0,2.0,17.0,10.0,13.0,3.0,12.0,2.0,16.0,2.0,9.0,6.0,17.0,2.0,5.0,4.0,9.0,2.0,1.0,6.0,9.0,19.0,6.0,12.0,8.0,2.0,17.0,3.0,13.0,3.0,20.0,2.0,12.0,7.0,15.0,2.0,4.0,1.0,6.0,12.0,10.0,15.0,6.0,6.0,8.0,8.0,2.0,8.0,13.0,3.0,11.0,10.0,3.0,2.0,9.0,6.0,2.0,9.0,4.0,14.0,4.0,13.0,3.0,3.0,4.0,13.0,2.0,2.0,2.0,2.0,1.0,1.0,4.0,1.0,11.0,2.0,20.0,20.0,17.0,20.0,1.0,1.0,3.0,1.0,2.0,2.0,4.0,2.0,4.0,4.0,1.0,1.0,13.0,14.0,3.0,14.0,6.0,5.0,16.0,10.0,2.0,4.0,2.0,11.0,17.0,2.0,2.0,11.0,1.0,6.0,6.0,1.0,9.0,7.0,14.0,9.0,16.0,2.0,15.0,2.0,12.0,2.0,14.0,2.0,17.0,6.0,4.0,9.0,9.0,6.0,14.0,3.0,12.0,13.0,8.0,19.0,6.0,7.0,2.0,13.0,2.0,13.0,14.0,7.0,13.0,14.0,18.0,12.0,16.0,6.0,5.0,6.0,14.0,2.0,4.0,8.0,13.0,3.0,15.0,14.0
Arsenal,16-30,5,57.77,397,543,7,34,296,409,238,366,279,393,124,167,78,82,94,160,129,190,109,176,4,8,0,3,5,12,0,4,44,27,21,17,0,3,74,120,58,103,26,36,28,61,204,327,1,3,5,9,1,7,5,10,3,3,2,3,0,4,2,8,3,2,0,2,3,1,1,2,0,1,1,1,1,2,0,0,0,0,0,0,5,12,1,3,19,19,9,10,43,44,19,23,62,63,28,33,1,0,8,7,6,3,17,15,23,27,5,3,35,23,40,42,18,20,3,1,13,9,9,13,71,70,101.0,116.0,315.0,472.0,780.0,1319.0,764.4000000000001,1619.94,4307.745423599851,7088.549649936951,4143.3,5916.54,1.0,3.0,0.0,3.0,20.0,24.0,1.0,3.0,15.0,19.0,5.0,11.0,89.49,37.5,62.96,50.0,33.33,85.83,20.0,25.0,52.63,52.27,52.38,80.41,0.0,47.73,60.0,0.0,78.38,20.0,20.0,47.37,44.19,45.16,3.0,19.0,6.0,20.0,1.0,16.0,7.0,17.0,6.0,16.0,7.0,17.0,7.0,11.0,9.0,17.0,2.0,11.0,4.0,18.0,8.0,19.0,9.0,17.0,6.0,20.0,13.0,18.0,6.0,4.0,17.0,4.0,9.0,19.0,4.0,6.0,1.0,7.0,1.0,9.0,3.0,19.0,3.0,16.0,4.0,19.0,11.0,15.0,5.0,18.0,5.0,19.0,10.0,10.0,10.0,15.0,12.0,18.0,5.0,19.0,8.0,11.0,14.0,18.0,9.0,1.0,6.0,7.0,4.0,9.0,5.0,1.0,1.0,7.0,4.0,1.0,1.0,1.0,1.0,1.0,1.0,19.0,12.0,20.0,16.0,11.0,11.0,14.0,10.0,18.0,18.0,18.0,15.0,18.0,19.0,18.0,15.0,1.0,2.0,13.0,17.0,9.0,17.0,12.0,13.0,15.0,11.0,11.0,18.0,14.0,19.0,17.0,12.0,17.0,14.0,16.0,20.0,1.0,6.0,6.0,1.0,14.0,16.0,20.0,16.0,16.0,3.0,16.0,3.0,18.0,1.0,16.0,3.0,20.0,11.0,10.0,4.0,14.0,2.0,19.0,14.0,20.0,18.0,18.0,14.0,19.0,9.0,4.0,4.0,4.0,6.0,5.0,8.0,4.0,20.0,7.0,5.0,4.0,18.0,17.0,13.0,4.0,18.0,16.0,4.0,20.0,14.0,16.0,16.0
Aston Villa,16-30,5,47.81,440,403,14,12,319,272,278,232,302,253,138,111,73,69,108,92,124,131,154,101,7,7,1,0,12,11,3,0,33,19,18,9,4,1,69,72,59,61,24,23,32,28,215,201,4,4,7,6,5,1,10,7,6,1,4,6,0,0,6,3,4,4,5,1,1,0,3,0,3,0,0,0,3,0,0,0,0,0,0,0,6,13,3,7,15,15,11,4,51,53,24,27,66,68,35,31,0,0,12,11,7,4,16,17,21,11,7,4,42,31,37,28,25,15,7,3,9,9,9,9,60,59,106.0,107.0,340.0,316.0,890.0,982.0,1217.685,905.6250000000001,5029.488993017716,4407.956700558683,5198.235,5105.415,0.0,1.0,1.0,1.0,33.0,23.0,8.0,5.0,21.0,14.0,10.0,8.0,85.29,0.0,47.37,14.29,0.0,84.72,0.0,53.85,26.67,50.94,45.59,87.15,14.29,54.55,60.0,25.0,85.51,30.0,50.0,73.33,47.06,53.03,11.0,16.0,16.0,15.0,18.0,14.0,16.0,14.0,14.0,14.0,16.0,12.0,18.0,15.0,16.0,13.0,14.0,14.0,11.0,14.0,17.0,13.0,14.0,12.0,15.0,12.0,16.0,10.0,16.0,13.0,20.0,8.0,20.0,1.0,11.0,9.0,11.0,6.0,10.0,13.0,13.0,15.0,14.0,13.0,13.0,8.0,7.0,11.0,14.0,8.0,18.0,11.0,16.0,2.0,16.0,8.0,3.0,18.0,20.0,10.0,17.0,7.0,8.0,2.0,12.0,7.0,14.0,1.0,9.0,1.0,9.0,3.0,3.0,1.0,9.0,1.0,1.0,1.0,1.0,1.0,1.0,18.0,10.0,16.0,7.0,16.0,16.0,8.0,20.0,13.0,10.0,13.0,7.0,16.0,15.0,11.0,17.0,2.0,2.0,7.0,8.0,7.0,15.0,14.0,10.0,19.0,20.0,4.0,14.0,5.0,17.0,20.0,20.0,6.0,18.0,7.0,16.0,9.0,6.0,6.0,9.0,19.0,20.0,18.0,20.0,14.0,14.0,12.0,10.0,3.0,13.0,12.0,14.0,17.0,20.0,18.0,9.0,8.0,6.0,6.0,15.0,7.0,14.0,11.0,20.0,11.0,14.0,12.0,15.0,10.0,17.0,16.0,10.0,9.0,6.0,20.0,6.0,14.0,5.0,14.0,7.0,4.0,8.0,8.0,1.0,11.0,1.0,14.0,5.0
Bournemouth,16-30,5,48.91,445,426,16,16,301,275,251,224,287,258,116,137,72,73,113,65,131,128,120,96,6,14,0,4,11,18,0,5,40,43,18,20,3,0,61,62,53,56,23,35,30,45,209,198,4,2,4,7,1,5,6,10,3,4,2,2,1,4,1,5,5,5,1,3,2,1,0,1,0,1,0,0,0,1,0,0,0,0,0,0,19,6,4,2,23,23,12,11,53,48,18,29,76,71,30,40,0,0,7,15,5,6,17,15,25,26,6,8,32,40,42,41,23,22,2,4,12,7,7,12,84,76,129.0,119.0,339.0,306.0,850.0,911.0,846.615,1166.76,4790.081489823587,4681.659009208294,6406.995,5610.36,3.0,0.0,2.0,4.0,31.0,26.0,3.0,5.0,24.0,20.0,6.0,10.0,81.45,28.57,46.51,66.67,27.78,90.32,10.0,33.33,47.83,60.42,56.34,83.39,0.0,45.0,60.0,0.0,86.89,0.0,21.05,52.17,33.96,39.47,10.0,15.0,15.0,13.0,12.0,15.0,15.0,15.0,15.0,15.0,15.0,19.0,11.0,16.0,12.0,11.0,19.0,10.0,12.0,17.0,19.0,15.0,3.0,17.0,3.0,16.0,3.0,18.0,4.0,7.0,6.0,8.0,5.0,4.0,18.0,14.0,12.0,12.0,12.0,14.0,4.0,16.0,6.0,14.0,14.0,8.0,18.0,17.0,9.0,18.0,8.0,17.0,10.0,10.0,5.0,15.0,16.0,16.0,5.0,20.0,10.0,6.0,6.0,15.0,4.0,3.0,6.0,10.0,6.0,9.0,5.0,3.0,3.0,10.0,6.0,1.0,1.0,1.0,1.0,1.0,1.0,2.0,18.0,13.0,18.0,8.0,8.0,6.0,9.0,11.0,15.0,19.0,3.0,11.0,13.0,16.0,3.0,2.0,2.0,15.0,2.0,15.0,10.0,12.0,13.0,11.0,14.0,6.0,4.0,16.0,8.0,11.0,13.0,8.0,10.0,18.0,13.0,2.0,16.0,16.0,2.0,3.0,10.0,9.0,14.0,15.0,16.0,15.0,11.0,14.0,5.0,14.0,12.0,12.0,15.0,2.0,15.0,2.0,1.0,10.0,13.0,17.0,14.0,5.0,10.0,17.0,12.0,16.0,7.0,11.0,3.0,9.0,1.0,6.0,16.0,13.0,1.0,2.0,15.0,17.0,14.0,4.0,18.0,5.0,10.0,19.0,8.0,20.0,19.0
Brentford,16-30,5,43.97,502,394,13,14,366,255,313,208,347,235,150,122,103,49,113,84,189,98,124,110,13,8,2,2,16,14,2,3,47,36,27,15,1,1,98,55,86,42,39,21,54,36,284,168,2,3,2,1,1,1,6,3,1,0,2,1,3,2,3,3,3,0,0,0,1,0,0,0,0,0,0,0,0,0,0,0,0,0,0,0,9,11,4,3,29,29,16,13,54,55,32,20,83,84,48,33,0,0,13,8,7,9,23,17,23,18,6,3,38,39,46,35,23,30,3,4,9,15,15,9,72,79,118.0,127.0,374.0,295.0,1014.0,648.0,809.3399999999999,1017.765,5008.59568378491,3715.1549244632283,5491.08,6330.764999999999,2.0,0.0,0.0,0.0,26.0,32.0,3.0,3.0,20.0,23.0,6.0,3.0,81.57,25.0,41.67,0.0,21.43,76.36,0.0,27.27,44.83,36.36,39.29,85.52,15.38,57.45,33.33,12.5,87.76,0.0,44.44,55.17,59.26,57.83,17.0,9.0,18.0,17.0,16.0,8.0,18.0,8.0,17.0,8.0,18.0,9.0,16.0,4.0,19.0,11.0,17.0,4.0,16.0,16.0,16.0,2.0,9.0,10.0,9.0,4.0,8.0,13.0,11.0,1.0,9.0,1.0,12.0,14.0,11.0,4.0,14.0,4.0,15.0,3.0,15.0,2.0,11.0,7.0,18.0,17.0,11.0,20.0,20.0,18.0,18.0,17.0,20.0,18.0,19.0,15.0,20.0,9.0,12.0,18.0,17.0,11.0,20.0,18.0,18.0,7.0,14.0,10.0,9.0,9.0,9.0,3.0,3.0,10.0,9.0,1.0,1.0,1.0,1.0,1.0,1.0,15.0,14.0,13.0,16.0,3.0,3.0,2.0,6.0,10.0,7.0,2.0,17.0,1.0,1.0,1.0,15.0,2.0,2.0,4.0,16.0,7.0,4.0,5.0,10.0,15.0,18.0,6.0,18.0,10.0,11.0,6.0,19.0,8.0,3.0,16.0,13.0,9.0,1.0,1.0,9.0,13.0,6.0,14.0,7.0,10.0,17.0,9.0,17.0,15.0,8.0,13.0,18.0,14.0,8.0,6.0,15.0,14.0,14.0,14.0,8.0,17.0,18.0,12.0,7.0,17.0,20.0,15.0,10.0,16.0,19.0,11.0,17.0,9.0,19.0,14.0,20.0,20.0,10.0,13.0,4.0,13.0,15.0,4.0,10.0,14.0,7.0,1.0,1.0
Brighton,16-30,5,61.14,396,623,26,18,265,496,210,444,247,476,112,198,66,118,87,180,103,177,107,267,6,9,4,3,8,12,5,4,37,53,15,35,1,2,66,74,49,60,19,32,24,45,194,350,2,3,7,9,6,8,11,12,2,7,7,3,2,2,10,9,1,3,2,6,0,1,0,4,0,3,0,1,0,4,0,0,0,0,0,0,16,10,9,4,20,20,10,10,57,59,31,25,77,79,41,35,0,0,9,12,6,2,13,15,25,29,5,10,33,46,38,44,19,31,4,9,9,13,13,9,75,72,123.0,126.0,290.0,516.0,705.0,1360.0,618.03,1043.385,3825.267820523667,7508.905642295861,5955.285,5952.555,1.0,5.0,2.0,2.0,31.0,28.0,8.0,6.0,26.0,20.0,11.0,12.0,89.52,33.33,66.04,70.0,33.33,81.08,33.33,40.0,50.0,42.37,44.3,79.25,66.67,40.54,22.22,62.5,74.24,0.0,56.25,50.0,54.39,53.25,1.0,20.0,3.0,5.0,8.0,20.0,2.0,20.0,2.0,20.0,2.0,20.0,2.0,18.0,3.0,18.0,1.0,17.0,6.0,19.0,1.0,15.0,8.0,2.0,6.0,18.0,13.0,4.0,6.0,9.0,1.0,16.0,1.0,14.0,9.0,11.0,10.0,13.0,11.0,18.0,7.0,20.0,6.0,18.0,2.0,17.0,11.0,11.0,5.0,7.0,3.0,10.0,6.0,13.0,1.0,2.0,12.0,11.0,12.0,4.0,5.0,19.0,9.0,7.0,1.0,14.0,6.0,10.0,1.0,9.0,1.0,3.0,1.0,10.0,1.0,1.0,1.0,1.0,1.0,1.0,1.0,5.0,15.0,2.0,14.0,10.0,10.0,11.0,10.0,5.0,5.0,3.0,11.0,10.0,8.0,4.0,11.0,2.0,2.0,11.0,6.0,9.0,19.0,15.0,13.0,11.0,5.0,11.0,1.0,15.0,3.0,19.0,10.0,16.0,2.0,14.0,2.0,9.0,2.0,2.0,9.0,10.0,14.0,12.0,9.0,20.0,2.0,19.0,1.0,20.0,7.0,20.0,2.0,13.0,10.0,10.0,1.0,2.0,3.0,10.0,12.0,7.0,12.0,4.0,10.0,10.0,6.0,3.0,5.0,3.0,2.0,5.0,13.0,1.0,13.0,9.0,18.0,15.0,20.0,1.0,17.0,16.0,1.0,19.0,10.0,5.0,10.0,3.0,4.0
Chelsea,16-30,5,45.78,584,493,29,22,439,335,381,282,424,323,179,119,111,81,149,135,195,154,186,128,12,4,6,2,17,5,7,3,47,31,25,13,2,1,105,80,87,68,43,24,54,31,345,267,6,3,13,7,11,5,15,8,6,4,1,3,8,1,12,5,3,3,4,1,2,3,3,0,2,0,1,0,3,0,0,0,0,0,0,0,9,14,2,10,23,23,11,12,56,55,27,28,79,78,38,40,0,0,18,11,6,13,11,22,32,33,4,7,45,40,43,55,31,22,10,2,7,7,7,7,82,82,138.0,119.0,450.0,338.0,1130.0,850.0,1050.21,708.75,6534.2189850144105,4490.21497538067,7394.205,5366.13,4.0,2.0,1.0,0.0,41.0,22.0,7.0,4.0,20.0,25.0,15.0,8.0,84.18,50.0,41.94,57.14,60.0,85.0,0.0,71.43,52.17,50.91,51.28,86.79,50.0,53.19,85.71,41.18,82.86,20.0,22.22,47.83,48.21,48.1,13.0,2.0,10.0,1.0,5.0,3.0,11.0,4.0,12.0,3.0,10.0,3.0,17.0,2.0,11.0,2.0,7.0,3.0,9.0,5.0,13.0,3.0,19.0,1.0,9.0,2.0,20.0,1.0,11.0,1.0,16.0,3.0,17.0,7.0,11.0,2.0,6.0,3.0,7.0,2.0,11.0,2.0,12.0,2.0,9.0,1.0,11.0,3.0,9.0,1.0,8.0,4.0,14.0,2.0,5.0,19.0,12.0,1.0,17.0,2.0,10.0,11.0,9.0,3.0,12.0,3.0,1.0,1.0,9.0,2.0,9.0,1.0,3.0,1.0,9.0,1.0,1.0,1.0,1.0,1.0,1.0,15.0,7.0,19.0,2.0,8.0,8.0,8.0,7.0,8.0,7.0,8.0,5.0,8.0,9.0,8.0,3.0,2.0,2.0,1.0,8.0,9.0,1.0,17.0,6.0,2.0,3.0,17.0,6.0,3.0,8.0,10.0,4.0,1.0,10.0,2.0,19.0,17.0,16.0,16.0,17.0,5.0,3.0,6.0,14.0,4.0,12.0,4.0,13.0,8.0,17.0,4.0,13.0,1.0,18.0,1.0,6.0,8.0,14.0,2.0,17.0,10.0,16.0,12.0,5.0,3.0,14.0,13.0,3.0,15.0,5.0,2.0,9.0,9.0,1.0,8.0,7.0,7.0,6.0,3.0,8.0,2.0,3.0,12.0,4.0,18.0,13.0,10.0,12.0
Coventry,16-30,5,42.7,534,398,26,20,383,268,326,199,363,251,160,124,74,70,149,74,137,99,189,100,6,15,1,5,12,17,2,6,41,46,21,16,2,0,74,61,56,45,20,24,40,27,283,189,6,1,10,9,5,7,12,12,4,4,4,6,4,2,8,10,4,2,3,4,1,0,2,0,2,0,0,0,2,0,0,0,0,0,0,0,11,9,6,4,36,36,17,19,47,46,25,20,83,82,42,39,0,1,6,5,5,6,31,25,30,20,5,4,30,34,61,45,22,20,4,6,10,13,13,10,79,82,143.0,130.0,453.0,286.0,1164.0,584.0,1387.5750000000003,950.985,6274.330158337009,3460.044293503235,7073.85,6383.16,3.0,1.0,2.0,1.0,29.0,37.0,9.0,10.0,28.0,21.0,13.0,12.0,74.25,33.33,34.78,40.0,35.29,73.77,0.0,44.44,52.78,43.48,47.56,85.12,16.67,51.22,50.0,16.67,75.68,16.67,54.55,47.22,53.19,50.6,19.0,7.0,17.0,5.0,6.0,7.0,17.0,7.0,18.0,7.0,17.0,8.0,15.0,13.0,15.0,2.0,18.0,8.0,15.0,4.0,18.0,15.0,2.0,12.0,2.0,12.0,4.0,13.0,3.0,6.0,4.0,4.0,11.0,7.0,18.0,6.0,13.0,11.0,13.0,16.0,11.0,7.0,15.0,8.0,17.0,1.0,19.0,4.0,5.0,8.0,5.0,8.0,6.0,4.0,5.0,8.0,3.0,7.0,12.0,7.0,3.0,7.0,14.0,4.0,3.0,7.0,14.0,3.0,9.0,2.0,9.0,3.0,3.0,3.0,9.0,1.0,1.0,1.0,1.0,1.0,1.0,11.0,17.0,9.0,14.0,1.0,1.0,1.0,1.0,16.0,17.0,10.0,17.0,1.0,3.0,3.0,6.0,2.0,1.0,18.0,19.0,15.0,10.0,1.0,3.0,5.0,17.0,11.0,14.0,19.0,14.0,1.0,8.0,12.0,14.0,14.0,9.0,7.0,2.0,2.0,7.0,9.0,3.0,2.0,5.0,3.0,18.0,3.0,19.0,2.0,12.0,5.0,19.0,4.0,6.0,2.0,9.0,2.0,6.0,12.0,4.0,4.0,3.0,2.0,9.0,7.0,6.0,19.0,5.0,19.0,11.0,4.0,18.0,9.0,9.0,6.0,17.0,10.0,12.0,11.0,10.0,8.0,13.0,18.0,6.0,8.0,15.0,5.0,10.0
Crystal Palace,16-30,5,45.19,570,470,27,12,397,334,349,287,382,320,163,150,99,72,135,112,175,87,174,200,7,7,4,0,12,12,5,0,30,25,17,14,2,3,71,45,58,36,28,17,40,38,301,191,4,4,14,7,11,5,16,10,2,6,7,2,7,2,13,4,3,6,2,3,0,3,2,0,2,0,0,0,2,0,0,0,0,0,0,0,18,6,10,2,15,15,9,6,57,55,29,25,72,70,38,31,0,0,8,14,10,10,11,15,29,35,8,8,37,53,40,50,22,28,2,10,9,11,11,9,82,75,139.0,123.0,437.0,349.0,1117.0,739.0,1028.79,1204.35,6850.477039828881,4760.237076880402,7372.47,5480.685,1.0,1.0,1.0,0.0,35.0,20.0,11.0,6.0,15.0,23.0,15.0,10.0,85.93,0.0,56.0,75.0,0.0,80.0,0.0,33.33,40.0,45.45,44.29,87.91,57.14,56.67,22.22,41.67,81.69,12.5,55.56,60.0,50.88,52.78,15.0,4.0,13.0,4.0,18.0,6.0,12.0,5.0,10.0,6.0,12.0,6.0,10.0,6.0,13.0,6.0,12.0,7.0,17.0,7.0,5.0,13.0,14.0,2.0,15.0,12.0,13.0,4.0,16.0,17.0,18.0,11.0,15.0,7.0,4.0,8.0,16.0,7.0,16.0,7.0,17.0,7.0,10.0,5.0,16.0,8.0,7.0,2.0,9.0,1.0,8.0,2.0,10.0,13.0,3.0,2.0,16.0,3.0,12.0,1.0,15.0,11.0,4.0,7.0,4.0,14.0,1.0,3.0,9.0,2.0,9.0,3.0,3.0,3.0,9.0,1.0,1.0,1.0,1.0,1.0,1.0,3.0,18.0,1.0,18.0,16.0,16.0,14.0,18.0,5.0,7.0,6.0,11.0,14.0,14.0,8.0,17.0,2.0,2.0,13.0,3.0,2.0,2.0,17.0,13.0,6.0,2.0,3.0,4.0,11.0,1.0,17.0,6.0,12.0,4.0,18.0,1.0,9.0,5.0,5.0,9.0,5.0,12.0,5.0,10.0,5.0,11.0,6.0,15.0,10.0,4.0,2.0,11.0,2.0,16.0,10.0,9.0,8.0,14.0,4.0,18.0,3.0,12.0,18.0,7.0,3.0,12.0,11.0,15.0,7.0,1.0,16.0,14.0,9.0,16.0,17.0,13.0,16.0,4.0,2.0,5.0,16.0,2.0,14.0,8.0,7.0,3.0,9.0,7.0
Everton,16-30,5,46.18,563,483,17,16,419,342,385,285,408,322,170,136,87,83,162,123,178,139,207,146,3,10,0,0,8,13,0,0,21,35,11,12,4,1,55,79,45,68,28,18,39,27,309,241,5,3,8,7,4,3,12,10,4,3,4,4,4,3,5,4,7,6,2,1,2,2,0,0,0,0,0,0,0,0,0,0,0,0,0,0,11,13,7,6,15,15,9,6,47,50,18,28,62,65,27,34,0,0,7,11,6,6,20,13,26,28,10,5,40,33,46,41,29,15,6,7,11,4,4,11,66,79,109.0,123.0,403.0,379.0,1056.0,890.0,1193.01,690.585,5692.022443251744,4893.790519545841,5367.18,5689.32,3.0,1.0,3.0,1.0,23.0,23.0,6.0,8.0,16.0,26.0,12.0,11.0,83.33,0.0,34.29,42.86,0.0,86.08,0.0,46.15,40.0,56.0,52.31,91.89,0.0,52.38,50.0,0.0,81.82,0.0,63.64,60.0,38.3,43.55,12.0,5.0,11.0,11.0,12.0,4.0,10.0,3.0,11.0,4.0,11.0,5.0,12.0,8.0,8.0,1.0,11.0,6.0,10.0,1.0,11.0,20.0,6.0,17.0,15.0,18.0,9.0,18.0,16.0,20.0,10.0,20.0,19.0,1.0,11.0,16.0,8.0,16.0,7.0,7.0,16.0,9.0,15.0,4.0,10.0,5.0,11.0,8.0,9.0,12.0,15.0,8.0,10.0,4.0,10.0,8.0,11.0,7.0,7.0,12.0,15.0,4.0,4.0,7.0,12.0,3.0,4.0,10.0,9.0,9.0,9.0,3.0,3.0,10.0,9.0,1.0,1.0,1.0,1.0,1.0,1.0,11.0,10.0,8.0,10.0,16.0,16.0,14.0,18.0,16.0,12.0,19.0,5.0,18.0,18.0,19.0,14.0,2.0,2.0,15.0,8.0,9.0,10.0,8.0,17.0,10.0,8.0,2.0,11.0,8.0,16.0,6.0,13.0,3.0,18.0,10.0,8.0,4.0,20.0,20.0,4.0,17.0,6.0,16.0,10.0,8.0,10.0,7.0,12.0,4.0,18.0,7.0,10.0,15.0,12.0,2.0,9.0,1.0,6.0,16.0,15.0,14.0,9.0,16.0,2.0,9.0,9.0,14.0,15.0,20.0,10.0,16.0,7.0,9.0,8.0,17.0,3.0,5.0,1.0,17.0,9.0,8.0,18.0,13.0,10.0,1.0,3.0,18.0,17.0
Fulham,16-30,5,52.7,561,625,29,33,411,456,348,397,399,438,172,181,102,122,137,153,182,157,166,240,11,5,4,3,15,9,6,7,43,39,27,15,2,5,104,77,92,65,34,32,53,45,295,284,3,5,16,19,10,14,18,20,4,4,8,7,6,9,9,15,9,5,2,2,2,2,0,1,0,1,0,0,0,1,0,0,0,0,0,0,10,17,6,7,14,14,7,7,52,52,28,24,66,66,35,31,0,0,14,11,13,9,12,24,36,36,6,7,46,41,48,60,26,25,7,6,6,8,8,6,84,87,141.0,144.0,421.0,472.0,1035.0,1194.0,1050.525,730.905,6045.328304733755,7074.422666166601,7230.825,6796.335,1.0,5.0,0.0,1.0,46.0,31.0,15.0,12.0,18.0,26.0,18.0,20.0,87.06,60.0,38.46,36.36,77.78,84.42,5.0,41.18,50.0,46.15,46.97,84.67,36.36,62.79,33.33,40.0,88.46,0.0,60.0,50.0,53.85,53.03,8.0,6.0,2.0,1.0,2.0,5.0,3.0,6.0,3.0,5.0,3.0,4.0,4.0,5.0,2.0,5.0,6.0,5.0,8.0,10.0,2.0,7.0,18.0,2.0,6.0,7.0,17.0,2.0,1.0,5.0,7.0,1.0,12.0,7.0,1.0,3.0,9.0,2.0,9.0,5.0,7.0,4.0,6.0,6.0,8.0,12.0,3.0,1.0,1.0,3.0,1.0,1.0,1.0,4.0,5.0,1.0,2.0,5.0,2.0,6.0,1.0,1.0,6.0,7.0,9.0,3.0,4.0,10.0,6.0,9.0,5.0,3.0,3.0,10.0,6.0,1.0,1.0,1.0,1.0,1.0,1.0,14.0,3.0,9.0,7.0,19.0,19.0,19.0,15.0,12.0,11.0,7.0,14.0,16.0,17.0,11.0,17.0,2.0,2.0,3.0,8.0,1.0,4.0,16.0,4.0,1.0,1.0,6.0,6.0,1.0,5.0,5.0,1.0,5.0,7.0,7.0,9.0,18.0,13.0,13.0,18.0,3.0,1.0,3.0,2.0,6.0,3.0,8.0,5.0,7.0,16.0,6.0,4.0,3.0,5.0,10.0,1.0,14.0,6.0,1.0,10.0,1.0,2.0,14.0,2.0,1.0,1.0,9.0,2.0,17.0,13.0,1.0,11.0,8.0,12.0,9.0,12.0,12.0,13.0,5.0,2.0,13.0,4.0,3.0,10.0,2.0,10.0,4.0,5.0
Hull,16-30,5,36.81,594,346,21,15,449,214,388,152,435,194,190,107,110,48,149,59,220,64,168,88,17,10,3,2,21,15,4,3,32,49,16,18,2,0,114,36,95,19,37,22,49,14,364,147,5,5,6,4,4,2,10,7,2,3,6,3,2,1,6,5,4,2,2,3,0,0,0,2,0,2,0,0,0,2,0,0,0,0,0,0,17,3,9,1,27,27,12,15,42,41,20,20,69,68,32,35,0,0,4,9,4,7,21,22,20,17,6,9,25,41,41,39,15,26,1,9,10,7,7,10,80,80,137.0,127.0,479.0,240.0,1170.0,500.0,1442.595,746.34,6740.526138491875,2903.4901521153406,6847.155,6333.18,0.0,0.0,0.0,0.0,32.0,36.0,7.0,7.0,23.0,26.0,10.0,7.0,71.03,20.0,36.73,50.0,20.0,52.78,28.57,33.33,55.56,48.78,51.47,86.41,17.65,50.0,25.0,19.05,83.33,0.0,52.94,44.44,47.62,46.38,20.0,1.0,20.0,7.0,14.0,1.0,20.0,2.0,20.0,1.0,20.0,2.0,19.0,3.0,20.0,2.0,20.0,1.0,20.0,9.0,20.0,1.0,6.0,6.0,9.0,1.0,6.0,7.0,11.0,15.0,2.0,13.0,8.0,7.0,18.0,1.0,20.0,1.0,20.0,4.0,14.0,5.0,20.0,1.0,19.0,5.0,3.0,14.0,17.0,12.0,17.0,11.0,16.0,13.0,10.0,6.0,12.0,11.0,17.0,10.0,10.0,7.0,14.0,7.0,4.0,14.0,14.0,10.0,4.0,9.0,4.0,3.0,3.0,10.0,4.0,1.0,1.0,1.0,1.0,1.0,1.0,4.0,20.0,2.0,20.0,5.0,5.0,6.0,3.0,19.0,19.0,16.0,17.0,15.0,15.0,15.0,11.0,2.0,2.0,20.0,14.0,18.0,9.0,7.0,6.0,20.0,19.0,6.0,3.0,20.0,5.0,13.0,17.0,19.0,5.0,20.0,2.0,7.0,16.0,16.0,7.0,8.0,5.0,7.0,7.0,1.0,20.0,1.0,20.0,1.0,15.0,3.0,20.0,6.0,7.0,18.0,15.0,14.0,14.0,8.0,5.0,10.0,10.0,8.0,2.0,11.0,17.0,20.0,13.0,18.0,6.0,12.0,20.0,2.0,16.0,4.0,9.0,6.0,8.0,10.0,11.0,15.0,11.0,10.0,10.0,10.0,17.0,11.0,14.0
Ipswich,16-30,5,45.15,577,475,14,20,444,312,403,273,433,293,194,130,116,72,134,110,207,114,196,159,10,8,2,6,15,13,3,7,35,22,21,13,4,3,91,40,82,31,46,13,58,25,341,204,5,5,9,13,5,12,13,15,4,7,4,5,5,3,4,13,9,2,1,6,3,1,0,3,0,3,0,0,0,3,0,0,0,0,0,0,15,16,8,11,14,14,4,10,60,61,22,36,74,75,26,46,0,0,6,14,8,8,10,20,32,23,3,6,39,44,42,43,25,22,11,8,11,8,8,11,73,61,122.0,112.0,473.0,307.0,1129.0,754.0,1192.38,1086.96,6947.064423077162,4335.3855793932225,6428.52,5152.14,2.0,1.0,0.0,1.0,32.0,19.0,9.0,9.0,17.0,20.0,14.0,15.0,87.5,75.0,59.09,58.33,53.85,77.5,20.0,68.75,71.43,59.02,61.33,90.77,20.0,60.0,50.0,20.0,90.11,0.0,53.33,28.57,36.67,35.14,16.0,3.0,12.0,15.0,6.0,2.0,13.0,1.0,13.0,2.0,13.0,1.0,14.0,1.0,13.0,7.0,13.0,2.0,14.0,2.0,10.0,8.0,9.0,10.0,1.0,7.0,9.0,10.0,1.0,11.0,19.0,4.0,17.0,1.0,4.0,5.0,17.0,5.0,17.0,1.0,20.0,1.0,18.0,3.0,12.0,5.0,3.0,7.0,2.0,8.0,2.0,6.0,3.0,4.0,1.0,8.0,7.0,6.0,7.0,13.0,2.0,1.0,14.0,15.0,1.0,1.0,6.0,10.0,2.0,9.0,1.0,3.0,3.0,10.0,2.0,1.0,1.0,1.0,1.0,1.0,1.0,8.0,4.0,6.0,1.0,19.0,19.0,20.0,10.0,3.0,4.0,14.0,1.0,12.0,11.0,20.0,1.0,2.0,2.0,18.0,3.0,3.0,8.0,19.0,9.0,2.0,16.0,19.0,9.0,9.0,4.0,11.0,11.0,6.0,10.0,1.0,6.0,4.0,13.0,13.0,4.0,11.0,19.0,13.0,18.0,2.0,15.0,5.0,14.0,5.0,6.0,1.0,15.0,11.0,19.0,6.0,9.0,14.0,6.0,8.0,19.0,4.0,6.0,15.0,10.0,5.0,3.0,8.0,1.0,5.0,4.0,3.0,16.0,4.0,3.0,1.0,2.0,1.0,2.0,9.0,3.0,8.0,10.0,1.0,10.0,9.0,20.0,19.0,20.0
Leeds,16-30,5,45.77,519,438,13,17,364,287,298,222,347,271,149,134,86,67,129,86,112,81,186,141,6,7,1,2,11,13,1,4,45,34,16,15,2,2,52,39,40,21,16,25,34,27,237,198,3,5,4,6,4,5,8,12,4,1,2,5,2,6,4,10,4,2,3,1,1,0,0,0,0,0,0,0,0,0,0,0,0,0,0,0,11,12,3,5,32,32,13,19,50,48,21,26,82,80,34,45,0,0,9,10,4,9,29,21,27,29,7,10,36,41,56,50,27,25,5,3,11,9,9,11,92,87,144.0,152.0,409.0,320.0,906.0,687.0,769.335,587.37,5457.151712821712,3986.901336945308,7025.865,8177.82,1.0,0.0,1.0,0.0,27.0,42.0,5.0,10.0,27.0,18.0,8.0,12.0,77.35,28.57,44.12,16.67,30.77,53.85,0.0,41.67,59.38,54.17,56.25,81.87,16.67,35.56,66.67,9.09,76.92,0.0,27.27,40.62,42.0,41.46,14.0,8.0,14.0,17.0,9.0,9.0,14.0,9.0,16.0,8.0,14.0,10.0,13.0,9.0,17.0,9.0,16.0,16.0,18.0,5.0,12.0,15.0,14.0,12.0,9.0,16.0,9.0,16.0,6.0,3.0,11.0,13.0,12.0,7.0,9.0,18.0,18.0,19.0,19.0,20.0,10.0,13.0,15.0,10.0,14.0,12.0,3.0,17.0,14.0,12.0,8.0,15.0,6.0,4.0,16.0,15.0,7.0,11.0,3.0,13.0,3.0,7.0,14.0,4.0,12.0,7.0,14.0,10.0,9.0,9.0,9.0,3.0,3.0,10.0,9.0,1.0,1.0,1.0,1.0,1.0,1.0,11.0,12.0,16.0,12.0,2.0,2.0,3.0,1.0,14.0,15.0,15.0,10.0,4.0,6.0,13.0,2.0,2.0,2.0,11.0,12.0,18.0,4.0,3.0,8.0,7.0,5.0,4.0,1.0,13.0,5.0,3.0,6.0,4.0,7.0,12.0,16.0,4.0,6.0,6.0,4.0,1.0,1.0,1.0,1.0,7.0,13.0,11.0,16.0,17.0,20.0,9.0,16.0,5.0,1.0,10.0,15.0,8.0,14.0,13.0,2.0,15.0,3.0,3.0,17.0,15.0,6.0,18.0,7.0,13.0,16.0,7.0,19.0,9.0,11.0,3.0,4.0,3.0,16.0,11.0,20.0,3.0,16.0,17.0,10.0,17.0,18.0,17.0,18.0
Liverpool,16-30,5,55.69,456,573,18,17,270,411,218,360,249,404,129,184,66,100,75,127,85,240,133,120,8,11,4,1,15,16,6,3,38,32,16,17,3,1,44,118,39,103,18,51,29,70,148,340,6,4,10,13,7,7,13,15,3,5,3,5,7,5,10,3,3,12,2,2,1,3,1,0,1,0,0,0,1,0,0,0,0,0,0,0,16,19,6,8,18,18,10,8,60,62,31,27,78,80,41,35,0,0,13,16,3,10,30,16,27,25,5,4,32,48,57,41,11,32,8,6,3,12,12,3,87,78,141.0,129.0,305.0,453.0,652.0,1228.0,780.5699999999999,1399.125,4064.973668898858,7016.147443289394,6487.32,7340.025,1.0,2.0,2.0,1.0,25.0,48.0,8.0,10.0,32.0,17.0,13.0,15.0,87.59,9.09,53.12,50.0,18.75,87.29,0.0,42.11,44.44,43.55,43.75,80.74,50.0,42.11,50.0,40.0,88.64,7.69,37.5,55.56,51.67,52.56,5.0,14.0,5.0,9.0,9.0,19.0,6.0,19.0,7.0,19.0,5.0,15.0,3.0,18.0,7.0,20.0,10.0,20.0,2.0,15.0,15.0,12.0,5.0,2.0,14.0,7.0,5.0,2.0,11.0,8.0,15.0,13.0,9.0,4.0,11.0,20.0,2.0,20.0,1.0,19.0,2.0,17.0,1.0,20.0,3.0,1.0,7.0,4.0,2.0,5.0,5.0,6.0,3.0,10.0,4.0,14.0,7.0,3.0,4.0,4.0,17.0,11.0,1.0,7.0,9.0,7.0,1.0,7.0,9.0,7.0,9.0,3.0,3.0,7.0,9.0,1.0,1.0,1.0,1.0,1.0,1.0,5.0,1.0,9.0,5.0,12.0,12.0,11.0,14.0,3.0,3.0,3.0,7.0,9.0,6.0,4.0,11.0,2.0,2.0,4.0,1.0,20.0,2.0,2.0,12.0,7.0,15.0,11.0,14.0,16.0,2.0,2.0,13.0,20.0,1.0,5.0,9.0,20.0,4.0,4.0,20.0,2.0,8.0,3.0,6.0,19.0,6.0,20.0,4.0,16.0,3.0,19.0,5.0,9.0,2.0,10.0,6.0,2.0,6.0,15.0,1.0,7.0,3.0,1.0,18.0,7.0,3.0,7.0,14.0,8.0,6.0,14.0,5.0,9.0,10.0,15.0,16.0,17.0,17.0,3.0,15.0,8.0,4.0,2.0,9.0,16.0,6.0,7.0,8.0
Man City,16-30,5,52.21,486,531,18,29,346,391,291,345,329,379,161,154,86,82,99,155,101,170,190,175,9,14,1,4,13,22,2,5,33,34,13,20,0,1,52,80,44,71,23,27,37,48,221,309,3,7,4,9,2,8,4,12,2,3,0,6,2,3,4,9,0,3,2,3,0,0,1,3,1,3,0,0,1,3,0,0,0,0,0,0,12,14,6,8,25,25,13,12,57,57,27,27,82,82,40,39,0,0,13,10,8,6,22,12,24,33,6,4,44,34,46,45,22,23,8,6,9,8,8,9,81,72,116.0,135.0,373.0,428.0,881.0,1075.0,734.895,953.5050000000001,5064.427985567312,5922.828226290959,5303.34,7235.025,1.0,1.0,1.0,2.0,20.0,36.0,2.0,9.0,24.0,19.0,4.0,11.0,88.24,28.57,58.82,33.33,22.73,88.75,25.0,57.14,48.0,47.37,47.56,84.1,11.11,39.39,100.0,15.38,84.62,25.0,50.0,52.0,47.37,48.78,9.0,11.0,8.0,9.0,4.0,10.0,9.0,12.0,8.0,11.0,9.0,7.0,9.0,9.0,9.0,16.0,5.0,18.0,7.0,3.0,9.0,10.0,3.0,12.0,3.0,11.0,1.0,13.0,4.0,13.0,11.0,17.0,5.0,19.0,11.0,18.0,6.0,18.0,6.0,14.0,9.0,11.0,5.0,12.0,6.0,12.0,2.0,17.0,5.0,17.0,3.0,20.0,6.0,13.0,10.0,20.0,3.0,11.0,7.0,13.0,5.0,20.0,9.0,7.0,4.0,14.0,14.0,7.0,2.0,7.0,1.0,3.0,3.0,7.0,2.0,1.0,1.0,1.0,1.0,1.0,1.0,10.0,7.0,9.0,5.0,6.0,6.0,3.0,7.0,5.0,6.0,8.0,7.0,4.0,3.0,7.0,6.0,2.0,2.0,4.0,12.0,3.0,10.0,6.0,18.0,14.0,3.0,6.0,14.0,4.0,14.0,6.0,8.0,12.0,9.0,5.0,9.0,9.0,13.0,13.0,9.0,7.0,14.0,15.0,3.0,11.0,8.0,14.0,9.0,19.0,11.0,11.0,9.0,16.0,3.0,10.0,9.0,8.0,3.0,19.0,5.0,19.0,6.0,5.0,14.0,20.0,9.0,6.0,7.0,6.0,14.0,10.0,3.0,3.0,4.0,12.0,11.0,10.0,14.0,15.0,18.0,1.0,14.0,9.0,2.0,11.0,9.0,13.0,11.0
Man Utd,16-30,5,60.25,421,638,20,32,293,501,250,457,276,488,122,211,67,132,104,158,90,254,160,203,12,17,3,4,15,20,5,4,36,33,18,25,3,1,54,116,45,101,20,52,29,70,177,394,3,3,10,13,9,5,14,20,7,1,6,8,1,11,12,9,2,11,6,0,1,1,2,0,2,0,0,0,2,0,0,0,0,0,0,0,5,14,3,5,18,18,9,9,36,38,20,15,54,56,29,24,0,0,12,2,6,5,24,10,27,27,11,6,42,21,51,37,23,15,5,3,8,5,5,8,50,65,102.0,135.0,310.0,529.0,746.0,1338.0,951.405,1573.4250000000002,4229.510603741717,7610.564484348007,4466.385,7148.085,2.0,4.0,0.0,2.0,23.0,40.0,7.0,13.0,23.0,19.0,14.0,20.0,91.22,23.53,75.76,11.11,20.0,87.07,0.0,35.71,50.0,39.47,42.86,85.32,25.0,50.0,53.85,33.33,83.33,14.29,60.0,50.0,55.56,53.7,2.0,17.0,1.0,8.0,3.0,17.0,1.0,16.0,1.0,17.0,1.0,18.0,1.0,17.0,1.0,14.0,3.0,19.0,1.0,13.0,4.0,3.0,1.0,6.0,3.0,7.0,2.0,4.0,6.0,10.0,13.0,8.0,3.0,4.0,11.0,17.0,3.0,16.0,3.0,16.0,1.0,17.0,1.0,19.0,1.0,12.0,11.0,4.0,2.0,4.0,8.0,5.0,1.0,1.0,16.0,6.0,1.0,16.0,1.0,2.0,5.0,17.0,2.0,1.0,18.0,7.0,6.0,3.0,9.0,2.0,9.0,3.0,3.0,3.0,9.0,1.0,1.0,1.0,1.0,1.0,1.0,19.0,7.0,16.0,12.0,12.0,12.0,14.0,13.0,20.0,20.0,16.0,20.0,20.0,20.0,17.0,20.0,2.0,2.0,7.0,20.0,9.0,14.0,4.0,20.0,7.0,11.0,1.0,9.0,5.0,20.0,4.0,18.0,8.0,18.0,12.0,16.0,15.0,19.0,19.0,15.0,20.0,17.0,19.0,3.0,17.0,1.0,17.0,2.0,11.0,2.0,18.0,1.0,19.0,4.0,6.0,3.0,14.0,3.0,16.0,3.0,10.0,1.0,8.0,14.0,5.0,1.0,1.0,12.0,1.0,18.0,12.0,6.0,9.0,15.0,9.0,19.0,19.0,11.0,7.0,11.0,7.0,6.0,10.0,7.0,2.0,10.0,2.0,3.0
Newcastle,16-30,5,56.13,415,531,29,8,280,396,225,344,264,380,135,159,61,103,84,134,126,119,99,225,12,8,3,0,17,15,4,0,32,48,12,22,2,3,65,53,48,44,31,16,41,29,195,240,6,8,7,2,4,0,16,4,4,0,4,2,8,2,8,1,8,3,3,0,1,0,0,0,0,0,0,0,0,0,0,0,0,0,0,0,8,16,4,6,24,24,9,15,49,50,25,22,73,74,34,37,0,0,12,7,6,2,20,24,25,27,4,7,37,29,45,51,23,16,6,4,9,9,9,9,71,76,124.0,122.0,309.0,425.0,740.0,1087.0,1040.1299999999999,969.57,4289.714469354827,6344.393023394232,6659.205,5619.915,0.0,3.0,2.0,1.0,36.0,18.0,13.0,2.0,16.0,28.0,16.0,4.0,86.87,0.0,45.83,0.0,0.0,83.02,0.0,37.5,62.5,44.0,50.0,80.36,25.0,37.5,50.0,23.53,73.85,0.0,50.0,37.5,51.02,46.58,4.0,18.0,8.0,1.0,20.0,18.0,8.0,18.0,9.0,18.0,8.0,13.0,8.0,20.0,6.0,19.0,8.0,13.0,13.0,20.0,3.0,3.0,9.0,6.0,15.0,2.0,6.0,7.0,16.0,15.0,3.0,18.0,4.0,7.0,4.0,13.0,15.0,14.0,14.0,6.0,18.0,6.0,13.0,17.0,11.0,1.0,1.0,11.0,19.0,12.0,20.0,2.0,19.0,4.0,19.0,8.0,16.0,1.0,12.0,7.0,20.0,3.0,9.0,4.0,18.0,7.0,14.0,10.0,9.0,9.0,9.0,3.0,3.0,10.0,9.0,1.0,1.0,1.0,1.0,1.0,1.0,17.0,4.0,13.0,10.0,7.0,7.0,14.0,3.0,15.0,12.0,10.0,16.0,13.0,12.0,13.0,8.0,2.0,2.0,7.0,17.0,9.0,19.0,8.0,4.0,11.0,11.0,17.0,6.0,11.0,18.0,9.0,5.0,8.0,17.0,10.0,13.0,9.0,6.0,6.0,9.0,14.0,10.0,10.0,12.0,18.0,9.0,18.0,8.0,9.0,10.0,17.0,8.0,7.0,14.0,18.0,4.0,2.0,6.0,3.0,20.0,2.0,20.0,16.0,1.0,2.0,19.0,10.0,15.0,12.0,19.0,16.0,12.0,9.0,14.0,2.0,14.0,9.0,19.0,7.0,19.0,8.0,9.0,20.0,10.0,11.0,19.0,8.0,13.0
Nottingham Forest,16-30,5,43.79,489,381,10,13,345,242,297,193,330,229,148,98,93,56,104,88,135,71,162,122,9,6,1,0,16,8,3,0,29,38,12,19,1,4,58,39,46,31,25,14,38,17,249,141,3,1,5,7,4,4,7,13,0,4,4,6,3,3,4,6,3,7,0,3,0,1,0,1,0,1,0,0,0,1,0,0,0,0,0,0,21,10,9,7,28,28,13,15,55,50,25,25,83,78,38,40,0,0,7,13,8,4,18,29,23,28,5,5,32,40,41,57,18,19,7,9,5,9,9,5,73,65,124.0,116.0,390.0,268.0,1170.0,632.0,934.29,663.3900000000001,5620.237846256902,3758.9868462198024,6485.325,5664.015,3.0,0.0,2.0,1.0,33.0,32.0,4.0,9.0,14.0,24.0,8.0,13.0,79.75,0.0,50.0,40.0,0.0,79.49,7.69,70.0,53.57,50.0,51.28,86.09,11.11,41.38,0.0,18.75,79.31,0.0,42.86,46.43,45.45,45.78,18.0,10.0,19.0,19.0,17.0,11.0,19.0,10.0,19.0,10.0,19.0,11.0,20.0,7.0,18.0,14.0,15.0,9.0,19.0,11.0,14.0,10.0,17.0,12.0,15.0,4.0,19.0,10.0,16.0,18.0,8.0,18.0,7.0,14.0,3.0,15.0,18.0,15.0,17.0,11.0,19.0,10.0,19.0,9.0,20.0,12.0,19.0,15.0,9.0,12.0,13.0,16.0,5.0,20.0,5.0,8.0,3.0,9.0,7.0,13.0,9.0,11.0,3.0,18.0,4.0,14.0,6.0,10.0,6.0,9.0,5.0,3.0,3.0,10.0,6.0,1.0,1.0,1.0,1.0,1.0,1.0,1.0,15.0,2.0,7.0,4.0,4.0,3.0,3.0,9.0,12.0,10.0,11.0,1.0,9.0,8.0,3.0,2.0,2.0,15.0,5.0,3.0,15.0,10.0,1.0,15.0,8.0,11.0,11.0,16.0,8.0,13.0,3.0,17.0,16.0,7.0,2.0,19.0,6.0,6.0,19.0,11.0,17.0,10.0,16.0,9.0,19.0,1.0,18.0,12.0,19.0,8.0,17.0,10.0,13.0,2.0,15.0,2.0,6.0,6.0,8.0,16.0,6.0,20.0,6.0,15.0,5.0,17.0,15.0,9.0,11.0,16.0,15.0,7.0,2.0,5.0,8.0,7.0,9.0,15.0,16.0,20.0,12.0,15.0,10.0,15.0,16.0,15.0,15.0
Sunderland,16-30,5,53.18,478,543,17,15,334,417,296,368,319,400,132,172,75,114,127,131,124,185,172,183,10,8,3,2,12,13,4,4,26,46,17,31,1,3,66,91,57,81,26,35,37,51,234,297,1,3,8,5,7,4,9,7,2,2,7,2,0,3,7,5,2,2,2,1,0,1,2,0,2,0,0,0,2,0,0,0,0,0,0,0,16,16,9,9,18,18,11,7,63,63,30,30,81,81,41,37,0,0,12,9,8,9,18,12,23,28,5,2,46,38,41,40,31,22,9,9,12,9,9,12,64,75,108.0,122.0,361.0,441.0,991.0,1106.0,1144.08,829.605,5381.196359987232,6446.112131866184,4790.205,5966.94,2.0,2.0,0.0,0.0,23.0,33.0,7.0,4.0,22.0,17.0,9.0,7.0,88.25,25.0,67.39,50.0,30.77,89.01,0.0,56.25,38.89,47.62,45.68,88.62,30.0,65.38,22.22,33.33,86.36,22.22,56.25,61.11,47.62,50.62,7.0,12.0,6.0,11.0,14.0,12.0,5.0,11.0,5.0,12.0,6.0,14.0,6.0,12.0,4.0,10.0,9.0,14.0,5.0,8.0,6.0,8.0,9.0,6.0,9.0,12.0,9.0,7.0,6.0,19.0,4.0,11.0,2.0,14.0,4.0,11.0,5.0,10.0,5.0,9.0,4.0,11.0,4.0,11.0,7.0,19.0,11.0,8.0,16.0,5.0,13.0,14.0,16.0,13.0,14.0,2.0,16.0,18.0,7.0,9.0,10.0,17.0,14.0,7.0,12.0,14.0,6.0,3.0,9.0,2.0,9.0,3.0,3.0,3.0,9.0,1.0,1.0,1.0,1.0,1.0,1.0,5.0,4.0,2.0,3.0,12.0,12.0,8.0,15.0,2.0,2.0,5.0,2.0,6.0,5.0,4.0,8.0,2.0,2.0,7.0,14.0,3.0,4.0,10.0,18.0,15.0,8.0,11.0,20.0,1.0,12.0,13.0,16.0,1.0,10.0,3.0,2.0,2.0,6.0,6.0,2.0,18.0,12.0,17.0,12.0,13.0,7.0,10.0,7.0,6.0,14.0,10.0,7.0,18.0,9.0,6.0,6.0,14.0,14.0,16.0,7.0,10.0,16.0,10.0,18.0,14.0,17.0,5.0,10.0,2.0,6.0,7.0,2.0,9.0,5.0,19.0,10.0,13.0,3.0,6.0,1.0,16.0,6.0,7.0,3.0,5.0,2.0,11.0,9.0
Tottenham,16-30,5,55.34,473,586,16,17,334,442,289,396,312,425,128,178,74,106,132,158,128,213,161,183,12,4,0,0,16,9,1,1,34,33,19,14,1,5,67,103,58,91,25,34,33,45,207,326,4,4,8,4,5,3,10,8,1,2,7,5,2,1,4,5,6,3,1,1,0,1,0,0,0,0,0,0,0,0,0,0,0,0,0,0,14,18,8,9,17,17,10,7,64,66,34,29,81,83,44,36,0,0,17,12,5,3,10,29,31,29,3,5,42,37,41,58,21,26,9,8,8,9,9,8,71,77,131.0,112.0,366.0,457.0,889.0,1131.0,881.37,988.89,4782.272037459776,6528.8869057706925,6576.78,5435.115,1.0,0.0,1.0,0.0,34.0,30.0,9.0,7.0,24.0,20.0,10.0,8.0,89.59,0.0,42.42,28.57,11.11,88.35,0.0,50.0,41.18,43.94,43.37,86.53,0.0,55.88,12.5,6.25,86.57,0.0,57.14,58.82,53.12,54.32,6.0,13.0,4.0,13.0,9.0,12.0,4.0,13.0,4.0,13.0,4.0,16.0,5.0,13.0,5.0,8.0,3.0,12.0,3.0,12.0,6.0,3.0,19.0,17.0,15.0,4.0,17.0,16.0,15.0,12.0,13.0,7.0,15.0,14.0,1.0,10.0,4.0,7.0,4.0,11.0,6.0,14.0,6.0,15.0,5.0,8.0,7.0,8.0,17.0,8.0,15.0,11.0,14.0,18.0,14.0,2.0,7.0,11.0,17.0,13.0,10.0,5.0,9.0,15.0,12.0,14.0,6.0,10.0,9.0,9.0,9.0,3.0,3.0,10.0,9.0,1.0,1.0,1.0,1.0,1.0,1.0,9.0,2.0,6.0,3.0,15.0,15.0,11.0,15.0,1.0,1.0,1.0,3.0,6.0,2.0,2.0,10.0,2.0,2.0,2.0,6.0,15.0,17.0,19.0,1.0,4.0,5.0,19.0,11.0,5.0,13.0,13.0,2.0,15.0,5.0,3.0,6.0,15.0,6.0,6.0,15.0,14.0,9.0,8.0,18.0,12.0,5.0,13.0,6.0,13.0,9.0,15.0,6.0,8.0,17.0,10.0,15.0,8.0,14.0,5.0,11.0,4.0,10.0,5.0,10.0,11.0,14.0,2.0,15.0,14.0,15.0,15.0,4.0,9.0,7.0,16.0,15.0,18.0,7.0,17.0,6.0,19.0,17.0,6.0,10.0,4.0,5.0,6.0,2.0
Arsenal,31-45,5,61.73,380,613,14,21,238,472,186,414,220,444,102,186,59,116,77,170,89,207,97,207,12,16,2,4,17,18,4,4,37,32,8,13,0,1,49,129,44,107,16,29,25,70,156,362,3,4,9,7,2,6,10,8,1,2,6,2,3,4,2,5,8,3,0,2,1,0,1,0,0,0,1,0,1,0,0,0,0,0,0,0,7,14,2,7,16,16,7,9,52,50,24,27,68,66,31,36,1,0,13,5,5,6,25,15,29,21,10,5,50,26,54,36,34,21,7,2,15,8,8,15,68,81,122.0,133.0,267.0,476.0,687.0,1373.0,694.26,1142.9250000000002,3834.214759660671,6641.326651574484,5570.04,6708.345,1.0,2.0,3.0,1.0,23.0,31.0,5.0,5.0,25.0,15.0,11.0,7.0,87.71,25.0,40.62,50.0,22.22,82.95,0.0,50.0,56.25,54.0,54.55,78.15,16.67,21.62,14.29,23.53,89.8,10.0,28.57,43.75,46.15,45.59,2.0,20.0,5.0,18.0,10.0,20.0,3.0,20.0,3.0,20.0,4.0,20.0,6.0,18.0,4.0,20.0,4.0,19.0,3.0,20.0,5.0,10.0,5.0,11.0,3.0,9.0,7.0,8.0,8.0,18.0,18.0,20.0,17.0,14.0,7.0,17.0,3.0,17.0,3.0,17.0,8.0,18.0,2.0,20.0,3.0,12.0,9.0,10.0,12.0,19.0,6.0,14.0,18.0,20.0,16.0,5.0,19.0,9.0,8.0,20.0,17.0,1.0,13.0,20.0,11.0,6.0,10.0,8.0,17.0,16.0,16.0,1.0,5.0,8.0,17.0,3.0,2.0,3.0,2.0,1.0,1.0,19.0,12.0,18.0,6.0,20.0,20.0,20.0,15.0,15.0,16.0,17.0,14.0,18.0,18.0,19.0,15.0,1.0,4.0,11.0,19.0,14.0,14.0,11.0,19.0,17.0,20.0,2.0,12.0,6.0,20.0,15.0,20.0,5.0,17.0,6.0,18.0,1.0,14.0,14.0,1.0,19.0,20.0,20.0,19.0,20.0,7.0,18.0,3.0,18.0,9.0,18.0,5.0,20.0,16.0,7.0,4.0,3.0,14.0,20.0,14.0,14.0,16.0,14.0,20.0,12.0,19.0,3.0,8.0,12.0,6.0,12.0,10.0,17.0,4.0,4.0,5.0,4.0,16.0,16.0,20.0,20.0,12.0,1.0,11.0,15.0,17.0,14.0,13.0
Aston Villa,31-45,5,47.17,578,516,23,9,401,340,340,279,383,321,177,145,94,89,130,106,168,123,172,156,18,10,2,1,24,13,2,1,30,44,15,21,1,1,87,48,69,41,32,24,63,28,321,231,7,2,9,4,4,3,15,7,5,2,5,4,5,1,8,4,7,3,2,1,3,1,1,1,0,1,1,0,1,1,0,0,0,0,0,0,17,22,10,7,21,21,12,9,69,71,40,28,90,92,52,37,0,0,21,10,7,8,16,28,34,31,4,11,50,48,50,59,33,22,7,10,11,9,9,11,83,98,164.0,147.0,454.0,348.0,1056.0,994.0,1231.545,881.7900000000001,6176.999694293367,4983.517860120199,9050.055,6972.735000000001,1.0,2.0,1.0,0.0,48.0,30.0,13.0,6.0,17.0,26.0,15.0,7.0,82.06,10.0,47.73,33.33,7.69,85.42,14.29,31.82,42.86,39.44,40.22,84.79,11.11,50.0,50.0,8.33,79.31,6.67,58.82,57.14,57.97,57.78,12.0,12.0,16.0,8.0,20.0,10.0,16.0,10.0,14.0,10.0,16.0,11.0,17.0,10.0,10.0,12.0,15.0,10.0,11.0,13.0,16.0,2.0,11.0,11.0,16.0,3.0,15.0,17.0,18.0,20.0,11.0,16.0,8.0,7.0,7.0,11.0,19.0,11.0,15.0,9.0,13.0,2.0,16.0,9.0,15.0,2.0,16.0,10.0,19.0,16.0,18.0,4.0,20.0,3.0,16.0,8.0,8.0,3.0,16.0,9.0,19.0,4.0,13.0,10.0,19.0,1.0,7.0,8.0,8.0,16.0,6.0,1.0,5.0,8.0,8.0,3.0,2.0,3.0,2.0,1.0,1.0,9.0,3.0,3.0,6.0,15.0,15.0,10.0,15.0,7.0,6.0,4.0,13.0,10.0,9.0,4.0,14.0,5.0,4.0,2.0,17.0,10.0,8.0,18.0,6.0,10.0,14.0,15.0,1.0,6.0,7.0,18.0,12.0,6.0,16.0,6.0,3.0,6.0,11.0,11.0,6.0,18.0,10.0,9.0,15.0,10.0,17.0,11.0,11.0,9.0,14.0,10.0,17.0,5.0,15.0,7.0,4.0,12.0,17.0,3.0,16.0,2.0,11.0,19.0,14.0,4.0,19.0,9.0,18.0,5.0,16.0,18.0,6.0,7.0,16.0,16.0,18.0,19.0,6.0,19.0,4.0,5.0,19.0,13.0,16.0,2.0,5.0,2.0,2.0
Bournemouth,31-45,5,44.11,693,547,32,20,473,347,390,270,452,330,203,176,98,82,172,89,204,109,186,161,17,9,5,0,21,11,6,0,59,54,24,22,5,0,131,66,111,52,36,27,54,44,330,235,4,3,8,9,5,4,14,12,5,4,5,5,4,3,9,8,5,4,4,4,1,0,2,3,2,3,0,0,2,2,1,0,1,0,0,0,23,14,11,4,29,29,13,16,85,81,49,32,114,110,62,48,1,0,25,17,6,12,26,34,46,46,9,1,55,53,72,80,42,32,4,11,11,12,12,11,122,121,205.0,186.0,518.0,381.0,1265.0,866.0,1427.055,1284.4650000000001,6955.962587511276,5096.121172830996,10538.220000000001,8535.765,0.0,1.0,2.0,2.0,64.0,39.0,8.0,6.0,36.0,40.0,14.0,12.0,77.81,0.0,40.74,44.44,0.0,78.79,16.67,28.57,55.17,39.51,43.64,82.45,29.41,40.68,50.0,28.57,84.73,14.29,47.83,44.83,57.65,54.39,17.0,1.0,12.0,3.0,12.0,5.0,14.0,6.0,17.0,6.0,14.0,5.0,8.0,9.0,13.0,4.0,18.0,3.0,14.0,8.0,14.0,4.0,14.0,1.0,19.0,4.0,18.0,2.0,20.0,1.0,2.0,3.0,4.0,1.0,15.0,1.0,11.0,2.0,12.0,7.0,10.0,7.0,8.0,7.0,13.0,9.0,12.0,12.0,7.0,13.0,15.0,7.0,8.0,3.0,7.0,8.0,5.0,6.0,10.0,6.0,7.0,8.0,10.0,4.0,3.0,6.0,10.0,3.0,1.0,3.0,1.0,5.0,5.0,2.0,3.0,1.0,2.0,1.0,2.0,1.0,1.0,2.0,12.0,2.0,16.0,5.0,5.0,8.0,5.0,1.0,3.0,1.0,9.0,1.0,2.0,1.0,8.0,1.0,4.0,1.0,4.0,13.0,1.0,7.0,2.0,3.0,3.0,5.0,20.0,3.0,4.0,3.0,1.0,2.0,9.0,16.0,2.0,6.0,5.0,5.0,6.0,3.0,2.0,1.0,2.0,3.0,15.0,6.0,16.0,3.0,5.0,6.0,16.0,1.0,8.0,16.0,8.0,5.0,6.0,1.0,8.0,9.0,11.0,5.0,3.0,7.0,8.0,17.0,19.0,11.0,10.0,20.0,12.0,3.0,17.0,5.0,17.0,16.0,11.0,5.0,10.0,5.0,6.0,6.0,4.0,6.0,15.0,4.0,5.0
Brentford,31-45,5,53.43,584,670,22,34,392,470,302,383,373,453,168,204,88,97,136,169,138,155,164,228,9,13,2,8,13,15,3,9,54,45,20,21,1,2,86,98,64,74,29,36,39,40,283,310,3,2,3,13,3,9,6,19,2,6,2,10,2,3,5,12,1,7,2,4,0,2,1,3,1,3,0,0,1,3,0,0,0,0,0,0,23,19,10,8,31,31,16,15,78,78,41,35,109,109,57,50,0,0,18,17,10,6,26,29,39,48,6,11,52,57,65,77,35,42,8,10,10,13,13,10,125,126,195.0,201.0,428.0,498.0,959.0,1172.0,927.1500000000001,1239.84,5043.924800404619,6530.8872466971525,9305.415,10182.165,1.0,1.0,0.0,4.0,47.0,55.0,4.0,14.0,39.0,41.0,6.0,19.0,81.49,61.54,46.67,37.5,60.0,75.51,15.79,42.11,48.39,44.87,45.87,77.04,22.22,37.04,50.0,23.08,74.42,16.67,43.48,51.61,52.56,52.29,7.0,10.0,3.0,10.0,2.0,12.0,4.0,13.0,6.0,12.0,3.0,13.0,3.0,12.0,6.0,11.0,5.0,13.0,9.0,15.0,2.0,14.0,8.0,11.0,1.0,11.0,10.0,13.0,1.0,2.0,10.0,7.0,8.0,7.0,5.0,12.0,6.0,12.0,8.0,11.0,5.0,12.0,12.0,13.0,7.0,12.0,16.0,19.0,2.0,17.0,2.0,19.0,1.0,14.0,1.0,18.0,1.0,15.0,10.0,16.0,1.0,19.0,3.0,10.0,3.0,11.0,2.0,8.0,1.0,6.0,1.0,5.0,5.0,8.0,1.0,3.0,2.0,3.0,2.0,1.0,1.0,2.0,5.0,3.0,4.0,3.0,3.0,4.0,7.0,4.0,4.0,3.0,8.0,3.0,3.0,2.0,6.0,5.0,4.0,4.0,4.0,5.0,14.0,7.0,5.0,8.0,1.0,10.0,1.0,4.0,1.0,5.0,2.0,4.0,1.0,4.0,3.0,10.0,3.0,3.0,10.0,2.0,1.0,2.0,1.0,12.0,4.0,14.0,7.0,13.0,7.0,15.0,7.0,4.0,1.0,7.0,8.0,20.0,1.0,4.0,1.0,15.0,1.0,3.0,2.0,19.0,1.0,10.0,1.0,6.0,14.0,1.0,14.0,4.0,10.0,13.0,15.0,13.0,17.0,11.0,15.0,5.0,13.0,17.0,2.0,10.0,8.0,5.0,7.0
Brighton,31-45,5,58.29,435,608,17,32,268,425,203,361,242,413,124,169,59,96,85,160,91,190,112,171,4,18,1,2,9,26,2,6,40,31,12,9,0,0,46,98,34,86,16,28,26,49,179,328,5,6,7,13,6,8,13,19,4,5,3,8,6,6,11,11,2,8,4,4,0,1,1,3,1,2,0,1,1,3,0,0,0,0,0,0,13,7,6,3,29,29,12,17,55,54,26,27,84,83,38,44,0,0,9,15,8,6,33,21,17,31,8,9,37,47,50,52,25,33,3,6,9,11,11,9,96,85,150.0,161.0,296.0,482.0,683.0,1092.0,503.37,879.375,3442.4335379506106,6468.794384988109,7328.265,8776.53,0.0,0.0,1.0,2.0,33.0,45.0,9.0,14.0,25.0,31.0,13.0,19.0,84.94,11.11,29.03,38.46,23.08,87.76,15.79,42.86,58.62,50.0,53.01,75.75,25.0,30.0,57.14,22.22,73.91,7.69,46.15,41.38,47.27,45.24,4.0,19.0,6.0,14.0,3.0,19.0,7.0,19.0,8.0,19.0,7.0,19.0,11.0,18.0,8.0,18.0,6.0,18.0,6.0,19.0,10.0,20.0,2.0,17.0,11.0,19.0,1.0,17.0,3.0,15.0,19.0,19.0,20.0,14.0,15.0,18.0,6.0,18.0,6.0,17.0,9.0,16.0,7.0,19.0,6.0,6.0,4.0,14.0,2.0,9.0,5.0,9.0,1.0,8.0,2.0,16.0,3.0,2.0,3.0,3.0,3.0,16.0,1.0,4.0,3.0,11.0,7.0,8.0,1.0,6.0,4.0,5.0,1.0,8.0,1.0,3.0,2.0,3.0,2.0,1.0,1.0,15.0,19.0,12.0,17.0,5.0,5.0,10.0,2.0,14.0,15.0,12.0,14.0,12.0,14.0,14.0,10.0,5.0,4.0,16.0,9.0,8.0,14.0,2.0,13.0,20.0,14.0,7.0,5.0,16.0,8.0,18.0,16.0,15.0,8.0,17.0,12.0,13.0,7.0,7.0,13.0,12.0,18.0,14.0,11.0,18.0,6.0,19.0,8.0,20.0,15.0,20.0,8.0,13.0,6.0,16.0,17.0,12.0,6.0,10.0,5.0,6.0,1.0,14.0,12.0,9.0,1.0,7.0,16.0,20.0,13.0,11.0,2.0,4.0,9.0,2.0,8.0,6.0,20.0,10.0,18.0,3.0,14.0,18.0,15.0,8.0,19.0,11.0,15.0
Chelsea,31-45,5,46.2,609,523,22,23,458,368,382,298,438,351,190,172,113,76,155,120,192,170,190,128,7,8,4,1,9,15,5,1,48,48,19,19,1,0,113,80,93,70,38,32,50,57,331,294,2,7,11,11,8,6,14,15,5,4,5,4,4,7,8,10,6,5,3,4,2,0,2,2,1,2,1,0,2,2,0,0,0,0,0,0,7,14,2,7,26,26,12,14,52,56,16,36,78,82,28,50,0,1,6,17,7,8,15,18,30,36,7,9,38,44,45,54,24,34,7,2,11,8,8,11,113,93,153.0,155.0,500.0,401.0,1284.0,979.0,886.2,1178.415,7059.959916024368,5251.055014852475,7157.43,7509.389999999999,1.0,3.0,2.0,4.0,32.0,29.0,9.0,6.0,31.0,35.0,14.0,16.0,80.98,12.5,39.58,50.0,6.67,87.5,13.33,50.0,53.85,64.29,60.98,83.41,57.14,39.58,50.0,55.56,82.3,14.29,28.57,46.15,30.77,35.9,14.0,8.0,15.0,10.0,9.0,7.0,13.0,8.0,12.0,7.0,12.0,7.0,9.0,3.0,14.0,5.0,11.0,6.0,7.0,7.0,18.0,16.0,18.0,4.0,16.0,19.0,10.0,4.0,18.0,7.0,8.0,10.0,11.0,7.0,15.0,4.0,10.0,5.0,9.0,3.0,6.0,9.0,5.0,6.0,8.0,19.0,3.0,3.0,5.0,3.0,6.0,7.0,4.0,3.0,7.0,8.0,8.0,6.0,1.0,9.0,5.0,5.0,7.0,8.0,3.0,3.0,10.0,3.0,5.0,6.0,4.0,1.0,5.0,2.0,3.0,3.0,2.0,3.0,2.0,1.0,1.0,19.0,12.0,18.0,6.0,10.0,10.0,10.0,8.0,15.0,14.0,20.0,6.0,15.0,15.0,20.0,6.0,5.0,2.0,19.0,4.0,10.0,8.0,20.0,17.0,15.0,8.0,8.0,5.0,15.0,12.0,20.0,14.0,17.0,5.0,6.0,18.0,6.0,14.0,14.0,6.0,5.0,14.0,12.0,14.0,7.0,13.0,5.0,12.0,14.0,8.0,5.0,13.0,16.0,12.0,7.0,1.0,5.0,1.0,12.0,17.0,6.0,11.0,12.0,5.0,7.0,4.0,13.0,15.0,13.0,6.0,19.0,3.0,8.0,4.0,8.0,2.0,1.0,8.0,1.0,11.0,5.0,1.0,9.0,4.0,15.0,13.0,19.0,20.0
Coventry,31-45,5,37.14,672,397,39,15,501,242,452,178,488,224,186,114,124,65,191,63,245,75,207,103,17,9,2,2,21,15,4,3,31,44,18,13,1,0,127,48,114,35,23,14,63,20,413,159,6,6,13,5,10,4,21,10,2,3,7,4,12,3,13,7,8,3,2,3,0,0,1,0,1,0,0,0,1,0,0,0,0,0,0,0,15,8,10,2,21,21,11,10,45,42,26,16,66,63,37,26,0,0,9,5,2,9,26,38,32,29,10,6,32,37,58,67,26,19,2,10,9,7,7,9,67,82,140.0,127.0,505.0,273.0,1297.0,653.0,1381.4850000000001,683.97,6918.903918940315,3589.869693372524,7600.95,6448.365,1.0,1.0,2.0,0.0,40.0,32.0,15.0,8.0,21.0,21.0,20.0,10.0,73.55,22.22,29.55,42.86,20.0,72.92,0.0,25.0,47.62,38.1,41.27,90.22,11.76,58.06,22.22,19.05,89.76,4.76,66.67,52.38,57.78,56.06,20.0,4.0,20.0,1.0,16.0,3.0,20.0,1.0,20.0,3.0,20.0,9.0,20.0,1.0,19.0,2.0,20.0,2.0,20.0,4.0,20.0,4.0,14.0,11.0,11.0,4.0,10.0,8.0,13.0,19.0,11.0,11.0,17.0,7.0,15.0,2.0,19.0,1.0,20.0,14.0,20.0,2.0,20.0,1.0,20.0,3.0,4.0,1.0,17.0,1.0,15.0,1.0,13.0,14.0,13.0,2.0,8.0,1.0,10.0,1.0,11.0,1.0,13.0,10.0,8.0,11.0,10.0,8.0,17.0,6.0,16.0,5.0,5.0,8.0,17.0,3.0,2.0,3.0,2.0,1.0,1.0,12.0,18.0,3.0,19.0,15.0,15.0,14.0,13.0,19.0,20.0,12.0,20.0,20.0,20.0,15.0,20.0,5.0,4.0,16.0,19.0,19.0,6.0,7.0,1.0,14.0,16.0,2.0,10.0,19.0,17.0,10.0,5.0,12.0,18.0,19.0,3.0,13.0,16.0,16.0,13.0,20.0,19.0,17.0,20.0,6.0,20.0,4.0,20.0,7.0,18.0,7.0,20.0,10.0,19.0,7.0,8.0,5.0,17.0,8.0,11.0,1.0,7.0,17.0,16.0,1.0,13.0,19.0,10.0,19.0,11.0,14.0,18.0,17.0,19.0,14.0,19.0,18.0,1.0,18.0,2.0,19.0,15.0,2.0,17.0,1.0,7.0,3.0,3.0
Crystal Palace,31-45,5,47.13,654,583,31,19,475,394,397,321,457,377,212,183,109,72,154,139,202,122,195,199,14,10,3,4,16,13,3,5,50,43,23,21,0,3,93,64,75,45,35,31,51,41,351,252,3,1,12,7,10,5,17,8,7,2,7,5,3,1,12,7,5,1,7,2,0,0,3,1,3,1,0,0,3,1,0,0,0,0,0,0,25,14,12,5,24,24,15,9,67,66,35,30,91,90,50,39,0,0,18,17,13,8,17,28,43,39,6,8,50,50,60,67,33,29,5,12,8,5,5,8,108,112,181.0,170.0,514.0,423.0,1373.0,971.0,1393.455,1361.325,7356.941039745683,5560.568337228211,8653.154999999999,7681.695,1.0,1.0,2.0,2.0,43.0,32.0,12.0,3.0,33.0,40.0,17.0,8.0,81.47,40.0,48.84,28.57,38.46,70.31,12.5,35.71,37.5,45.45,43.33,83.58,21.43,46.0,50.0,18.75,80.65,17.65,48.0,62.5,52.24,54.95,13.0,5.0,10.0,4.0,14.0,4.0,10.0,5.0,10.0,4.0,10.0,3.0,7.0,4.0,15.0,6.0,10.0,4.0,12.0,6.0,7.0,8.0,11.0,8.0,3.0,10.0,15.0,13.0,5.0,5.0,14.0,5.0,8.0,14.0,3.0,9.0,12.0,7.0,14.0,8.0,7.0,8.0,10.0,3.0,11.0,12.0,20.0,2.0,12.0,1.0,10.0,2.0,18.0,1.0,16.0,2.0,5.0,9.0,16.0,2.0,11.0,8.0,19.0,1.0,11.0,11.0,10.0,2.0,8.0,2.0,6.0,5.0,5.0,1.0,8.0,3.0,2.0,3.0,2.0,1.0,1.0,1.0,12.0,1.0,13.0,11.0,11.0,5.0,15.0,8.0,8.0,7.0,12.0,9.0,10.0,6.0,13.0,5.0,4.0,4.0,4.0,2.0,8.0,17.0,6.0,5.0,6.0,10.0,7.0,6.0,6.0,7.0,5.0,6.0,12.0,13.0,1.0,16.0,20.0,20.0,16.0,6.0,3.0,5.0,7.0,5.0,11.0,3.0,13.0,5.0,4.0,3.0,10.0,6.0,11.0,7.0,8.0,5.0,6.0,6.0,11.0,4.0,20.0,8.0,3.0,3.0,18.0,11.0,2.0,3.0,19.0,3.0,19.0,9.0,13.0,18.0,12.0,17.0,7.0,12.0,8.0,5.0,16.0,11.0,1.0,5.0,2.0,6.0,4.0
Everton,31-45,5,46.11,686,587,18,25,508,398,433,329,492,382,205,168,102,83,201,147,175,161,258,168,7,18,2,4,11,21,2,5,38,52,13,17,3,0,91,92,74,79,40,23,49,41,332,274,3,3,11,11,7,9,11,14,2,3,6,4,3,7,9,10,2,4,2,2,0,1,1,1,1,1,0,0,1,1,0,0,0,0,0,0,20,18,4,9,33,33,19,14,66,64,20,42,99,97,39,56,0,0,10,24,13,11,24,19,40,48,4,11,45,56,64,67,28,31,9,4,9,6,6,9,117,96,172.0,168.0,545.0,441.0,1382.0,1017.0,1843.6950000000002,1068.585,7526.366887485824,5481.753625009755,7468.65,8186.745,1.0,0.0,4.0,4.0,27.0,39.0,6.0,8.0,36.0,32.0,12.0,13.0,82.66,22.22,32.69,42.86,23.81,85.87,7.14,50.0,42.42,65.62,57.73,85.24,28.57,34.21,25.0,18.18,81.32,9.09,20.0,57.58,30.3,39.39,15.0,2.0,9.0,13.0,8.0,2.0,9.0,3.0,9.0,2.0,9.0,4.0,12.0,8.0,12.0,1.0,7.0,9.0,8.0,1.0,11.0,16.0,2.0,11.0,3.0,17.0,5.0,17.0,5.0,17.0,4.0,17.0,12.0,3.0,15.0,10.0,8.0,9.0,7.0,2.0,14.0,10.0,10.0,5.0,10.0,12.0,12.0,3.0,5.0,4.0,2.0,11.0,6.0,14.0,13.0,5.0,8.0,9.0,1.0,6.0,5.0,16.0,10.0,10.0,11.0,11.0,7.0,8.0,8.0,6.0,6.0,5.0,5.0,8.0,8.0,3.0,2.0,3.0,2.0,1.0,1.0,5.0,6.0,16.0,3.0,2.0,2.0,1.0,8.0,9.0,10.0,19.0,1.0,6.0,8.0,13.0,2.0,5.0,4.0,14.0,1.0,2.0,3.0,12.0,14.0,7.0,1.0,15.0,1.0,10.0,2.0,6.0,5.0,10.0,10.0,3.0,16.0,13.0,18.0,18.0,13.0,4.0,13.0,6.0,9.0,2.0,9.0,2.0,10.0,1.0,11.0,2.0,11.0,11.0,10.0,7.0,17.0,2.0,1.0,16.0,8.0,11.0,7.0,5.0,11.0,11.0,6.0,8.0,10.0,18.0,11.0,10.0,4.0,14.0,4.0,17.0,1.0,2.0,5.0,6.0,17.0,18.0,17.0,10.0,12.0,20.0,4.0,20.0,19.0
Fulham,31-45,5,49.75,598,592,26,20,436,458,387,393,422,442,187,190,104,128,145,140,202,153,185,240,14,5,5,2,19,7,5,2,43,44,27,17,4,1,110,62,95,53,37,18,55,34,328,290,5,2,11,9,6,9,17,10,5,5,7,4,5,1,11,8,6,2,5,5,0,0,2,1,2,1,0,0,2,1,0,0,0,0,0,0,17,7,7,2,17,17,8,9,50,48,25,21,67,65,33,30,0,0,9,12,5,3,16,19,37,28,10,2,33,33,53,47,26,16,2,7,7,9,9,7,86,86,146.0,134.0,480.0,484.0,1195.0,1290.0,1424.01,802.4100000000001,7161.832095579504,7037.562313290384,7806.33,5226.585,4.0,1.0,2.0,1.0,44.0,19.0,12.0,5.0,20.0,34.0,18.0,10.0,85.81,40.0,38.64,55.56,28.57,85.48,10.0,28.57,52.94,43.75,46.15,88.76,35.71,62.79,41.67,26.32,86.36,11.76,41.18,47.06,50.0,49.25,9.0,9.0,8.0,6.0,12.0,9.0,6.0,7.0,5.0,9.0,5.0,8.0,5.0,6.0,2.0,7.0,9.0,4.0,10.0,9.0,1.0,8.0,19.0,1.0,11.0,8.0,20.0,4.0,14.0,12.0,11.0,1.0,12.0,2.0,7.0,5.0,14.0,4.0,11.0,4.0,18.0,6.0,14.0,8.0,9.0,6.0,16.0,3.0,7.0,9.0,2.0,2.0,13.0,3.0,2.0,2.0,8.0,3.0,16.0,3.0,7.0,5.0,18.0,2.0,1.0,11.0,10.0,3.0,8.0,3.0,6.0,5.0,5.0,2.0,8.0,3.0,2.0,3.0,2.0,1.0,1.0,9.0,19.0,9.0,19.0,19.0,19.0,19.0,15.0,18.0,17.0,16.0,18.0,19.0,19.0,18.0,19.0,5.0,4.0,16.0,13.0,14.0,19.0,18.0,14.0,9.0,18.0,2.0,19.0,18.0,18.0,17.0,18.0,12.0,20.0,19.0,9.0,18.0,11.0,11.0,18.0,17.0,17.0,15.0,18.0,8.0,5.0,8.0,4.0,4.0,17.0,4.0,3.0,9.0,20.0,2.0,8.0,5.0,14.0,5.0,20.0,4.0,16.0,18.0,6.0,2.0,13.0,5.0,2.0,15.0,4.0,6.0,5.0,11.0,17.0,9.0,16.0,11.0,2.0,3.0,1.0,14.0,8.0,3.0,10.0,12.0,12.0,9.0,9.0
Hull,31-45,5,38.31,686,426,25,13,521,272,445,198,511,260,220,142,119,59,182,71,249,81,196,117,20,12,4,2,26,16,4,4,44,56,20,27,0,1,127,49,108,36,47,19,59,33,395,188,6,3,6,6,5,4,9,9,2,5,4,3,3,1,6,3,3,6,2,1,0,4,0,2,0,1,0,1,0,2,0,0,0,0,0,0,16,10,8,5,29,29,13,16,43,44,22,20,72,73,35,36,0,0,5,12,5,7,23,27,34,26,6,8,24,44,57,53,12,27,5,8,3,9,9,3,101,98,171.0,142.0,582.0,309.0,1531.0,672.0,1837.29,1053.255,7941.617427281903,4350.622783806226,8440.635,6634.110000000001,5.0,0.0,1.0,2.0,39.0,32.0,6.0,6.0,32.0,24.0,9.0,9.0,72.79,16.67,48.21,62.5,25.0,73.47,22.22,50.0,55.17,45.45,49.32,85.41,20.0,45.45,33.33,15.38,85.04,0.0,50.0,44.83,51.16,48.61,19.0,2.0,19.0,7.0,18.0,1.0,19.0,2.0,19.0,1.0,19.0,2.0,19.0,2.0,20.0,3.0,19.0,1.0,19.0,5.0,19.0,1.0,9.0,4.0,11.0,1.0,8.0,8.0,8.0,11.0,1.0,7.0,1.0,14.0,7.0,2.0,17.0,3.0,18.0,1.0,17.0,5.0,15.0,2.0,19.0,3.0,12.0,17.0,15.0,13.0,15.0,15.0,15.0,14.0,2.0,13.0,17.0,9.0,16.0,13.0,20.0,12.0,6.0,10.0,19.0,11.0,1.0,18.0,5.0,16.0,6.0,5.0,1.0,18.0,3.0,3.0,2.0,3.0,2.0,1.0,1.0,11.0,17.0,7.0,13.0,5.0,5.0,8.0,5.0,20.0,19.0,18.0,19.0,17.0,16.0,17.0,15.0,5.0,4.0,20.0,13.0,14.0,12.0,13.0,9.0,10.0,19.0,10.0,7.0,20.0,12.0,13.0,15.0,20.0,14.0,13.0,7.0,20.0,11.0,11.0,20.0,10.0,10.0,7.0,17.0,1.0,19.0,1.0,19.0,2.0,12.0,1.0,18.0,7.0,18.0,1.0,17.0,12.0,6.0,9.0,11.0,11.0,11.0,10.0,15.0,15.0,15.0,20.0,14.0,4.0,2.0,8.0,17.0,1.0,4.0,5.0,12.0,10.0,4.0,13.0,9.0,15.0,18.0,5.0,18.0,4.0,15.0,7.0,10.0
Ipswich,31-45,5,44.15,649,513,22,18,470,346,405,271,453,328,222,168,107,72,141,106,188,108,217,163,18,9,5,3,21,12,5,4,46,48,18,17,2,1,103,49,87,37,37,21,61,24,346,220,4,3,11,8,7,5,13,9,4,3,4,5,5,1,5,6,8,3,1,3,3,0,2,1,1,1,1,0,2,1,0,0,0,0,0,0,14,16,8,3,24,24,12,12,60,64,37,22,84,88,49,34,0,0,18,13,8,10,28,23,49,36,7,5,42,47,77,59,29,31,3,8,6,11,11,6,92,110,168.0,159.0,516.0,386.0,1221.0,880.0,1388.2050000000002,1103.655,6877.721495076783,5159.227943066961,8115.24,7052.325000000001,2.0,3.0,2.0,3.0,30.0,24.0,4.0,4.0,33.0,33.0,13.0,9.0,78.32,33.33,35.42,37.5,33.33,75.51,11.11,18.75,50.0,34.38,38.64,86.17,27.78,39.13,50.0,23.81,84.47,15.38,57.14,50.0,61.67,58.33,16.0,6.0,17.0,10.0,15.0,6.0,15.0,4.0,15.0,5.0,15.0,1.0,12.0,5.0,15.0,9.0,15.0,7.0,15.0,2.0,13.0,2.0,14.0,1.0,8.0,4.0,17.0,4.0,8.0,10.0,8.0,11.0,12.0,5.0,7.0,6.0,17.0,6.0,17.0,4.0,15.0,4.0,19.0,4.0,18.0,9.0,12.0,3.0,10.0,4.0,10.0,9.0,15.0,8.0,13.0,13.0,5.0,3.0,16.0,16.0,13.0,1.0,13.0,18.0,8.0,1.0,10.0,3.0,8.0,6.0,6.0,1.0,5.0,2.0,8.0,3.0,2.0,3.0,2.0,1.0,1.0,13.0,8.0,7.0,17.0,11.0,11.0,10.0,11.0,13.0,10.0,6.0,17.0,12.0,12.0,7.0,17.0,5.0,4.0,4.0,12.0,8.0,5.0,5.0,11.0,1.0,8.0,8.0,12.0,12.0,8.0,2.0,12.0,9.0,10.0,17.0,7.0,19.0,7.0,7.0,19.0,13.0,4.0,8.0,12.0,4.0,14.0,7.0,15.0,6.0,10.0,8.0,14.0,8.0,14.0,3.0,1.0,5.0,4.0,13.0,19.0,15.0,19.0,8.0,10.0,9.0,15.0,16.0,5.0,16.0,14.0,5.0,14.0,10.0,20.0,11.0,20.0,20.0,3.0,8.0,12.0,5.0,11.0,7.0,3.0,3.0,9.0,1.0,1.0
Leeds,31-45,5,43.76,626,487,28,14,442,312,354,236,428,296,195,144,103,67,144,101,177,104,177,132,15,12,4,4,21,14,7,4,48,51,13,22,1,0,94,54,75,36,31,25,38,35,310,221,5,2,8,4,7,3,11,9,4,4,5,2,2,3,8,6,3,3,2,4,2,0,1,3,1,3,0,0,1,2,1,0,1,0,0,0,8,17,2,7,34,34,17,17,65,66,28,36,99,100,45,53,0,0,14,19,1,11,26,28,34,32,9,3,41,47,60,60,26,35,7,2,10,12,12,10,127,109,183.0,176.0,478.0,340.0,1070.0,810.0,521.325,852.705,6202.241489688298,4285.161208465176,9534.735,8731.064999999999,0.0,0.0,1.0,2.0,42.0,50.0,8.0,8.0,40.0,34.0,11.0,9.0,75.64,33.33,43.14,66.67,28.57,66.67,22.22,41.18,50.0,54.55,53.0,80.09,26.67,27.08,44.44,33.33,79.79,9.09,25.0,50.0,43.08,45.45,18.0,7.0,18.0,5.0,17.0,8.0,18.0,9.0,18.0,8.0,18.0,6.0,18.0,7.0,18.0,8.0,17.0,8.0,17.0,11.0,17.0,7.0,9.0,4.0,3.0,4.0,14.0,1.0,8.0,7.0,5.0,17.0,4.0,7.0,15.0,7.0,15.0,7.0,18.0,10.0,12.0,13.0,13.0,10.0,17.0,6.0,16.0,12.0,19.0,4.0,18.0,11.0,15.0,8.0,7.0,8.0,19.0,15.0,10.0,9.0,13.0,12.0,13.0,10.0,3.0,3.0,10.0,8.0,1.0,6.0,1.0,5.0,5.0,8.0,3.0,1.0,2.0,1.0,2.0,1.0,1.0,18.0,7.0,18.0,6.0,1.0,1.0,3.0,2.0,10.0,8.0,11.0,6.0,6.0,6.0,9.0,4.0,5.0,4.0,9.0,2.0,20.0,3.0,7.0,6.0,10.0,13.0,5.0,16.0,14.0,8.0,7.0,11.0,12.0,4.0,6.0,18.0,10.0,5.0,5.0,10.0,1.0,5.0,3.0,5.0,9.0,18.0,9.0,18.0,19.0,16.0,9.0,19.0,3.0,7.0,16.0,17.0,12.0,6.0,7.0,4.0,9.0,7.0,1.0,6.0,12.0,15.0,18.0,5.0,9.0,1.0,6.0,20.0,1.0,11.0,11.0,4.0,7.0,14.0,9.0,19.0,13.0,3.0,12.0,12.0,18.0,9.0,16.0,14.0
Liverpool,31-45,5,55.37,482,598,17,21,323,425,247,363,302,406,154,195,77,84,92,146,97,204,150,159,5,16,1,3,12,23,3,4,52,42,18,22,0,2,42,106,31,88,18,47,25,70,206,347,6,6,7,7,6,5,9,11,3,4,3,4,3,3,6,6,3,5,3,2,0,2,0,0,0,0,0,0,0,0,0,0,0,0,0,0,12,15,3,6,21,21,10,11,61,63,26,32,82,84,36,43,0,1,10,12,5,7,30,33,24,29,2,4,36,39,54,62,22,29,6,3,13,13,13,13,97,89,153.0,143.0,361.0,460.0,795.0,1195.0,822.6750000000001,1780.5900000000001,4474.832693031605,6540.511704510833,7238.805,7134.33,2.0,2.0,1.0,3.0,28.0,31.0,6.0,6.0,29.0,17.0,9.0,12.0,85.41,18.75,52.38,50.0,17.39,83.02,0.0,40.0,52.38,50.79,51.19,76.47,20.0,34.62,50.0,25.0,73.81,0.0,25.0,47.62,42.62,43.9,6.0,17.0,7.0,14.0,10.0,17.0,7.0,17.0,7.0,17.0,8.0,16.0,4.0,16.0,11.0,17.0,8.0,17.0,4.0,17.0,15.0,19.0,5.0,17.0,8.0,14.0,3.0,13.0,8.0,4.0,15.0,11.0,4.0,14.0,5.0,19.0,4.0,19.0,4.0,16.0,2.0,18.0,2.0,16.0,4.0,3.0,4.0,14.0,12.0,9.0,10.0,15.0,11.0,13.0,7.0,16.0,8.0,9.0,10.0,13.0,13.0,12.0,7.0,8.0,11.0,11.0,2.0,18.0,17.0,16.0,16.0,5.0,5.0,18.0,17.0,3.0,2.0,3.0,2.0,1.0,1.0,16.0,9.0,17.0,12.0,15.0,15.0,16.0,12.0,12.0,12.0,12.0,9.0,14.0,13.0,16.0,11.0,5.0,2.0,14.0,13.0,14.0,12.0,4.0,4.0,19.0,16.0,19.0,15.0,17.0,15.0,15.0,8.0,19.0,12.0,12.0,17.0,4.0,3.0,3.0,4.0,11.0,15.0,12.0,16.0,17.0,8.0,17.0,6.0,15.0,2.0,17.0,6.0,14.0,13.0,3.0,4.0,12.0,4.0,14.0,14.0,11.0,11.0,13.0,19.0,15.0,8.0,6.0,13.0,2.0,6.0,15.0,9.0,17.0,12.0,10.0,7.0,8.0,19.0,13.0,16.0,5.0,9.0,19.0,18.0,18.0,11.0,17.0,17.0
Man City,31-45,5,65.05,439,817,17,37,275,648,211,577,259,628,135,239,56,147,84,262,98,349,113,228,10,17,3,4,12,20,5,5,43,41,16,25,2,4,66,181,55,154,15,45,31,67,195,528,1,5,10,6,6,6,11,12,5,5,6,3,0,4,6,11,5,1,4,5,1,0,1,1,1,1,0,0,1,1,0,0,0,0,0,0,14,28,6,15,23,23,10,13,70,76,32,40,93,99,42,53,0,2,15,15,12,4,35,18,44,34,1,6,51,42,79,52,25,34,15,6,8,11,11,8,89,98,140.0,169.0,296.0,695.0,647.0,1868.0,1054.4099999999999,1470.0,3809.6873200485047,9739.333185137408,5851.335,9118.2,1.0,2.0,1.0,2.0,25.0,52.0,4.0,11.0,40.0,19.0,11.0,12.0,89.04,23.53,60.98,62.5,25.0,85.08,8.33,53.57,56.52,52.63,53.54,76.73,30.0,37.21,45.45,41.67,83.33,9.09,42.86,43.48,45.71,45.16,1.0,18.0,1.0,14.0,1.0,18.0,1.0,18.0,1.0,18.0,1.0,18.0,2.0,20.0,1.0,19.0,1.0,16.0,1.0,18.0,2.0,12.0,4.0,8.0,3.0,14.0,6.0,4.0,5.0,12.0,16.0,15.0,2.0,5.0,1.0,14.0,1.0,14.0,1.0,19.0,3.0,15.0,4.0,18.0,1.0,20.0,7.0,7.0,15.0,9.0,6.0,11.0,8.0,3.0,2.0,5.0,17.0,20.0,8.0,13.0,3.0,8.0,19.0,4.0,1.0,6.0,10.0,8.0,8.0,6.0,6.0,5.0,5.0,8.0,8.0,3.0,2.0,3.0,2.0,1.0,1.0,13.0,2.0,12.0,2.0,14.0,14.0,16.0,10.0,6.0,5.0,8.0,2.0,8.0,7.0,11.0,4.0,5.0,1.0,8.0,9.0,4.0,17.0,1.0,17.0,4.0,11.0,20.0,10.0,5.0,14.0,1.0,16.0,15.0,5.0,2.0,12.0,16.0,7.0,7.0,16.0,14.0,10.0,17.0,8.0,18.0,1.0,20.0,1.0,11.0,3.0,19.0,1.0,19.0,3.0,7.0,4.0,12.0,6.0,19.0,3.0,15.0,4.0,1.0,18.0,12.0,8.0,2.0,9.0,1.0,2.0,8.0,7.0,13.0,1.0,3.0,6.0,5.0,18.0,4.0,14.0,12.0,2.0,8.0,12.0,11.0,18.0,15.0,16.0
Man Utd,31-45,5,58.8,513,732,16,32,346,566,283,506,332,552,151,241,88,126,107,199,103,301,180,205,8,19,1,2,11,23,3,2,48,28,18,11,1,3,63,163,54,147,14,51,24,74,203,454,3,4,7,13,5,6,8,15,4,2,2,8,2,5,7,8,1,7,4,2,0,0,1,1,1,1,0,0,1,1,0,0,0,0,0,0,11,15,5,7,24,24,15,9,52,48,26,23,76,72,41,32,1,0,14,6,7,9,28,19,30,43,11,3,49,29,58,62,24,19,7,5,10,6,6,10,87,89,139.0,168.0,380.0,609.0,945.0,1451.0,700.77,2044.875,5191.1361896828985,8360.614598806129,6202.245,8522.744999999999,2.0,3.0,2.0,1.0,26.0,41.0,4.0,9.0,36.0,34.0,8.0,16.0,89.4,10.53,39.29,20.0,8.7,90.18,6.67,46.67,37.5,47.92,44.44,81.79,12.5,37.5,66.67,27.27,85.71,12.5,45.45,62.5,50.0,53.95,3.0,15.0,2.0,17.0,3.0,16.0,2.0,16.0,2.0,15.0,2.0,17.0,1.0,12.0,3.0,16.0,2.0,15.0,2.0,10.0,6.0,15.0,1.0,17.0,11.0,17.0,3.0,13.0,14.0,7.0,20.0,11.0,19.0,7.0,3.0,16.0,2.0,15.0,2.0,20.0,1.0,20.0,1.0,17.0,2.0,12.0,9.0,14.0,2.0,13.0,6.0,17.0,4.0,8.0,16.0,18.0,3.0,15.0,6.0,12.0,7.0,19.0,3.0,4.0,11.0,11.0,10.0,8.0,8.0,6.0,6.0,5.0,5.0,8.0,8.0,3.0,2.0,3.0,2.0,1.0,1.0,17.0,9.0,14.0,6.0,11.0,11.0,5.0,15.0,15.0,17.0,12.0,16.0,16.0,17.0,12.0,18.0,1.0,4.0,9.0,18.0,10.0,6.0,5.0,14.0,15.0,5.0,1.0,16.0,9.0,19.0,10.0,8.0,17.0,18.0,6.0,14.0,10.0,18.0,18.0,10.0,15.0,15.0,19.0,9.0,15.0,2.0,15.0,2.0,17.0,1.0,13.0,2.0,18.0,9.0,3.0,1.0,5.0,14.0,17.0,6.0,15.0,6.0,5.0,6.0,17.0,4.0,1.0,17.0,14.0,20.0,17.0,1.0,15.0,8.0,18.0,10.0,15.0,13.0,17.0,13.0,1.0,7.0,4.0,9.0,9.0,2.0,9.0,6.0
Newcastle,31-45,5,48.78,568,541,35,12,388,369,321,293,377,350,178,160,90,96,120,113,153,104,168,189,16,5,3,1,25,9,6,2,40,51,23,17,0,1,94,53,72,41,26,16,64,27,294,235,9,4,10,5,7,3,15,11,6,5,5,4,4,2,9,6,6,5,5,3,1,2,4,1,4,1,0,0,2,1,0,2,0,2,0,0,19,14,9,5,28,28,18,10,62,62,29,31,90,90,47,41,0,0,13,14,9,4,19,34,41,34,3,5,42,39,60,68,28,23,5,9,12,7,7,12,102,101,182.0,157.0,432.0,421.0,993.0,1065.0,1197.0,660.5550000000001,5982.181637726119,5725.315628449451,10376.73,6691.2300000000005,1.0,1.0,3.0,0.0,58.0,25.0,9.0,5.0,17.0,34.0,15.0,11.0,79.4,20.0,33.33,55.56,22.22,77.36,9.09,35.71,35.71,50.0,45.56,82.73,18.75,57.5,54.55,24.0,76.6,13.33,47.37,64.29,46.77,52.22,10.0,13.0,13.0,2.0,19.0,13.0,12.0,12.0,13.0,11.0,13.0,10.0,16.0,11.0,8.0,14.0,12.0,11.0,17.0,14.0,9.0,6.0,19.0,8.0,16.0,2.0,19.0,2.0,14.0,15.0,5.0,5.0,12.0,14.0,7.0,7.0,16.0,10.0,15.0,12.0,19.0,1.0,18.0,11.0,13.0,1.0,9.0,7.0,17.0,4.0,18.0,4.0,11.0,2.0,2.0,8.0,8.0,6.0,15.0,6.0,13.0,5.0,7.0,2.0,8.0,6.0,2.0,1.0,8.0,1.0,6.0,5.0,5.0,2.0,8.0,3.0,1.0,3.0,1.0,1.0,1.0,7.0,12.0,6.0,13.0,9.0,9.0,2.0,13.0,11.0,13.0,10.0,11.0,10.0,10.0,8.0,12.0,5.0,4.0,11.0,11.0,6.0,17.0,16.0,2.0,6.0,11.0,18.0,12.0,12.0,15.0,7.0,3.0,10.0,15.0,13.0,6.0,5.0,16.0,16.0,5.0,9.0,7.0,4.0,13.0,11.0,12.0,12.0,9.0,10.0,19.0,11.0,9.0,2.0,17.0,7.0,8.0,3.0,17.0,2.0,18.0,6.0,16.0,19.0,6.0,4.0,12.0,15.0,12.0,17.0,4.0,12.0,13.0,12.0,13.0,20.0,8.0,14.0,10.0,15.0,3.0,4.0,10.0,15.0,7.0,7.0,1.0,13.0,8.0
Nottingham Forest,31-45,5,47.9,583,536,9,26,398,340,327,271,367,321,174,163,85,70,139,107,152,105,175,166,12,10,1,3,13,15,1,6,53,53,26,23,0,1,64,63,48,51,37,27,42,43,290,224,3,5,2,14,2,11,6,19,2,4,1,9,3,6,3,12,3,7,1,2,1,2,0,1,0,0,0,1,0,1,0,0,0,0,0,0,21,20,7,7,29,29,10,19,85,86,43,39,114,115,53,58,0,0,17,18,15,3,23,22,33,46,6,8,59,55,56,68,39,40,7,7,14,19,19,14,106,106,158.0,180.0,413.0,379.0,1070.0,828.0,1280.895,1022.1750000000001,5923.972717517374,5139.501648743636,7452.375,8903.16,0.0,1.0,1.0,2.0,33.0,41.0,4.0,14.0,22.0,42.0,5.0,19.0,79.71,30.0,43.4,30.77,40.0,80.95,5.26,35.0,65.52,45.35,50.43,82.16,8.33,49.06,66.67,7.69,75.0,0.0,33.33,34.48,50.59,46.49,11.0,11.0,14.0,20.0,7.0,11.0,16.0,11.0,15.0,13.0,16.0,12.0,15.0,14.0,17.0,10.0,14.0,12.0,16.0,12.0,12.0,10.0,11.0,17.0,8.0,11.0,10.0,20.0,3.0,3.0,3.0,2.0,3.0,14.0,7.0,15.0,13.0,16.0,13.0,4.0,10.0,11.0,9.0,12.0,16.0,12.0,7.0,20.0,1.0,19.0,1.0,19.0,1.0,14.0,7.0,20.0,2.0,9.0,3.0,19.0,1.0,12.0,3.0,18.0,11.0,6.0,2.0,18.0,8.0,16.0,16.0,5.0,1.0,18.0,8.0,3.0,2.0,3.0,2.0,1.0,1.0,4.0,4.0,9.0,6.0,5.0,5.0,16.0,1.0,1.0,1.0,2.0,3.0,1.0,1.0,3.0,1.0,5.0,4.0,7.0,3.0,1.0,19.0,13.0,12.0,13.0,3.0,10.0,7.0,2.0,3.0,14.0,3.0,3.0,2.0,6.0,9.0,2.0,1.0,1.0,2.0,8.0,6.0,11.0,4.0,13.0,16.0,9.0,17.0,8.0,13.0,12.0,15.0,12.0,4.0,16.0,8.0,12.0,6.0,10.0,6.0,15.0,1.0,16.0,1.0,20.0,1.0,14.0,7.0,8.0,18.0,2.0,11.0,16.0,15.0,1.0,14.0,9.0,12.0,20.0,5.0,1.0,20.0,16.0,18.0,14.0,20.0,8.0,12.0
Sunderland,31-45,5,51.09,540,564,23,32,369,375,292,304,349,356,159,168,82,97,128,110,128,113,164,191,10,15,4,6,13,24,4,9,43,50,20,22,1,4,74,81,57,61,19,20,36,28,252,240,3,8,4,9,3,5,7,13,2,4,4,4,1,5,5,5,2,8,2,2,0,2,1,2,1,1,0,1,1,2,0,0,0,0,0,0,20,15,7,8,31,31,14,17,71,70,30,39,102,101,44,56,1,0,12,17,5,8,31,24,27,38,5,10,44,52,58,62,33,36,8,7,14,10,10,14,107,99,162.0,182.0,401.0,425.0,985.0,937.0,803.145,532.455,5167.759115829864,5375.075283501194,7232.295,9637.215,2.0,1.0,5.0,0.0,26.0,53.0,4.0,10.0,38.0,30.0,7.0,13.0,81.07,40.0,44.0,50.0,37.5,75.31,15.38,53.33,54.84,55.71,55.45,79.13,40.0,46.51,33.33,30.77,77.03,14.29,35.0,45.16,42.25,43.14,8.0,14.0,11.0,8.0,3.0,14.0,11.0,14.0,11.0,14.0,11.0,14.0,12.0,15.0,6.0,13.0,13.0,14.0,13.0,15.0,8.0,12.0,7.0,4.0,2.0,11.0,2.0,8.0,1.0,12.0,7.0,7.0,4.0,7.0,1.0,13.0,9.0,13.0,10.0,15.0,16.0,14.0,16.0,14.0,12.0,12.0,2.0,18.0,7.0,17.0,10.0,18.0,7.0,14.0,7.0,13.0,8.0,19.0,6.0,16.0,17.0,16.0,1.0,10.0,11.0,11.0,2.0,8.0,5.0,6.0,6.0,5.0,1.0,8.0,3.0,3.0,2.0,3.0,2.0,1.0,1.0,5.0,9.0,9.0,4.0,3.0,3.0,7.0,2.0,5.0,7.0,9.0,3.0,5.0,5.0,10.0,2.0,1.0,4.0,13.0,4.0,14.0,8.0,3.0,10.0,18.0,7.0,14.0,4.0,11.0,5.0,10.0,8.0,6.0,3.0,4.0,9.0,2.0,10.0,10.0,2.0,7.0,9.0,10.0,3.0,14.0,10.0,13.0,14.0,16.0,20.0,14.0,12.0,15.0,2.0,3.0,8.0,1.0,17.0,17.0,2.0,15.0,5.0,4.0,13.0,18.0,6.0,12.0,2.0,7.0,6.0,4.0,16.0,6.0,2.0,7.0,3.0,3.0,15.0,2.0,7.0,15.0,5.0,14.0,4.0,13.0,14.0,18.0,18.0
Tottenham,31-45,5,55.47,509,634,14,27,348,463,289,401,329,440,157,172,72,107,119,184,74,191,215,210,7,9,2,0,12,16,4,2,49,39,24,16,3,1,29,105,21,88,25,38,26,56,212,335,4,9,10,8,7,5,15,12,4,2,9,4,2,6,10,8,5,4,2,2,2,0,2,0,2,0,0,0,2,0,0,0,0,0,0,0,18,33,5,17,20,20,11,9,85,84,40,39,105,104,51,48,0,0,20,11,9,12,20,10,48,36,4,3,61,46,68,46,43,34,17,5,11,15,15,11,87,101,146.0,172.0,368.0,503.0,882.0,1207.0,987.735,1262.31,5035.878236083223,6767.747275111506,6601.035,8871.24,0.0,1.0,1.0,2.0,28.0,36.0,13.0,7.0,32.0,20.0,15.0,12.0,86.61,0.0,41.03,33.33,12.5,83.81,0.0,51.52,45.0,46.43,46.15,83.05,28.57,48.98,30.77,33.33,72.41,13.33,27.78,55.0,47.06,48.57,5.0,16.0,4.0,18.0,6.0,15.0,5.0,15.0,4.0,16.0,6.0,15.0,9.0,17.0,5.0,15.0,3.0,20.0,5.0,3.0,4.0,16.0,14.0,11.0,19.0,14.0,8.0,8.0,14.0,6.0,17.0,3.0,16.0,3.0,7.0,20.0,5.0,20.0,4.0,13.0,4.0,16.0,6.0,15.0,5.0,9.0,1.0,7.0,10.0,4.0,10.0,4.0,8.0,8.0,16.0,1.0,8.0,15.0,3.0,5.0,7.0,8.0,10.0,10.0,11.0,3.0,10.0,3.0,17.0,3.0,16.0,5.0,5.0,2.0,17.0,3.0,2.0,3.0,2.0,1.0,1.0,8.0,1.0,14.0,1.0,18.0,18.0,14.0,15.0,1.0,2.0,4.0,3.0,4.0,4.0,5.0,8.0,5.0,4.0,3.0,16.0,6.0,1.0,15.0,20.0,2.0,8.0,15.0,16.0,1.0,11.0,4.0,19.0,1.0,5.0,1.0,14.0,6.0,2.0,2.0,6.0,15.0,7.0,15.0,6.0,16.0,3.0,16.0,5.0,12.0,6.0,16.0,4.0,17.0,5.0,16.0,8.0,12.0,6.0,14.0,10.0,2.0,10.0,10.0,17.0,4.0,8.0,4.0,19.0,10.0,16.0,16.0,8.0,17.0,3.0,15.0,11.0,11.0,9.0,6.0,6.0,17.0,3.0,20.0,7.0,17.0,6.0,12.0,11.0
Arsenal,46-60,5,58.36,356,499,17,23,248,369,204,328,239,353,115,142,55,83,78,144,96,193,108,135,5,11,0,0,7,14,1,1,40,28,18,19,0,0,41,104,32,92,17,32,30,45,167,265,2,3,5,9,2,7,7,11,2,5,4,2,1,4,4,6,3,5,2,4,0,1,1,4,1,3,0,1,1,4,0,0,0,0,0,0,10,12,3,3,16,16,10,6,41,43,18,22,57,59,28,28,0,0,12,8,2,2,18,14,30,23,7,4,35,20,48,37,19,13,3,3,11,3,3,11,61,64,103.0,111.0,263.0,397.0,637.0,1159.0,503.4749999999999,1447.2150000000001,3421.508596486473,5710.06800799002,5248.95,5091.24,0.0,3.0,1.0,2.0,29.0,24.0,3.0,5.0,18.0,22.0,6.0,11.0,88.89,0.0,67.86,71.43,7.14,88.46,36.36,25.0,37.5,51.16,47.46,82.26,0.0,45.0,33.33,14.29,78.05,14.29,30.0,62.5,43.9,49.12,5.0,19.0,9.0,12.0,9.0,17.0,7.0,17.0,6.0,17.0,7.0,18.0,11.0,17.0,7.0,18.0,5.0,17.0,6.0,18.0,14.0,20.0,8.0,19.0,17.0,19.0,11.0,15.0,15.0,2.0,16.0,5.0,6.0,12.0,13.0,18.0,5.0,18.0,4.0,16.0,6.0,16.0,7.0,17.0,7.0,15.0,12.0,17.0,5.0,18.0,2.0,18.0,9.0,16.0,3.0,10.0,17.0,18.0,6.0,19.0,13.0,11.0,3.0,8.0,4.0,15.0,8.0,11.0,1.0,9.0,1.0,7.0,1.0,9.0,1.0,3.0,3.0,3.0,3.0,1.0,1.0,17.0,14.0,15.0,17.0,15.0,15.0,11.0,19.0,19.0,19.0,19.0,16.0,20.0,20.0,20.0,20.0,3.0,3.0,7.0,18.0,19.0,19.0,11.0,18.0,12.0,17.0,7.0,13.0,14.0,20.0,11.0,19.0,16.0,20.0,17.0,15.0,3.0,19.0,19.0,3.0,20.0,20.0,20.0,20.0,18.0,7.0,18.0,5.0,20.0,2.0,18.0,7.0,19.0,19.0,14.0,1.0,11.0,4.0,10.0,17.0,19.0,15.0,16.0,13.0,19.0,9.0,1.0,17.0,2.0,3.0,18.0,3.0,1.0,17.0,19.0,4.0,13.0,15.0,19.0,11.0,16.0,13.0,17.0,7.0,16.0,2.0,18.0,10.0
Aston Villa,46-60,5,40.7,580,398,32,14,443,264,400,222,423,248,170,111,89,61,184,92,250,103,150,119,16,2,6,0,18,2,7,0,31,27,21,15,1,3,136,53,122,46,47,17,56,33,347,177,3,0,13,8,10,3,16,8,2,1,12,5,2,2,11,4,5,4,2,1,0,0,1,0,1,0,0,0,1,0,0,0,0,0,0,0,14,23,3,10,11,11,4,7,58,58,26,29,69,69,30,36,0,0,17,14,7,8,6,15,26,26,8,8,47,39,32,41,31,17,10,3,5,6,6,5,71,74,123.0,114.0,473.0,277.0,1227.0,716.0,1705.305,805.035,7114.137869794469,3828.3471921897235,6189.12,4503.66,3.0,1.0,3.0,2.0,41.0,19.0,7.0,4.0,12.0,31.0,16.0,7.0,84.09,0.0,55.56,16.67,0.0,86.79,0.0,43.48,63.64,50.0,52.17,90.29,37.5,67.74,14.29,38.89,89.71,6.25,21.43,36.36,44.83,43.48,19.0,2.0,18.0,2.0,16.0,2.0,17.0,2.0,16.0,2.0,17.0,3.0,18.0,8.0,15.0,1.0,10.0,1.0,11.0,9.0,18.0,1.0,20.0,1.0,17.0,5.0,20.0,2.0,19.0,16.0,17.0,2.0,11.0,6.0,2.0,1.0,14.0,1.0,14.0,1.0,16.0,2.0,12.0,2.0,16.0,11.0,18.0,2.0,9.0,2.0,17.0,2.0,19.0,16.0,19.0,1.0,7.0,12.0,12.0,2.0,16.0,4.0,8.0,8.0,13.0,15.0,14.0,11.0,16.0,9.0,15.0,7.0,7.0,9.0,16.0,3.0,3.0,3.0,3.0,1.0,1.0,11.0,1.0,15.0,3.0,20.0,20.0,19.0,16.0,10.0,9.0,10.0,6.0,18.0,19.0,19.0,11.0,3.0,3.0,3.0,6.0,8.0,5.0,19.0,15.0,16.0,16.0,5.0,2.0,4.0,10.0,20.0,18.0,4.0,19.0,3.0,15.0,17.0,15.0,15.0,17.0,17.0,16.0,17.0,19.0,2.0,18.0,2.0,15.0,1.0,15.0,2.0,18.0,10.0,20.0,1.0,7.0,1.0,4.0,4.0,19.0,8.0,18.0,19.0,4.0,2.0,19.0,10.0,17.0,4.0,19.0,19.0,6.0,16.0,9.0,2.0,7.0,3.0,1.0,1.0,1.0,19.0,2.0,1.0,17.0,19.0,19.0,15.0,19.0
Bournemouth,46-60,5,48.34,482,451,17,13,335,317,280,259,319,293,146,139,68,99,121,79,143,103,137,156,11,9,3,2,14,13,4,3,26,45,7,16,1,2,65,54,53,49,29,23,37,34,262,194,4,4,7,9,5,6,9,9,3,2,4,6,2,1,6,8,3,1,2,1,1,1,2,1,1,1,1,0,2,1,0,0,0,0,0,0,19,9,9,3,20,20,12,8,61,59,29,30,81,79,41,38,0,0,11,14,6,10,16,18,32,27,4,3,37,45,48,45,28,29,3,9,13,9,9,13,86,74,148.0,122.0,361.0,356.0,760.0,789.0,850.9199999999998,720.825,4743.463335097342,5049.033352050683,7282.379999999999,5236.245,0.0,1.0,3.0,1.0,31.0,17.0,5.0,4.0,28.0,25.0,9.0,9.0,81.7,22.22,35.56,25.0,23.08,90.74,11.11,33.33,40.0,50.85,48.1,83.58,27.27,26.92,42.86,28.57,81.54,22.22,47.37,60.0,47.54,50.62,11.0,11.0,14.0,12.0,17.0,10.0,12.0,10.0,12.0,10.0,12.0,11.0,13.0,14.0,4.0,9.0,18.0,10.0,11.0,12.0,6.0,7.0,12.0,2.0,7.0,9.0,13.0,7.0,11.0,20.0,2.0,20.0,9.0,6.0,3.0,12.0,13.0,13.0,12.0,8.0,11.0,11.0,11.0,9.0,13.0,6.0,10.0,9.0,5.0,7.0,6.0,13.0,14.0,7.0,16.0,10.0,4.0,12.0,16.0,11.0,7.0,11.0,18.0,8.0,13.0,7.0,8.0,4.0,8.0,9.0,8.0,1.0,7.0,4.0,7.0,3.0,3.0,3.0,3.0,1.0,1.0,6.0,19.0,4.0,17.0,9.0,9.0,7.0,14.0,5.0,8.0,6.0,4.0,5.0,7.0,7.0,7.0,3.0,3.0,8.0,6.0,10.0,3.0,14.0,11.0,7.0,14.0,14.0,18.0,12.0,4.0,11.0,16.0,8.0,4.0,17.0,4.0,1.0,5.0,5.0,1.0,9.0,16.0,5.0,15.0,10.0,11.0,13.0,13.0,16.0,18.0,13.0,10.0,5.0,18.0,14.0,7.0,1.0,12.0,9.0,20.0,15.0,18.0,7.0,9.0,13.0,14.0,13.0,8.0,16.0,17.0,9.0,1.0,7.0,14.0,17.0,6.0,9.0,12.0,3.0,20.0,12.0,7.0,10.0,4.0,7.0,4.0,11.0,6.0
Brentford,46-60,5,47.56,559,507,18,30,369,339,310,273,354,331,148,144,97,75,124,120,163,135,147,138,10,15,2,1,13,19,3,4,36,45,14,18,2,0,90,77,77,65,24,31,37,33,265,225,6,4,10,8,7,7,12,17,5,6,4,6,3,5,9,13,3,4,3,5,2,1,1,4,1,3,0,1,1,4,0,0,0,0,0,0,17,20,7,4,28,28,15,13,48,50,28,19,76,78,43,32,0,0,18,12,14,8,31,24,32,35,5,8,44,38,63,59,31,26,4,7,3,3,3,3,86,101,150.0,166.0,414.0,377.0,1007.0,797.0,909.72,556.395,5506.801748399549,4598.832722063344,6889.785,8970.78,2.0,1.0,2.0,0.0,21.0,47.0,7.0,16.0,36.0,30.0,13.0,17.0,80.53,6.67,40.0,50.0,21.05,84.42,23.53,20.0,46.43,38.0,41.03,84.01,20.0,38.89,55.56,23.08,85.56,8.33,41.18,53.57,58.33,56.58,13.0,4.0,7.0,11.0,2.0,8.0,9.0,8.0,10.0,8.0,8.0,10.0,9.0,4.0,11.0,7.0,9.0,5.0,9.0,10.0,13.0,12.0,4.0,8.0,13.0,11.0,3.0,10.0,7.0,9.0,2.0,15.0,8.0,4.0,13.0,5.0,9.0,5.0,9.0,12.0,7.0,11.0,12.0,8.0,10.0,3.0,10.0,3.0,9.0,3.0,2.0,8.0,3.0,3.0,1.0,10.0,4.0,8.0,5.0,7.0,1.0,11.0,8.0,4.0,1.0,3.0,8.0,11.0,1.0,9.0,1.0,7.0,1.0,9.0,1.0,3.0,3.0,3.0,3.0,1.0,1.0,8.0,6.0,9.0,14.0,5.0,5.0,4.0,5.0,16.0,15.0,8.0,19.0,11.0,8.0,3.0,19.0,3.0,3.0,2.0,12.0,1.0,5.0,1.0,7.0,7.0,3.0,11.0,2.0,6.0,11.0,2.0,2.0,4.0,8.0,14.0,9.0,19.0,19.0,19.0,19.0,9.0,2.0,4.0,2.0,8.0,8.0,7.0,11.0,11.0,20.0,8.0,12.0,7.0,2.0,2.0,7.0,4.0,18.0,19.0,2.0,8.0,1.0,2.0,5.0,8.0,1.0,18.0,16.0,13.0,8.0,10.0,9.0,4.0,19.0,13.0,19.0,20.0,9.0,9.0,15.0,5.0,11.0,7.0,14.0,11.0,8.0,2.0,1.0
Brighton,46-60,5,62.37,356,590,20,28,202,450,149,387,185,436,97,174,40,86,65,190,64,234,85,153,8,18,1,2,12,24,3,5,37,42,20,20,0,1,50,111,38,96,15,37,17,57,117,354,3,6,7,10,5,6,7,15,2,3,2,9,3,3,6,11,1,4,2,3,0,0,0,2,0,2,0,0,0,2,0,0,0,0,0,0,13,6,5,1,38,38,18,20,40,37,21,16,78,75,39,36,0,0,8,11,6,3,31,23,19,33,6,4,25,31,50,56,12,21,1,5,4,8,8,4,80,79,133.0,141.0,229.0,492.0,498.0,1099.0,874.755,1120.77,2884.1485916007987,6737.7980931428565,6145.860000000001,7534.695,1.0,2.0,1.0,1.0,32.0,40.0,5.0,8.0,32.0,19.0,7.0,15.0,86.0,11.11,47.62,25.0,20.83,86.49,13.33,16.67,52.63,43.24,48.0,73.76,12.5,54.05,50.0,25.0,76.0,0.0,38.46,47.37,52.5,50.0,1.0,19.0,5.0,9.0,4.0,20.0,3.0,20.0,4.0,20.0,3.0,20.0,3.0,20.0,6.0,19.0,3.0,19.0,1.0,20.0,8.0,14.0,1.0,12.0,7.0,12.0,1.0,10.0,4.0,7.0,4.0,3.0,5.0,12.0,6.0,16.0,4.0,17.0,3.0,17.0,4.0,20.0,2.0,19.0,3.0,11.0,2.0,9.0,3.0,7.0,6.0,18.0,4.0,16.0,11.0,17.0,1.0,8.0,10.0,11.0,4.0,19.0,8.0,8.0,6.0,15.0,14.0,18.0,6.0,16.0,4.0,7.0,7.0,18.0,5.0,3.0,3.0,3.0,3.0,1.0,1.0,12.0,20.0,11.0,20.0,1.0,1.0,1.0,1.0,20.0,20.0,18.0,20.0,9.0,14.0,8.0,11.0,3.0,3.0,18.0,14.0,10.0,17.0,1.0,8.0,20.0,6.0,8.0,13.0,18.0,17.0,10.0,6.0,20.0,15.0,20.0,11.0,18.0,8.0,8.0,18.0,12.0,9.0,13.0,9.0,20.0,2.0,20.0,6.0,14.0,7.0,20.0,3.0,11.0,6.0,9.0,3.0,11.0,12.0,8.0,4.0,15.0,7.0,3.0,17.0,17.0,4.0,7.0,14.0,7.0,17.0,11.0,7.0,6.0,20.0,8.0,18.0,11.0,19.0,14.0,6.0,7.0,9.0,18.0,18.0,13.0,13.0,3.0,8.0
Chelsea,46-60,5,40.9,552,382,24,28,411,227,352,187,397,209,167,96,93,47,151,84,199,101,153,86,13,12,3,3,16,16,5,3,42,34,17,19,0,0,103,59,89,47,33,16,49,24,302,160,2,6,8,9,7,6,15,12,7,3,6,5,2,4,10,8,5,4,6,2,1,1,3,1,3,1,0,0,3,1,0,0,0,0,0,0,11,13,6,5,23,23,10,13,48,48,25,21,71,71,35,34,0,0,11,9,6,9,20,26,25,21,2,3,31,35,45,47,16,20,5,6,7,8,8,7,74,67,136.0,119.0,457.0,259.0,1025.0,641.0,907.7249999999999,951.72,6103.0589711611965,3536.324770622364,7120.365,5878.005,0.0,0.0,2.0,1.0,38.0,27.0,11.0,7.0,18.0,23.0,15.0,11.0,82.38,25.0,55.88,37.5,18.75,79.66,8.33,38.46,56.52,43.75,47.89,85.64,23.08,40.48,53.85,31.25,86.41,20.0,54.55,43.48,52.08,49.3,18.0,5.0,19.0,7.0,4.0,4.0,19.0,4.0,19.0,4.0,19.0,5.0,20.0,5.0,18.0,4.0,15.0,4.0,13.0,7.0,20.0,4.0,5.0,2.0,3.0,6.0,8.0,4.0,11.0,1.0,10.0,8.0,6.0,12.0,13.0,4.0,12.0,3.0,13.0,4.0,17.0,4.0,18.0,5.0,18.0,15.0,2.0,7.0,5.0,3.0,6.0,4.0,7.0,2.0,11.0,4.0,7.0,12.0,6.0,5.0,7.0,4.0,8.0,2.0,9.0,7.0,8.0,1.0,8.0,1.0,8.0,7.0,7.0,1.0,7.0,3.0,3.0,3.0,3.0,1.0,1.0,15.0,12.0,10.0,12.0,6.0,6.0,11.0,5.0,16.0,17.0,11.0,17.0,16.0,15.0,11.0,15.0,3.0,3.0,8.0,16.0,10.0,4.0,10.0,5.0,17.0,20.0,16.0,18.0,16.0,13.0,14.0,13.0,19.0,18.0,12.0,10.0,11.0,8.0,8.0,11.0,15.0,19.0,11.0,18.0,3.0,19.0,5.0,19.0,12.0,12.0,4.0,19.0,6.0,14.0,14.0,15.0,4.0,12.0,5.0,14.0,2.0,10.0,16.0,11.0,4.0,9.0,12.0,4.0,3.0,12.0,14.0,14.0,13.0,13.0,6.0,16.0,12.0,6.0,7.0,13.0,6.0,5.0,6.0,5.0,5.0,15.0,6.0,9.0
Coventry,46-60,5,42.81,549,411,28,12,425,285,371,231,408,272,164,144,89,59,172,82,236,99,135,132,11,7,2,0,16,12,4,3,34,39,16,21,3,0,105,51,91,33,30,28,43,36,333,216,4,2,6,3,3,1,10,3,3,2,4,1,3,0,7,3,3,0,2,2,1,0,2,1,2,1,0,0,2,1,0,0,0,0,0,0,7,15,3,7,35,35,15,20,44,46,23,21,79,81,38,41,0,0,9,7,2,6,22,31,32,32,1,4,26,31,54,63,18,21,7,3,7,11,11,7,75,77,125.0,125.0,447.0,306.0,1134.0,697.0,1390.41,1097.985,5917.40050562133,3939.7843294563872,6075.51,6107.01,1.0,0.0,1.0,2.0,29.0,30.0,7.0,2.0,24.0,14.0,10.0,3.0,81.05,0.0,53.85,66.67,25.0,64.71,33.33,46.67,57.14,45.65,50.62,87.29,18.18,47.06,42.86,25.0,86.67,20.0,42.86,42.86,52.27,48.1,16.0,6.0,17.0,4.0,19.0,3.0,15.0,3.0,14.0,3.0,14.0,6.0,9.0,8.0,16.0,3.0,16.0,2.0,15.0,14.0,15.0,7.0,17.0,8.0,17.0,6.0,15.0,7.0,11.0,13.0,5.0,10.0,3.0,2.0,13.0,3.0,17.0,2.0,17.0,7.0,9.0,6.0,9.0,3.0,11.0,6.0,15.0,15.0,20.0,14.0,20.0,10.0,20.0,7.0,16.0,10.0,19.0,8.0,18.0,10.0,20.0,11.0,20.0,8.0,9.0,7.0,14.0,4.0,8.0,2.0,8.0,7.0,7.0,4.0,7.0,3.0,3.0,3.0,3.0,1.0,1.0,20.0,10.0,15.0,8.0,2.0,2.0,4.0,1.0,18.0,18.0,15.0,17.0,7.0,4.0,10.0,5.0,3.0,3.0,15.0,19.0,19.0,11.0,9.0,1.0,7.0,7.0,19.0,13.0,17.0,17.0,7.0,1.0,18.0,15.0,8.0,15.0,11.0,2.0,2.0,11.0,14.0,13.0,15.0,13.0,4.0,16.0,3.0,17.0,3.0,9.0,5.0,16.0,13.0,13.0,9.0,15.0,11.0,4.0,10.0,12.0,8.0,20.0,10.0,19.0,10.0,20.0,16.0,17.0,5.0,4.0,7.0,20.0,2.0,7.0,5.0,13.0,7.0,3.0,11.0,9.0,12.0,9.0,5.0,5.0,10.0,16.0,5.0,12.0
Crystal Palace,46-60,5,42.76,569,425,42,13,400,257,340,208,388,241,173,122,98,45,129,90,160,62,180,146,11,4,3,0,21,6,8,0,35,22,20,6,0,1,75,28,60,19,31,12,52,23,319,154,9,2,17,4,12,2,22,9,9,3,6,5,7,1,16,5,6,4,7,1,2,2,3,2,2,2,1,0,3,1,1,0,1,0,0,0,20,10,9,4,16,16,9,7,53,54,24,27,69,70,33,34,0,0,10,16,7,7,6,31,35,23,11,7,39,44,41,54,25,23,4,9,7,5,5,7,92,75,163.0,122.0,430.0,284.0,995.0,683.0,1104.7050000000002,809.235,6336.650403520155,3880.8121794079416,9462.18,5240.97,1.0,1.0,2.0,3.0,50.0,25.0,17.0,6.0,22.0,24.0,22.0,9.0,80.93,0.0,27.27,37.5,0.0,67.86,11.11,40.0,43.75,50.0,48.57,85.0,27.27,57.14,60.0,38.1,80.0,13.64,45.0,56.25,45.28,47.83,17.0,3.0,16.0,1.0,17.0,6.0,18.0,5.0,18.0,5.0,18.0,2.0,17.0,3.0,19.0,6.0,12.0,6.0,19.0,4.0,10.0,7.0,19.0,2.0,17.0,3.0,18.0,1.0,19.0,12.0,19.0,3.0,20.0,12.0,6.0,11.0,20.0,11.0,20.0,6.0,19.0,3.0,19.0,4.0,19.0,1.0,15.0,1.0,19.0,1.0,19.0,1.0,14.0,1.0,11.0,4.0,7.0,1.0,16.0,1.0,15.0,3.0,8.0,1.0,13.0,3.0,3.0,1.0,6.0,2.0,4.0,1.0,7.0,1.0,7.0,1.0,3.0,1.0,3.0,1.0,1.0,4.0,16.0,4.0,14.0,15.0,15.0,14.0,16.0,12.0,12.0,13.0,10.0,18.0,18.0,15.0,15.0,3.0,3.0,12.0,2.0,8.0,9.0,19.0,1.0,3.0,17.0,2.0,5.0,9.0,6.0,18.0,8.0,11.0,13.0,14.0,4.0,11.0,16.0,16.0,11.0,3.0,15.0,3.0,15.0,6.0,17.0,8.0,18.0,7.0,14.0,3.0,17.0,2.0,17.0,9.0,7.0,4.0,2.0,2.0,16.0,1.0,13.0,13.0,10.0,1.0,14.0,17.0,17.0,20.0,12.0,19.0,19.0,7.0,12.0,15.0,7.0,8.0,7.0,3.0,3.0,3.0,3.0,14.0,8.0,8.0,6.0,13.0,14.0
Everton,46-60,5,45.74,541,456,9,21,402,296,339,241,387,286,170,138,92,66,140,92,154,91,185,150,6,9,1,3,9,16,1,4,36,34,10,12,0,1,83,52,73,40,33,22,39,29,269,198,3,7,2,11,1,8,4,14,3,5,0,1,1,8,1,11,3,3,0,5,3,0,1,1,0,1,1,0,1,1,0,0,0,0,0,0,11,14,3,6,20,20,9,11,51,51,23,26,71,71,32,37,0,0,10,13,4,14,24,16,37,42,5,7,32,47,61,58,20,32,6,3,7,10,10,7,87,80,137.0,141.0,436.0,336.0,1014.0,739.0,785.6100000000001,870.8700000000001,5628.889972129965,4459.519865246278,6038.76,7462.035,0.0,0.0,1.0,0.0,28.0,37.0,3.0,12.0,29.0,21.0,3.0,14.0,81.42,33.33,35.29,83.33,25.0,76.92,7.14,42.86,55.0,50.98,52.11,84.33,16.67,27.78,100.0,11.11,87.95,25.0,27.27,45.0,45.1,45.07,14.0,7.0,13.0,20.0,10.0,5.0,13.0,6.0,13.0,6.0,13.0,3.0,14.0,6.0,13.0,5.0,10.0,7.0,17.0,3.0,9.0,17.0,12.0,12.0,3.0,17.0,8.0,15.0,7.0,9.0,10.0,19.0,15.0,12.0,6.0,7.0,16.0,7.0,16.0,4.0,12.0,10.0,16.0,7.0,12.0,11.0,1.0,20.0,1.0,20.0,1.0,20.0,5.0,7.0,3.0,20.0,19.0,18.0,2.0,20.0,4.0,11.0,14.0,18.0,1.0,1.0,14.0,11.0,8.0,16.0,8.0,1.0,7.0,9.0,7.0,3.0,3.0,3.0,3.0,1.0,1.0,15.0,11.0,15.0,9.0,9.0,9.0,14.0,8.0,14.0,14.0,15.0,12.0,16.0,15.0,18.0,8.0,3.0,3.0,12.0,11.0,14.0,1.0,6.0,14.0,2.0,1.0,11.0,5.0,15.0,3.0,4.0,4.0,12.0,1.0,9.0,15.0,11.0,3.0,3.0,11.0,7.0,7.0,10.0,9.0,5.0,13.0,6.0,14.0,18.0,13.0,7.0,15.0,14.0,7.0,14.0,15.0,11.0,18.0,13.0,6.0,19.0,2.0,6.0,15.0,20.0,5.0,14.0,3.0,18.0,1.0,7.0,17.0,15.0,10.0,7.0,5.0,4.0,8.0,12.0,19.0,1.0,16.0,4.0,2.0,17.0,14.0,14.0,16.0
Fulham,46-60,5,55.87,477,604,17,28,323,448,267,392,312,431,151,188,76,122,96,138,113,215,154,177,9,11,1,2,11,17,1,5,40,38,23,16,1,1,76,114,63,100,21,42,40,52,217,335,1,5,6,8,3,7,8,13,3,4,3,3,2,6,8,12,0,1,3,4,0,0,2,1,2,1,0,0,2,1,0,0,0,0,0,0,16,22,5,11,15,15,8,7,60,62,25,33,75,77,33,40,1,0,11,14,4,11,18,15,25,32,5,7,39,45,43,47,20,24,11,5,8,8,8,8,87,88,135.0,142.0,341.0,488.0,824.0,1317.0,876.855,1285.095,5209.839872816396,7185.19169576293,6080.445,7635.075,0.0,2.0,1.0,0.0,27.0,40.0,5.0,11.0,31.0,15.0,7.0,13.0,87.5,18.18,42.11,57.14,29.41,87.72,7.69,50.0,46.67,53.23,51.95,82.66,11.11,57.5,50.0,9.09,82.89,25.0,31.25,53.33,41.67,44.0,6.0,12.0,3.0,12.0,4.0,12.0,4.0,12.0,2.0,11.0,4.0,9.0,2.0,11.0,1.0,15.0,6.0,15.0,4.0,6.0,4.0,13.0,8.0,12.0,7.0,14.0,5.0,15.0,4.0,2.0,7.0,1.0,9.0,6.0,6.0,10.0,2.0,8.0,2.0,15.0,2.0,8.0,4.0,13.0,5.0,18.0,6.0,15.0,9.0,14.0,2.0,16.0,6.0,7.0,6.0,16.0,14.0,12.0,4.0,9.0,3.0,20.0,18.0,4.0,4.0,15.0,14.0,4.0,8.0,2.0,8.0,7.0,7.0,4.0,7.0,3.0,3.0,3.0,3.0,1.0,1.0,9.0,2.0,11.0,2.0,18.0,18.0,16.0,16.0,7.0,4.0,11.0,2.0,13.0,10.0,15.0,6.0,1.0,3.0,8.0,6.0,14.0,2.0,11.0,15.0,17.0,7.0,11.0,5.0,9.0,4.0,16.0,13.0,12.0,12.0,2.0,11.0,8.0,8.0,8.0,8.0,7.0,5.0,12.0,7.0,14.0,3.0,12.0,1.0,13.0,4.0,11.0,2.0,12.0,5.0,14.0,3.0,11.0,18.0,15.0,4.0,15.0,3.0,5.0,18.0,17.0,6.0,4.0,11.0,10.0,5.0,5.0,4.0,14.0,4.0,12.0,2.0,5.0,14.0,15.0,2.0,7.0,17.0,9.0,2.0,15.0,9.0,19.0,17.0
Hull,46-60,5,36.02,634,357,28,12,470,217,415,157,457,202,185,106,106,44,179,67,201,55,214,102,15,8,3,1,24,8,5,1,32,38,18,14,3,0,107,38,84,27,40,12,61,18,368,133,6,0,8,6,6,4,10,9,3,3,4,6,3,0,6,4,4,5,1,1,2,2,0,0,0,0,0,0,0,0,0,0,0,0,0,0,24,10,8,6,23,23,14,9,59,55,29,25,82,78,43,34,0,1,8,16,4,6,14,28,39,29,4,6,24,49,53,57,20,23,6,8,2,13,13,2,94,80,164.0,123.0,513.0,244.0,1264.0,499.0,1652.5949999999998,964.53,7162.001817362404,2985.193592007684,8743.244999999999,5266.17,0.0,1.0,2.0,2.0,46.0,28.0,6.0,8.0,16.0,27.0,10.0,9.0,72.35,12.5,36.84,33.33,12.5,71.05,0.0,60.0,39.13,45.45,43.59,88.3,20.0,56.25,42.86,20.83,78.5,0.0,33.33,60.87,49.15,52.44,20.0,1.0,20.0,4.0,19.0,1.0,20.0,1.0,20.0,1.0,20.0,1.0,19.0,2.0,20.0,2.0,20.0,3.0,20.0,1.0,19.0,3.0,15.0,2.0,13.0,1.0,17.0,4.0,15.0,15.0,7.0,5.0,12.0,2.0,13.0,2.0,18.0,4.0,19.0,2.0,19.0,1.0,20.0,1.0,20.0,3.0,18.0,7.0,16.0,6.0,12.0,10.0,14.0,7.0,11.0,10.0,4.0,8.0,18.0,11.0,16.0,7.0,3.0,16.0,13.0,3.0,3.0,18.0,16.0,16.0,15.0,7.0,7.0,18.0,16.0,3.0,3.0,3.0,3.0,1.0,1.0,2.0,16.0,7.0,9.0,6.0,6.0,6.0,12.0,8.0,11.0,6.0,14.0,4.0,8.0,3.0,15.0,3.0,1.0,18.0,2.0,14.0,11.0,17.0,3.0,1.0,12.0,14.0,9.0,19.0,2.0,8.0,5.0,12.0,13.0,9.0,7.0,20.0,1.0,1.0,20.0,2.0,7.0,2.0,14.0,1.0,20.0,1.0,20.0,2.0,11.0,1.0,20.0,3.0,16.0,14.0,7.0,4.0,4.0,3.0,13.0,12.0,7.0,18.0,7.0,10.0,14.0,20.0,12.0,15.0,16.0,16.0,18.0,16.0,2.0,18.0,14.0,18.0,2.0,9.0,5.0,12.0,12.0,16.0,18.0,14.0,3.0,9.0,3.0
Ipswich,46-60,5,44.8,541,439,27,19,385,281,330,228,369,271,159,138,107,66,119,77,140,100,190,128,8,8,2,2,12,13,5,4,34,33,16,13,1,0,78,53,63,41,24,22,43,30,270,184,4,5,5,7,3,3,12,9,3,4,2,5,7,0,10,4,2,5,2,1,1,3,2,0,2,0,0,0,1,0,0,1,0,1,0,0,10,22,4,9,17,17,11,6,59,60,28,29,76,77,39,35,0,0,16,14,10,5,16,17,31,34,8,4,49,35,47,51,29,25,9,4,6,8,8,6,88,87,138.0,142.0,416.0,315.0,970.0,793.0,931.4550000000002,783.405,5823.223212881539,4459.859400234506,6636.84,7096.95,2.0,0.0,2.0,2.0,22.0,34.0,10.0,5.0,20.0,34.0,11.0,9.0,81.14,25.0,39.39,44.44,30.77,77.36,0.0,40.91,35.29,48.33,45.45,85.71,25.0,47.06,60.0,41.67,80.77,8.33,40.0,64.71,47.46,51.32,15.0,7.0,15.0,6.0,12.0,7.0,16.0,7.0,15.0,7.0,15.0,7.0,14.0,1.0,13.0,10.0,19.0,11.0,14.0,2.0,16.0,14.0,15.0,8.0,7.0,12.0,13.0,4.0,7.0,13.0,12.0,10.0,13.0,6.0,13.0,8.0,14.0,8.0,15.0,12.0,12.0,6.0,15.0,6.0,15.0,6.0,6.0,17.0,13.0,14.0,17.0,8.0,14.0,7.0,6.0,17.0,7.0,1.0,18.0,5.0,16.0,17.0,3.0,8.0,13.0,7.0,1.0,4.0,16.0,2.0,15.0,7.0,7.0,9.0,16.0,3.0,1.0,3.0,1.0,1.0,1.0,17.0,2.0,14.0,5.0,14.0,14.0,9.0,19.0,8.0,5.0,8.0,6.0,11.0,10.0,8.0,14.0,3.0,3.0,4.0,6.0,3.0,14.0,14.0,13.0,11.0,5.0,5.0,13.0,3.0,13.0,13.0,10.0,6.0,10.0,5.0,14.0,15.0,8.0,8.0,15.0,6.0,6.0,9.0,7.0,7.0,15.0,9.0,12.0,9.0,16.0,6.0,14.0,9.0,8.0,2.0,15.0,4.0,4.0,18.0,9.0,4.0,15.0,15.0,2.0,9.0,14.0,15.0,4.0,14.0,10.0,4.0,16.0,16.0,11.0,20.0,11.0,17.0,5.0,5.0,9.0,3.0,1.0,12.0,14.0,12.0,1.0,12.0,5.0
Leeds,46-60,5,51.49,471,500,20,17,312,320,254,264,298,302,140,154,56,81,116,85,148,70,106,194,16,10,1,1,22,12,2,1,40,32,15,13,0,0,89,38,76,30,35,15,47,28,227,187,6,2,9,5,5,4,13,10,3,4,5,4,5,2,6,7,7,3,0,3,3,1,0,1,0,1,0,0,0,1,0,0,0,0,0,0,16,18,3,10,34,34,17,17,53,53,16,35,87,87,33,52,0,0,9,16,3,8,31,27,33,32,6,6,37,37,64,59,29,21,10,3,9,4,4,9,85,79,145.0,147.0,340.0,358.0,711.0,836.0,982.275,1115.205,4197.613480058108,5205.161553759426,7803.915000000001,6829.305,2.0,0.0,2.0,1.0,37.0,36.0,10.0,8.0,26.0,33.0,14.0,10.0,82.5,10.0,40.62,50.0,8.33,78.95,10.0,55.56,50.0,66.04,59.77,81.41,6.25,37.5,37.5,9.09,85.39,0.0,18.75,50.0,30.19,37.93,9.0,13.0,8.0,9.0,13.0,14.0,11.0,14.0,11.0,13.0,11.0,13.0,7.0,16.0,10.0,11.0,14.0,8.0,18.0,19.0,1.0,1.0,10.0,12.0,13.0,2.0,15.0,13.0,15.0,2.0,13.0,13.0,13.0,12.0,13.0,6.0,18.0,6.0,18.0,3.0,18.0,5.0,17.0,12.0,14.0,3.0,15.0,5.0,18.0,7.0,12.0,7.0,11.0,7.0,6.0,6.0,12.0,6.0,12.0,11.0,11.0,1.0,14.0,18.0,6.0,1.0,8.0,18.0,8.0,16.0,8.0,7.0,7.0,18.0,7.0,3.0,3.0,3.0,3.0,1.0,1.0,9.0,8.0,15.0,3.0,3.0,3.0,2.0,3.0,12.0,13.0,20.0,1.0,3.0,3.0,15.0,1.0,3.0,3.0,15.0,2.0,17.0,5.0,1.0,4.0,5.0,7.0,8.0,9.0,12.0,12.0,1.0,2.0,6.0,15.0,3.0,15.0,6.0,18.0,18.0,6.0,11.0,9.0,6.0,5.0,15.0,10.0,16.0,10.0,8.0,8.0,16.0,8.0,4.0,10.0,2.0,15.0,4.0,12.0,6.0,7.0,4.0,7.0,9.0,3.0,7.0,12.0,11.0,15.0,12.0,8.0,17.0,15.0,11.0,3.0,9.0,1.0,1.0,17.0,18.0,16.0,15.0,17.0,8.0,18.0,20.0,11.0,20.0,20.0
Liverpool,46-60,5,61.22,406,641,15,20,225,453,163,392,208,437,118,199,50,98,57,156,47,214,116,178,7,17,1,2,8,22,1,4,38,38,15,27,0,0,30,100,21,80,15,45,20,65,116,351,0,3,7,11,2,6,9,18,2,6,5,2,2,10,5,13,4,5,0,5,2,1,1,3,0,2,1,1,1,3,0,0,0,0,0,0,12,21,3,5,15,15,6,9,64,65,38,24,79,80,44,33,0,1,28,9,10,8,28,15,35,39,10,6,62,33,63,54,36,27,5,3,9,7,7,9,90,110,139.0,182.0,260.0,493.0,582.0,1183.0,1192.695,1783.0049999999999,3417.1689278055783,7253.8348954155945,5872.965,9339.225,2.0,2.0,3.0,1.0,23.0,46.0,6.0,10.0,37.0,23.0,9.0,17.0,86.53,11.76,71.05,75.0,18.18,80.0,16.67,23.81,60.0,36.92,41.25,72.44,14.29,39.47,28.57,12.5,70.0,11.11,25.0,40.0,59.38,55.7,2.0,18.0,1.0,18.0,11.0,19.0,2.0,19.0,2.0,19.0,2.0,17.0,1.0,19.0,5.0,20.0,4.0,20.0,5.0,17.0,3.0,16.0,2.0,12.0,7.0,18.0,2.0,15.0,7.0,6.0,7.0,13.0,1.0,12.0,13.0,20.0,6.0,20.0,6.0,17.0,1.0,19.0,1.0,20.0,4.0,20.0,12.0,9.0,1.0,18.0,6.0,13.0,1.0,16.0,1.0,6.0,17.0,12.0,1.0,17.0,1.0,7.0,3.0,18.0,1.0,3.0,8.0,11.0,4.0,16.0,4.0,1.0,1.0,9.0,4.0,3.0,3.0,3.0,3.0,1.0,1.0,14.0,4.0,15.0,12.0,18.0,18.0,18.0,12.0,3.0,2.0,1.0,15.0,7.0,5.0,2.0,18.0,3.0,1.0,1.0,16.0,3.0,5.0,4.0,15.0,3.0,2.0,4.0,9.0,1.0,16.0,2.0,8.0,1.0,7.0,12.0,15.0,6.0,14.0,14.0,6.0,4.0,1.0,7.0,1.0,19.0,1.0,19.0,3.0,6.0,1.0,19.0,1.0,17.0,1.0,2.0,3.0,1.0,12.0,17.0,3.0,12.0,4.0,1.0,11.0,13.0,1.0,6.0,13.0,1.0,2.0,15.0,12.0,5.0,18.0,4.0,20.0,19.0,20.0,13.0,14.0,18.0,14.0,19.0,12.0,18.0,17.0,1.0,2.0
Man City,46-60,5,59.66,409,605,14,25,279,472,233,418,262,451,126,162,70,118,83,192,97,224,136,194,6,12,0,3,7,17,0,6,27,29,13,9,1,4,38,81,30,71,12,24,31,39,186,380,2,6,7,7,4,4,10,12,1,5,7,4,2,3,5,8,5,4,1,3,0,2,2,4,2,3,0,1,1,4,0,1,0,1,0,0,13,19,8,9,20,20,10,10,61,60,32,27,81,80,42,37,0,0,16,6,9,7,18,9,21,27,0,2,46,31,39,36,33,25,9,8,12,8,8,12,64,79,113.0,139.0,296.0,487.0,731.0,1220.0,855.9599999999999,776.685,4210.7563325473675,6359.83483539351,4950.855,7008.12,2.0,1.0,1.0,2.0,20.0,34.0,4.0,9.0,23.0,28.0,10.0,12.0,88.56,25.0,31.03,55.56,35.29,87.65,33.33,47.37,50.0,45.0,46.25,83.51,0.0,48.15,12.5,0.0,78.95,10.0,61.54,50.0,52.46,51.85,3.0,17.0,2.0,19.0,8.0,16.0,1.0,16.0,1.0,16.0,1.0,16.0,5.0,13.0,2.0,16.0,2.0,16.0,3.0,13.0,1.0,17.0,5.0,19.0,3.0,19.0,5.0,20.0,2.0,19.0,15.0,16.0,19.0,6.0,1.0,19.0,8.0,19.0,8.0,20.0,10.0,15.0,8.0,16.0,1.0,15.0,2.0,9.0,13.0,12.0,12.0,10.0,7.0,20.0,3.0,2.0,12.0,12.0,10.0,17.0,7.0,4.0,8.0,16.0,6.0,15.0,3.0,4.0,1.0,2.0,1.0,7.0,1.0,9.0,1.0,3.0,1.0,3.0,1.0,1.0,1.0,12.0,7.0,7.0,5.0,9.0,9.0,11.0,10.0,5.0,5.0,3.0,10.0,5.0,5.0,6.0,8.0,3.0,3.0,4.0,20.0,6.0,9.0,11.0,20.0,19.0,14.0,20.0,20.0,5.0,17.0,19.0,20.0,2.0,10.0,5.0,7.0,2.0,8.0,8.0,2.0,19.0,9.0,19.0,11.0,16.0,4.0,14.0,2.0,15.0,17.0,15.0,4.0,20.0,9.0,2.0,7.0,11.0,4.0,20.0,9.0,18.0,6.0,12.0,6.0,10.0,7.0,2.0,4.0,19.0,7.0,3.0,5.0,2.0,6.0,9.0,15.0,16.0,13.0,19.0,8.0,20.0,20.0,15.0,13.0,1.0,11.0,4.0,4.0
Man Utd,46-60,5,53.37,470,538,16,37,310,389,260,328,292,378,137,173,71,82,102,134,114,163,146,165,11,12,1,3,16,17,2,5,39,27,13,11,0,2,63,114,56,91,22,33,34,56,214,308,4,5,5,9,3,5,8,18,3,4,1,7,4,7,6,11,2,7,2,1,1,3,1,3,1,2,0,1,1,2,1,0,1,0,0,0,21,13,12,6,16,16,4,12,62,60,30,30,78,76,34,42,1,0,9,14,10,5,28,13,28,35,6,4,41,43,56,48,27,31,6,12,10,8,8,10,73,79,121.0,156.0,344.0,427.0,910.0,956.0,921.69,1330.245,4916.194753779439,5768.740881980871,5557.23,8161.964999999999,2.0,0.0,0.0,3.0,26.0,36.0,6.0,10.0,24.0,27.0,8.0,17.0,84.32,25.0,40.74,36.36,29.41,79.82,11.11,46.15,75.0,50.0,55.26,83.87,9.09,33.33,75.0,12.5,88.89,12.5,57.14,25.0,48.39,43.59,7.0,14.0,6.0,15.0,1.0,15.0,6.0,13.0,6.0,15.0,6.0,15.0,4.0,12.0,9.0,12.0,7.0,14.0,7.0,11.0,5.0,7.0,5.0,12.0,3.0,6.0,5.0,13.0,4.0,5.0,17.0,16.0,16.0,12.0,3.0,13.0,2.0,12.0,5.0,14.0,5.0,13.0,3.0,15.0,6.0,6.0,6.0,17.0,5.0,14.0,10.0,16.0,1.0,7.0,6.0,19.0,3.0,7.0,3.0,11.0,4.0,17.0,1.0,8.0,13.0,7.0,1.0,11.0,4.0,9.0,4.0,7.0,1.0,9.0,5.0,1.0,3.0,1.0,3.0,1.0,1.0,3.0,12.0,1.0,9.0,15.0,15.0,19.0,7.0,4.0,5.0,5.0,4.0,9.0,13.0,13.0,3.0,1.0,3.0,15.0,6.0,3.0,14.0,4.0,19.0,14.0,3.0,8.0,13.0,7.0,7.0,6.0,11.0,9.0,2.0,9.0,1.0,4.0,8.0,8.0,4.0,16.0,9.0,18.0,3.0,13.0,6.0,10.0,7.0,10.0,3.0,12.0,6.0,18.0,4.0,2.0,15.0,20.0,2.0,16.0,7.0,12.0,4.0,10.0,7.0,16.0,1.0,9.0,4.0,11.0,15.0,5.0,13.0,7.0,8.0,1.0,7.0,2.0,11.0,16.0,18.0,2.0,14.0,2.0,10.0,2.0,20.0,10.0,18.0
Newcastle,46-60,5,51.88,462,498,16,15,325,347,280,306,308,327,142,141,83,72,100,134,117,151,163,155,11,9,1,2,11,15,1,3,30,31,17,11,1,2,53,87,43,78,27,22,34,35,216,237,1,5,7,8,4,4,16,10,3,3,7,5,6,2,9,4,7,6,2,1,1,2,2,1,1,0,1,1,2,1,0,0,0,0,0,0,9,16,5,8,19,19,11,8,54,58,24,29,73,77,35,37,0,0,10,11,8,3,13,19,32,28,2,7,38,35,45,47,19,26,8,5,10,9,9,10,68,69,126.0,122.0,361.0,361.0,885.0,850.0,1199.1,1013.04,5373.695303205106,5203.60293289662,5997.495,5874.54,1.0,1.0,1.0,2.0,29.0,26.0,10.0,5.0,21.0,21.0,16.0,10.0,88.18,22.22,35.48,37.5,20.0,89.66,10.0,50.0,42.11,50.0,48.05,86.15,9.09,56.67,30.0,9.09,81.13,12.5,55.56,57.89,44.44,47.95,8.0,15.0,10.0,15.0,15.0,11.0,8.0,10.0,8.0,12.0,9.0,12.0,12.0,10.0,12.0,13.0,7.0,12.0,8.0,5.0,7.0,7.0,12.0,12.0,7.0,14.0,10.0,15.0,11.0,18.0,14.0,8.0,16.0,6.0,3.0,15.0,7.0,15.0,7.0,9.0,12.0,13.0,10.0,14.0,8.0,18.0,6.0,9.0,9.0,12.0,12.0,2.0,11.0,7.0,11.0,2.0,7.0,3.0,12.0,7.0,16.0,1.0,2.0,8.0,13.0,7.0,3.0,4.0,8.0,9.0,15.0,1.0,1.0,4.0,7.0,3.0,3.0,3.0,3.0,1.0,1.0,19.0,9.0,11.0,7.0,12.0,12.0,9.0,14.0,11.0,9.0,13.0,6.0,14.0,10.0,11.0,8.0,3.0,3.0,12.0,14.0,7.0,17.0,18.0,9.0,7.0,13.0,16.0,5.0,11.0,13.0,14.0,13.0,16.0,8.0,7.0,11.0,4.0,5.0,5.0,4.0,18.0,18.0,14.0,15.0,10.0,9.0,11.0,9.0,5.0,10.0,9.0,9.0,15.0,15.0,9.0,7.0,11.0,4.0,10.0,15.0,4.0,15.0,14.0,15.0,2.0,12.0,3.0,8.0,17.0,12.0,12.0,2.0,11.0,4.0,16.0,7.0,10.0,4.0,16.0,4.0,17.0,17.0,11.0,10.0,3.0,5.0,16.0,13.0
Nottingham Forest,46-60,5,48.11,493,457,30,27,313,286,248,219,293,267,154,146,62,58,97,82,115,96,133,123,13,10,3,4,20,14,7,6,36,58,18,27,0,1,61,61,42,50,27,29,40,46,234,166,7,3,10,10,7,7,15,10,4,0,5,8,6,2,11,8,4,2,3,0,1,0,2,0,2,0,0,0,2,0,0,0,0,0,0,0,25,12,12,4,32,32,17,15,65,63,32,29,97,95,49,44,0,0,11,17,6,6,24,25,33,30,12,11,41,55,57,55,32,30,4,12,8,9,9,8,98,97,171.0,151.0,345.0,318.0,731.0,700.0,1340.745,1237.53,4577.964830514052,4574.360241622201,9718.8,6604.08,2.0,1.0,1.0,4.0,59.0,32.0,11.0,6.0,11.0,38.0,15.0,11.0,76.57,40.0,46.55,0.0,42.86,81.97,0.0,33.33,46.88,46.03,46.32,79.23,23.08,50.0,44.44,35.0,68.85,13.33,48.0,53.12,49.23,50.52,12.0,10.0,12.0,3.0,7.0,13.0,14.0,15.0,17.0,14.0,16.0,8.0,8.0,15.0,17.0,14.0,16.0,13.0,16.0,15.0,17.0,4.0,10.0,2.0,2.0,4.0,11.0,2.0,2.0,9.0,1.0,5.0,1.0,12.0,6.0,14.0,11.0,16.0,11.0,9.0,8.0,8.0,6.0,11.0,17.0,2.0,12.0,3.0,3.0,3.0,2.0,4.0,11.0,4.0,20.0,6.0,2.0,3.0,12.0,2.0,7.0,7.0,16.0,4.0,20.0,7.0,14.0,4.0,16.0,2.0,15.0,7.0,7.0,4.0,16.0,3.0,3.0,3.0,3.0,1.0,1.0,1.0,14.0,1.0,14.0,4.0,4.0,2.0,4.0,2.0,3.0,3.0,6.0,1.0,1.0,1.0,2.0,3.0,3.0,8.0,1.0,10.0,11.0,6.0,6.0,5.0,10.0,1.0,1.0,7.0,1.0,5.0,7.0,3.0,3.0,14.0,1.0,8.0,5.0,5.0,8.0,1.0,3.0,1.0,4.0,12.0,14.0,14.0,16.0,4.0,5.0,14.0,13.0,1.0,11.0,2.0,7.0,11.0,1.0,1.0,11.0,2.0,13.0,20.0,1.0,4.0,9.0,19.0,2.0,8.0,20.0,1.0,11.0,16.0,14.0,11.0,12.0,15.0,18.0,7.0,7.0,10.0,4.0,20.0,9.0,6.0,10.0,8.0,7.0
Sunderland,46-60,5,48.55,496,468,16,17,355,324,298,274,344,312,140,137,92,101,123,86,146,132,152,142,12,5,3,1,14,5,4,1,31,39,11,21,2,1,77,71,62,61,25,19,30,33,252,229,3,0,7,6,5,4,9,9,4,2,4,3,1,4,6,7,3,2,3,2,1,0,3,1,2,1,1,0,3,1,0,0,0,0,0,0,20,10,9,3,22,22,12,10,50,49,22,26,72,71,34,36,0,0,8,15,3,5,16,19,27,23,2,8,24,42,43,42,20,28,3,9,8,5,5,8,90,77,139.0,126.0,397.0,343.0,1134.0,865.0,720.51,631.785,5335.944022789806,4769.911653334242,6795.6,6225.555,1.0,3.0,1.0,1.0,35.0,23.0,7.0,7.0,28.0,22.0,9.0,9.0,84.57,20.0,53.85,40.0,20.0,85.92,11.11,30.0,45.45,53.06,50.7,83.94,25.0,35.48,50.0,28.57,80.52,33.33,45.0,54.55,44.0,47.22,10.0,9.0,11.0,15.0,13.0,9.0,10.0,9.0,9.0,9.0,10.0,13.0,16.0,6.0,3.0,8.0,13.0,9.0,10.0,8.0,12.0,6.0,18.0,2.0,13.0,9.0,19.0,7.0,15.0,16.0,5.0,18.0,3.0,4.0,6.0,9.0,10.0,10.0,10.0,11.0,15.0,16.0,12.0,10.0,9.0,11.0,18.0,9.0,16.0,7.0,12.0,13.0,14.0,4.0,16.0,10.0,14.0,18.0,6.0,11.0,11.0,11.0,16.0,4.0,9.0,7.0,14.0,1.0,8.0,2.0,8.0,1.0,7.0,1.0,7.0,3.0,3.0,3.0,3.0,1.0,1.0,4.0,16.0,4.0,17.0,8.0,8.0,7.0,10.0,15.0,16.0,17.0,12.0,15.0,15.0,13.0,11.0,3.0,3.0,18.0,5.0,17.0,14.0,14.0,9.0,15.0,17.0,16.0,2.0,19.0,8.0,16.0,17.0,12.0,6.0,17.0,4.0,8.0,16.0,16.0,8.0,4.0,13.0,7.0,12.0,9.0,12.0,3.0,8.0,19.0,19.0,10.0,11.0,8.0,12.0,9.0,1.0,11.0,12.0,7.0,18.0,8.0,10.0,7.0,13.0,13.0,14.0,8.0,10.0,5.0,11.0,12.0,8.0,7.0,16.0,14.0,3.0,6.0,10.0,5.0,17.0,7.0,7.0,13.0,1.0,8.0,7.0,17.0,15.0
Tottenham,46-60,5,58.72,419,596,22,29,241,432,197,376,223,419,107,155,52,83,82,194,69,231,128,145,6,16,2,7,10,19,3,8,37,22,16,10,4,1,50,124,44,103,15,41,24,48,133,361,4,6,9,7,5,5,15,11,4,4,5,3,6,4,11,6,4,5,4,2,0,2,1,0,1,0,0,0,1,0,0,0,0,0,0,0,18,21,10,13,18,18,7,11,71,71,36,31,89,89,43,42,0,0,16,12,12,2,23,18,29,30,11,6,58,40,52,48,26,29,13,10,6,10,10,6,77,90,125.0,143.0,267.0,472.0,672.0,1172.0,801.99,1207.92,3953.664501678649,6327.91485467254,5888.400000000001,8433.075,0.0,2.0,2.0,2.0,28.0,50.0,10.0,7.0,32.0,11.0,15.0,12.0,87.04,43.75,45.45,57.14,42.11,83.06,0.0,61.9,61.11,43.66,47.19,81.74,33.33,43.24,44.44,30.0,88.0,6.67,55.56,38.89,50.7,48.31,4.0,16.0,4.0,8.0,3.0,18.0,5.0,18.0,5.0,18.0,5.0,19.0,6.0,18.0,7.0,17.0,1.0,18.0,2.0,16.0,11.0,17.0,3.0,8.0,1.0,16.0,3.0,10.0,1.0,7.0,19.0,10.0,18.0,1.0,6.0,16.0,1.0,14.0,1.0,17.0,3.0,18.0,5.0,18.0,2.0,6.0,2.0,5.0,13.0,7.0,10.0,4.0,9.0,4.0,6.0,6.0,14.0,3.0,6.0,2.0,13.0,7.0,3.0,3.0,9.0,15.0,3.0,11.0,16.0,9.0,15.0,7.0,7.0,9.0,16.0,3.0,3.0,3.0,3.0,1.0,1.0,7.0,4.0,3.0,1.0,13.0,13.0,17.0,8.0,1.0,1.0,2.0,3.0,2.0,2.0,3.0,3.0,3.0,3.0,4.0,12.0,2.0,19.0,8.0,11.0,13.0,10.0,2.0,9.0,2.0,9.0,9.0,11.0,10.0,4.0,1.0,3.0,15.0,3.0,3.0,15.0,13.0,4.0,15.0,6.0,17.0,5.0,17.0,4.0,17.0,6.0,17.0,5.0,16.0,3.0,14.0,3.0,4.0,4.0,13.0,1.0,4.0,10.0,3.0,20.0,4.0,7.0,5.0,1.0,9.0,5.0,2.0,10.0,16.0,1.0,3.0,17.0,14.0,16.0,2.0,12.0,10.0,6.0,3.0,16.0,3.0,18.0,7.0,11.0
Arsenal,61-75,5,55.9,411,521,20,27,275,376,220,334,262,361,128,150,57,85,90,141,116,174,104,160,9,5,0,0,12,11,1,5,36,27,15,10,2,2,63,92,50,82,24,29,33,42,201,299,2,8,4,12,3,8,11,13,1,4,5,4,5,5,5,10,6,3,1,3,0,1,0,0,0,0,0,0,0,0,0,0,0,0,0,0,13,8,5,4,23,23,9,14,47,46,24,22,70,69,33,36,1,1,10,10,7,8,19,23,31,29,1,5,29,36,50,52,19,16,4,5,7,8,8,7,75,68,126.0,118.0,300.0,395.0,887.0,961.0,1016.715,885.57,4263.0118349378845,5149.751932351246,6737.219999999999,5702.13,1.0,3.0,1.0,1.0,44.0,20.0,10.0,5.0,16.0,26.0,11.0,13.0,88.83,0.0,37.04,50.0,45.45,89.13,0.0,50.0,60.87,47.83,52.17,80.0,0.0,41.67,16.67,8.33,79.37,0.0,38.46,39.13,51.06,47.14,6.0,15.0,7.0,8.0,2.0,14.0,7.0,14.0,5.0,14.0,7.0,16.0,8.0,14.0,6.0,14.0,3.0,13.0,5.0,17.0,5.0,11.0,16.0,16.0,18.0,10.0,12.0,17.0,3.0,8.0,16.0,9.0,14.0,4.0,4.0,14.0,4.0,14.0,3.0,14.0,7.0,15.0,9.0,13.0,4.0,13.0,1.0,17.0,1.0,17.0,1.0,5.0,5.0,17.0,5.0,6.0,10.0,2.0,3.0,13.0,3.0,4.0,12.0,12.0,2.0,14.0,6.0,13.0,11.0,12.0,11.0,2.0,2.0,11.0,10.0,3.0,3.0,3.0,3.0,1.0,1.0,6.0,17.0,10.0,13.0,7.0,7.0,14.0,4.0,14.0,15.0,12.0,16.0,12.0,13.0,13.0,12.0,1.0,1.0,12.0,11.0,9.0,5.0,13.0,7.0,8.0,12.0,19.0,8.0,19.0,7.0,11.0,8.0,16.0,17.0,13.0,10.0,13.0,11.0,11.0,13.0,10.0,17.0,10.0,16.0,15.0,6.0,9.0,7.0,14.0,15.0,14.0,9.0,4.0,15.0,10.0,3.0,11.0,11.0,3.0,18.0,4.0,15.0,19.0,9.0,6.0,5.0,3.0,18.0,15.0,7.0,4.0,2.0,10.0,5.0,5.0,11.0,6.0,15.0,16.0,11.0,17.0,17.0,12.0,11.0,11.0,16.0,7.0,14.0
Aston Villa,61-75,5,45.84,521,441,16,16,370,317,333,268,358,290,149,135,88,69,133,113,178,144,155,124,12,3,0,1,15,4,1,2,27,23,15,8,1,1,92,70,80,56,31,25,47,31,299,227,4,2,9,6,4,6,10,8,1,3,7,2,2,3,4,6,6,2,1,3,0,0,0,2,0,2,0,0,0,2,0,0,0,0,0,0,15,14,5,2,16,16,12,4,57,58,31,24,73,74,43,28,0,1,17,12,11,5,18,11,33,22,4,4,43,35,51,33,21,19,2,5,9,9,9,9,62,79,120.0,116.0,394.0,340.0,952.0,933.0,1281.0,1211.49,5314.819013451113,4746.192300603247,6089.685,5168.73,0.0,1.0,1.0,1.0,26.0,32.0,7.0,6.0,23.0,21.0,10.0,8.0,84.54,33.33,34.78,60.0,50.0,80.0,25.0,14.29,25.0,41.38,37.84,90.0,0.0,55.56,12.5,6.67,86.96,0.0,33.33,75.0,54.39,58.9,13.0,7.0,12.0,14.0,16.0,8.0,10.0,5.0,10.0,8.0,11.0,10.0,12.0,6.0,11.0,4.0,9.0,4.0,9.0,6.0,12.0,5.0,19.0,16.0,12.0,5.0,20.0,17.0,14.0,17.0,20.0,9.0,18.0,7.0,7.0,4.0,12.0,4.0,13.0,5.0,13.0,5.0,14.0,4.0,10.0,5.0,13.0,5.0,14.0,10.0,7.0,11.0,13.0,17.0,8.0,3.0,16.0,14.0,8.0,17.0,9.0,4.0,17.0,12.0,2.0,14.0,15.0,13.0,2.0,12.0,2.0,2.0,2.0,11.0,1.0,3.0,3.0,3.0,3.0,1.0,1.0,5.0,11.0,10.0,19.0,16.0,16.0,6.0,20.0,5.0,6.0,3.0,14.0,11.0,9.0,3.0,17.0,6.0,1.0,2.0,9.0,1.0,12.0,15.0,20.0,6.0,19.0,12.0,13.0,4.0,10.0,9.0,20.0,11.0,15.0,19.0,10.0,7.0,6.0,6.0,7.0,20.0,7.0,15.0,18.0,7.0,11.0,6.0,8.0,4.0,7.0,7.0,10.0,10.0,18.0,14.0,8.0,11.0,11.0,13.0,11.0,9.0,10.0,11.0,13.0,11.0,14.0,10.0,3.0,17.0,3.0,1.0,12.0,1.0,20.0,20.0,15.0,19.0,1.0,16.0,3.0,19.0,19.0,3.0,11.0,14.0,1.0,5.0,2.0
Bournemouth,61-75,5,49.46,518,507,19,21,376,345,307,284,360,330,163,159,72,94,141,92,138,131,169,153,6,12,0,4,9,15,0,6,39,43,15,27,4,0,81,68,63,57,29,30,47,46,255,238,4,2,4,8,3,5,5,10,2,5,1,3,2,2,4,5,1,5,2,2,0,3,0,0,0,0,0,0,0,0,0,0,0,0,0,0,11,14,6,4,31,31,14,17,46,51,25,21,77,82,39,38,0,1,10,7,8,7,23,24,38,34,7,7,38,36,61,58,20,25,4,6,9,9,9,9,93,93,150.0,151.0,407.0,383.0,930.0,878.0,1299.27,1323.525,5041.054052851472,5689.813078738354,6546.96,7649.5650000000005,4.0,3.0,2.0,1.0,25.0,41.0,2.0,7.0,42.0,28.0,5.0,10.0,82.32,33.33,62.79,62.5,40.0,83.82,0.0,28.57,54.84,41.18,46.34,81.65,0.0,38.46,66.67,0.0,77.78,0.0,54.55,45.16,54.35,50.65,11.0,8.0,9.0,12.0,10.0,7.0,9.0,8.0,9.0,7.0,9.0,5.0,6.0,8.0,4.0,3.0,13.0,9.0,12.0,5.0,7.0,16.0,7.0,16.0,1.0,16.0,7.0,20.0,2.0,4.0,2.0,9.0,1.0,1.0,15.0,7.0,13.0,8.0,12.0,8.0,6.0,5.0,6.0,8.0,9.0,5.0,13.0,17.0,6.0,17.0,8.0,20.0,10.0,12.0,3.0,20.0,13.0,14.0,13.0,17.0,11.0,19.0,6.0,6.0,6.0,14.0,2.0,13.0,11.0,12.0,11.0,2.0,2.0,11.0,10.0,3.0,3.0,3.0,3.0,1.0,1.0,14.0,11.0,5.0,13.0,3.0,3.0,3.0,2.0,17.0,11.0,11.0,17.0,8.0,5.0,7.0,9.0,6.0,1.0,12.0,17.0,5.0,8.0,6.0,4.0,2.0,4.0,5.0,1.0,9.0,7.0,2.0,3.0,13.0,5.0,13.0,5.0,7.0,6.0,6.0,7.0,2.0,2.0,3.0,1.0,6.0,9.0,8.0,9.0,3.0,4.0,9.0,6.0,5.0,1.0,1.0,3.0,3.0,11.0,15.0,3.0,19.0,7.0,1.0,5.0,20.0,10.0,12.0,3.0,1.0,2.0,5.0,11.0,10.0,17.0,6.0,16.0,15.0,12.0,16.0,16.0,1.0,20.0,14.0,11.0,5.0,15.0,6.0,7.0
Brentford,61-75,5,41.3,567,399,22,18,385,217,322,154,371,200,172,119,88,30,125,68,145,56,177,98,17,6,3,3,22,8,3,4,38,38,20,15,0,2,76,42,60,28,34,12,49,21,278,128,5,2,9,6,5,4,16,8,6,1,5,3,5,4,6,4,10,4,2,1,4,0,0,0,0,0,0,0,0,0,0,0,0,0,0,0,17,17,8,8,33,33,17,16,73,73,41,30,106,106,58,46,0,1,19,14,7,10,16,38,43,39,3,5,44,51,59,77,28,25,8,8,7,14,14,7,96,100,172.0,148.0,418.0,252.0,947.0,494.0,1123.605,1052.625,5552.867640485773,3010.0114867315274,9471.314999999999,6407.835,2.0,0.0,2.0,2.0,64.0,31.0,12.0,7.0,28.0,52.0,15.0,9.0,70.97,50.0,39.47,25.0,50.0,66.67,0.0,47.06,48.48,41.1,43.4,83.64,17.65,52.63,54.55,13.64,78.95,0.0,47.06,51.52,56.16,54.72,18.0,2.0,16.0,6.0,14.0,5.0,18.0,7.0,19.0,5.0,18.0,3.0,16.0,6.0,20.0,6.0,18.0,8.0,18.0,3.0,19.0,3.0,14.0,4.0,2.0,3.0,18.0,10.0,6.0,5.0,5.0,1.0,9.0,16.0,4.0,9.0,16.0,9.0,18.0,3.0,19.0,4.0,17.0,7.0,18.0,2.0,13.0,5.0,14.0,6.0,11.0,3.0,13.0,1.0,16.0,6.0,13.0,2.0,5.0,9.0,14.0,2.0,7.0,6.0,14.0,1.0,15.0,13.0,11.0,12.0,11.0,2.0,2.0,11.0,10.0,3.0,3.0,3.0,3.0,1.0,1.0,3.0,2.0,2.0,3.0,2.0,2.0,1.0,3.0,2.0,1.0,2.0,5.0,2.0,2.0,1.0,2.0,6.0,1.0,1.0,7.0,9.0,2.0,17.0,1.0,1.0,1.0,15.0,8.0,3.0,2.0,3.0,1.0,3.0,5.0,3.0,2.0,13.0,1.0,1.0,13.0,1.0,1.0,1.0,2.0,5.0,17.0,7.0,17.0,10.0,11.0,5.0,17.0,1.0,10.0,6.0,13.0,3.0,4.0,1.0,13.0,2.0,7.0,7.0,1.0,3.0,12.0,20.0,1.0,14.0,14.0,1.0,20.0,10.0,9.0,10.0,17.0,18.0,9.0,13.0,7.0,7.0,15.0,13.0,11.0,8.0,11.0,4.0,3.0
Brighton,61-75,5,59.25,359,522,20,23,209,379,167,327,192,365,95,153,50,83,64,143,66,153,101,174,2,17,0,3,7,21,4,5,30,32,16,14,0,1,27,67,23,50,16,28,21,42,127,274,4,4,7,8,6,4,10,16,3,6,4,9,3,1,8,8,2,8,1,5,2,1,1,3,0,3,1,0,1,2,1,0,1,0,0,0,11,15,4,8,29,29,17,12,52,52,23,28,81,81,40,40,0,0,11,12,4,5,25,13,14,28,5,4,36,33,39,41,14,28,8,4,8,8,8,8,76,74,127.0,134.0,229.0,389.0,569.0,874.0,651.8399999999999,1174.845,3062.599675623405,5459.735111410762,5860.155,7040.5650000000005,1.0,0.0,1.0,2.0,24.0,42.0,6.0,12.0,28.0,17.0,10.0,16.0,86.28,17.65,43.75,40.0,23.81,74.63,12.5,53.33,41.38,53.85,49.38,79.9,0.0,53.33,42.86,57.14,85.19,10.0,36.36,58.62,44.23,49.38,3.0,18.0,6.0,8.0,5.0,20.0,6.0,20.0,6.0,20.0,6.0,20.0,7.0,17.0,8.0,20.0,2.0,19.0,8.0,18.0,3.0,19.0,2.0,16.0,2.0,19.0,3.0,7.0,3.0,14.0,12.0,6.0,10.0,16.0,7.0,20.0,14.0,20.0,14.0,19.0,9.0,19.0,9.0,20.0,8.0,5.0,5.0,12.0,6.0,4.0,11.0,11.0,3.0,9.0,2.0,10.0,2.0,10.0,17.0,4.0,5.0,15.0,2.0,12.0,1.0,4.0,6.0,3.0,1.0,12.0,1.0,1.0,2.0,3.0,1.0,1.0,3.0,1.0,3.0,1.0,1.0,14.0,9.0,14.0,3.0,4.0,4.0,1.0,7.0,11.0,10.0,14.0,6.0,5.0,6.0,6.0,6.0,6.0,6.0,10.0,9.0,17.0,12.0,4.0,18.0,20.0,14.0,7.0,13.0,12.0,13.0,18.0,18.0,19.0,3.0,3.0,14.0,11.0,11.0,11.0,11.0,9.0,14.0,9.0,7.0,20.0,7.0,18.0,10.0,19.0,8.0,19.0,7.0,13.0,4.0,10.0,13.0,11.0,4.0,17.0,2.0,11.0,2.0,7.0,19.0,11.0,3.0,7.0,9.0,9.0,11.0,9.0,17.0,5.0,3.0,16.0,7.0,11.0,16.0,16.0,5.0,9.0,1.0,5.0,5.0,12.0,5.0,15.0,9.0
Chelsea,61-75,5,53.83,464,541,25,28,314,382,263,327,296,367,150,162,66,85,98,135,110,198,153,129,12,19,3,3,14,23,5,4,37,25,15,8,3,1,66,93,54,78,19,31,35,55,195,298,4,6,5,8,4,5,7,14,3,5,2,4,2,5,5,6,2,8,2,2,1,3,1,2,1,1,0,1,0,2,0,1,0,1,0,0,11,9,6,6,15,15,10,5,47,45,19,27,62,60,29,32,1,0,8,14,3,5,30,18,20,23,8,2,32,31,50,41,20,17,6,6,7,4,4,7,83,78,124.0,142.0,318.0,419.0,679.0,1002.0,1165.605,1555.785,4411.150060846358,5701.538795432318,5169.57,7570.395,1.0,3.0,3.0,2.0,24.0,44.0,4.0,10.0,32.0,19.0,7.0,14.0,85.6,15.79,32.0,55.56,17.39,83.87,14.29,66.67,33.33,60.0,53.33,83.76,25.0,40.54,60.0,35.71,81.82,0.0,54.55,66.67,40.43,46.77,8.0,10.0,5.0,4.0,1.0,11.0,5.0,10.0,6.0,11.0,5.0,9.0,5.0,11.0,6.0,12.0,5.0,14.0,3.0,7.0,11.0,5.0,1.0,4.0,2.0,7.0,1.0,3.0,6.0,7.0,18.0,9.0,18.0,3.0,7.0,11.0,3.0,12.0,4.0,17.0,5.0,13.0,3.0,14.0,5.0,5.0,3.0,15.0,6.0,10.0,8.0,17.0,4.0,9.0,3.0,18.0,10.0,14.0,3.0,13.0,9.0,15.0,2.0,6.0,6.0,6.0,2.0,3.0,2.0,3.0,4.0,2.0,1.0,11.0,1.0,3.0,1.0,3.0,1.0,1.0,1.0,14.0,16.0,5.0,9.0,18.0,18.0,11.0,18.0,14.0,17.0,17.0,9.0,17.0,18.0,16.0,15.0,1.0,6.0,19.0,7.0,20.0,12.0,2.0,13.0,19.0,18.0,3.0,19.0,16.0,17.0,11.0,18.0,13.0,16.0,9.0,5.0,13.0,19.0,19.0,13.0,7.0,9.0,13.0,5.0,13.0,5.0,14.0,5.0,6.0,1.0,12.0,5.0,19.0,2.0,10.0,3.0,1.0,4.0,17.0,1.0,17.0,4.0,4.0,15.0,17.0,4.0,8.0,14.0,18.0,6.0,15.0,10.0,3.0,1.0,19.0,2.0,5.0,8.0,6.0,12.0,5.0,6.0,11.0,11.0,5.0,2.0,16.0,15.0
Coventry,61-75,5,41.32,558,393,14,18,421,254,374,202,406,240,148,108,93,66,180,80,202,101,172,101,11,9,3,1,13,14,3,3,20,44,8,24,4,0,102,51,86,40,31,24,40,21,337,170,3,3,6,4,4,2,10,7,2,1,4,4,4,2,6,4,4,3,1,1,1,0,1,0,1,0,0,0,1,0,0,0,0,0,0,0,8,18,5,9,20,20,6,14,49,50,23,26,69,70,29,40,0,1,10,7,5,9,26,17,27,28,5,7,38,36,53,45,27,15,9,5,9,8,8,9,68,79,115.0,133.0,462.0,282.0,1165.0,625.0,1213.065,485.205,6281.076884493334,3546.663915519245,5308.59,6893.46,2.0,0.0,2.0,0.0,26.0,39.0,5.0,5.0,20.0,24.0,10.0,7.0,79.53,11.11,54.55,20.0,21.43,78.43,0.0,50.0,70.0,52.0,57.14,88.84,27.27,40.0,33.33,23.08,84.31,10.0,62.5,30.0,46.94,42.03,17.0,3.0,17.0,18.0,14.0,2.0,16.0,2.0,16.0,2.0,16.0,11.0,18.0,5.0,12.0,1.0,15.0,2.0,15.0,4.0,18.0,8.0,11.0,4.0,12.0,9.0,9.0,10.0,10.0,20.0,1.0,18.0,3.0,1.0,15.0,2.0,15.0,2.0,15.0,5.0,14.0,10.0,17.0,2.0,16.0,10.0,9.0,13.0,18.0,10.0,17.0,11.0,18.0,12.0,16.0,10.0,10.0,6.0,13.0,9.0,14.0,9.0,12.0,12.0,14.0,6.0,15.0,3.0,11.0,3.0,11.0,2.0,2.0,3.0,10.0,3.0,3.0,3.0,3.0,1.0,1.0,20.0,1.0,10.0,1.0,10.0,10.0,18.0,4.0,12.0,12.0,14.0,11.0,13.0,12.0,16.0,6.0,6.0,1.0,12.0,17.0,12.0,4.0,3.0,14.0,15.0,14.0,7.0,1.0,9.0,7.0,7.0,16.0,4.0,18.0,1.0,10.0,7.0,11.0,11.0,7.0,17.0,7.0,17.0,8.0,2.0,16.0,2.0,16.0,5.0,20.0,3.0,16.0,17.0,6.0,6.0,13.0,3.0,17.0,13.0,4.0,13.0,15.0,16.0,12.0,11.0,18.0,15.0,16.0,3.0,18.0,12.0,13.0,10.0,5.0,1.0,9.0,2.0,2.0,4.0,13.0,12.0,10.0,8.0,5.0,4.0,20.0,12.0,17.0
Crystal Palace,61-75,5,45.04,537,440,24,14,396,298,344,243,380,280,167,134,102,54,127,110,157,119,187,124,2,9,1,0,4,9,2,0,34,28,19,12,1,3,81,74,69,58,26,23,44,27,292,218,2,0,3,6,2,2,6,7,0,3,3,3,3,1,4,4,2,3,0,2,0,1,0,1,0,1,0,0,0,1,0,0,0,0,0,0,17,10,6,5,24,24,14,10,62,61,28,33,86,85,42,43,0,0,13,20,8,6,21,20,30,30,5,7,39,48,51,50,22,32,5,6,8,9,9,8,87,78,130.0,127.0,434.0,321.0,988.0,705.0,1132.74,1057.245,6348.624183688533,4021.0648097973944,6110.055,5934.39,3.0,0.0,0.0,0.0,27.0,33.0,4.0,4.0,24.0,21.0,6.0,7.0,81.54,0.0,42.86,50.0,0.0,78.38,14.29,50.0,41.67,54.1,50.59,86.87,50.0,55.88,0.0,50.0,85.19,0.0,35.29,58.33,45.16,48.84,15.0,5.0,13.0,5.0,17.0,4.0,13.0,4.0,14.0,4.0,13.0,4.0,14.0,3.0,16.0,5.0,10.0,6.0,14.0,1.0,12.0,19.0,11.0,13.0,18.0,20.0,16.0,14.0,19.0,9.0,13.0,2.0,13.0,7.0,2.0,7.0,11.0,7.0,11.0,11.0,15.0,7.0,16.0,5.0,12.0,13.0,20.0,20.0,14.0,20.0,17.0,18.0,18.0,20.0,8.0,15.0,13.0,10.0,17.0,17.0,14.0,15.0,12.0,20.0,6.0,14.0,6.0,13.0,5.0,12.0,4.0,2.0,2.0,11.0,5.0,3.0,3.0,3.0,3.0,1.0,1.0,3.0,14.0,5.0,12.0,6.0,6.0,3.0,10.0,4.0,4.0,5.0,1.0,4.0,4.0,4.0,4.0,6.0,6.0,5.0,1.0,5.0,10.0,11.0,11.0,10.0,9.0,7.0,1.0,7.0,3.0,9.0,11.0,9.0,2.0,12.0,5.0,11.0,6.0,6.0,11.0,3.0,9.0,7.0,10.0,3.0,14.0,4.0,13.0,8.0,10.0,2.0,14.0,9.0,14.0,3.0,13.0,18.0,17.0,10.0,9.0,17.0,17.0,9.0,13.0,18.0,18.0,14.0,18.0,10.0,7.0,19.0,14.0,3.0,5.0,15.0,6.0,9.0,6.0,1.0,2.0,20.0,2.0,5.0,11.0,13.0,6.0,14.0,10.0
Everton,61-75,5,45.48,513,428,20,27,379,293,331,248,369,273,159,139,95,62,125,92,188,129,143,119,8,12,2,3,11,15,5,4,34,28,15,10,1,1,92,83,83,70,25,18,42,40,285,204,3,3,8,12,5,8,11,17,2,3,4,10,5,4,5,15,6,2,1,2,1,1,0,0,0,0,0,0,0,0,0,0,0,0,0,0,11,7,3,2,19,19,11,8,47,46,14,31,66,65,25,39,0,0,9,15,5,7,25,14,30,33,5,3,35,30,55,47,24,14,2,3,14,2,2,14,74,65,110.0,124.0,393.0,322.0,973.0,702.0,1085.28,1263.465,5406.2973887679955,4056.5278621017824,5199.18,6079.92,3.0,2.0,1.0,0.0,27.0,27.0,6.0,12.0,22.0,25.0,11.0,17.0,84.64,25.0,35.71,23.08,26.67,84.34,0.0,28.57,42.11,67.39,60.0,87.34,25.0,44.12,33.33,45.45,90.22,0.0,27.27,57.89,29.79,37.88,14.0,9.0,14.0,8.0,2.0,6.0,14.0,6.0,13.0,6.0,14.0,6.0,11.0,4.0,14.0,6.0,13.0,3.0,13.0,8.0,14.0,13.0,7.0,8.0,2.0,13.0,7.0,3.0,6.0,9.0,13.0,9.0,14.0,7.0,7.0,4.0,8.0,3.0,7.0,13.0,16.0,8.0,12.0,6.0,14.0,10.0,9.0,9.0,1.0,6.0,1.0,5.0,2.0,12.0,8.0,10.0,1.0,2.0,5.0,13.0,1.0,4.0,17.0,12.0,6.0,6.0,6.0,13.0,11.0,12.0,11.0,2.0,2.0,11.0,10.0,3.0,3.0,3.0,3.0,1.0,1.0,14.0,19.0,16.0,19.0,12.0,12.0,9.0,15.0,14.0,15.0,19.0,4.0,15.0,15.0,18.0,8.0,6.0,6.0,16.0,4.0,12.0,8.0,4.0,17.0,10.0,6.0,7.0,17.0,14.0,18.0,5.0,13.0,7.0,19.0,19.0,16.0,1.0,20.0,20.0,1.0,12.0,18.0,19.0,13.0,8.0,13.0,5.0,14.0,11.0,6.0,6.0,13.0,18.0,13.0,3.0,7.0,11.0,17.0,10.0,15.0,11.0,2.0,12.0,11.0,6.0,2.0,9.0,5.0,16.0,17.0,8.0,7.0,10.0,17.0,14.0,1.0,1.0,5.0,6.0,9.0,12.0,5.0,2.0,11.0,15.0,7.0,20.0,20.0
Fulham,61-75,5,55.11,461,566,29,22,311,431,262,373,295,416,146,192,64,107,101,132,136,161,126,212,15,5,4,1,18,9,6,3,31,37,18,17,1,2,71,86,59,74,32,29,53,46,238,289,5,4,11,7,8,3,15,8,6,4,4,2,5,2,8,5,7,3,2,3,4,1,1,1,1,1,0,0,1,0,1,0,1,0,0,0,10,17,7,9,14,14,9,5,53,54,27,25,67,68,36,30,0,0,12,9,5,6,15,19,28,30,10,3,43,33,43,49,31,22,9,7,7,8,8,7,71,81,129.0,125.0,344.0,453.0,765.0,1133.0,1357.23,1021.545,4932.72526238176,7029.562065215472,6432.929999999999,5332.005,0.0,6.0,2.0,2.0,37.0,21.0,8.0,2.0,22.0,27.0,15.0,8.0,86.54,20.0,45.95,66.67,33.33,86.05,0.0,52.94,35.71,46.3,44.12,84.24,26.67,58.06,60.0,33.33,83.1,6.67,70.0,64.29,50.94,53.73,7.0,11.0,2.0,2.0,7.0,12.0,3.0,11.0,3.0,12.0,3.0,12.0,1.0,13.0,3.0,10.0,8.0,10.0,7.0,12.0,1.0,4.0,16.0,1.0,12.0,4.0,16.0,1.0,10.0,12.0,8.0,3.0,5.0,7.0,4.0,10.0,7.0,10.0,6.0,4.0,7.0,2.0,6.0,10.0,6.0,2.0,5.0,3.0,10.0,2.0,16.0,4.0,13.0,1.0,5.0,10.0,16.0,2.0,13.0,4.0,11.0,3.0,12.0,6.0,2.0,1.0,6.0,3.0,5.0,3.0,4.0,2.0,2.0,3.0,10.0,1.0,3.0,1.0,3.0,1.0,1.0,18.0,2.0,3.0,1.0,20.0,20.0,14.0,18.0,9.0,7.0,7.0,12.0,14.0,14.0,11.0,16.0,6.0,6.0,8.0,13.0,12.0,10.0,18.0,12.0,14.0,9.0,1.0,17.0,4.0,13.0,17.0,12.0,2.0,10.0,1.0,3.0,13.0,11.0,11.0,13.0,15.0,6.0,8.0,12.0,10.0,3.0,11.0,3.0,1.0,13.0,10.0,2.0,6.0,17.0,14.0,1.0,3.0,4.0,5.0,17.0,6.0,20.0,12.0,6.0,3.0,14.0,6.0,8.0,7.0,1.0,6.0,6.0,10.0,4.0,18.0,13.0,17.0,7.0,5.0,1.0,5.0,7.0,9.0,9.0,2.0,3.0,8.0,4.0
Hull,61-75,5,33.7,604,307,20,12,471,188,417,137,456,174,186,106,115,45,170,37,281,75,136,62,19,13,4,3,23,13,5,3,23,35,7,9,0,1,148,40,134,35,42,16,59,28,375,133,5,1,10,11,5,5,10,11,2,2,4,6,4,3,7,5,3,6,1,1,1,1,1,1,1,1,0,0,1,1,0,0,0,0,0,0,12,7,3,3,15,15,8,7,30,31,12,17,45,46,20,24,0,0,4,10,5,4,17,21,21,21,3,4,19,26,38,42,12,12,3,3,4,5,5,4,75,65,124.0,112.0,517.0,217.0,1349.0,435.0,1323.105,652.995,7117.27323568421,2858.6806048586323,6192.165,4990.755,4.0,0.0,2.0,2.0,30.0,20.0,5.0,6.0,17.0,27.0,10.0,11.0,72.87,23.08,25.71,25.0,23.08,87.5,9.09,42.86,46.67,54.84,52.17,88.54,21.05,30.43,33.33,21.74,90.54,10.0,25.0,53.33,40.0,44.44,20.0,1.0,20.0,8.0,19.0,1.0,20.0,1.0,20.0,1.0,20.0,1.0,19.0,1.0,18.0,2.0,20.0,1.0,17.0,11.0,20.0,1.0,5.0,1.0,2.0,2.0,10.0,3.0,10.0,19.0,10.0,20.0,17.0,16.0,7.0,1.0,17.0,1.0,16.0,1.0,17.0,1.0,15.0,1.0,17.0,2.0,17.0,4.0,4.0,6.0,8.0,11.0,8.0,12.0,14.0,10.0,5.0,6.0,8.0,6.0,11.0,11.0,4.0,12.0,14.0,6.0,6.0,3.0,5.0,3.0,4.0,2.0,2.0,3.0,5.0,3.0,3.0,3.0,3.0,1.0,1.0,9.0,19.0,16.0,17.0,18.0,18.0,17.0,16.0,20.0,20.0,20.0,18.0,20.0,20.0,20.0,19.0,6.0,6.0,20.0,11.0,12.0,18.0,16.0,9.0,18.0,20.0,15.0,13.0,20.0,20.0,20.0,17.0,20.0,20.0,17.0,16.0,18.0,18.0,18.0,18.0,10.0,18.0,13.0,19.0,1.0,20.0,1.0,20.0,2.0,18.0,1.0,19.0,8.0,19.0,1.0,13.0,3.0,4.0,7.0,18.0,13.0,10.0,18.0,6.0,11.0,7.0,19.0,6.0,19.0,14.0,11.0,4.0,6.0,12.0,13.0,4.0,6.0,3.0,10.0,19.0,12.0,13.0,1.0,5.0,16.0,8.0,17.0,16.0
Ipswich,61-75,5,39.2,546,352,29,8,402,226,355,175,385,213,173,100,106,50,123,76,176,41,179,134,12,2,2,0,14,5,3,0,30,38,16,16,1,0,93,29,77,21,35,12,51,16,310,126,2,2,12,1,7,0,18,4,5,1,9,2,4,1,15,1,3,3,5,0,0,1,2,0,2,0,0,0,2,0,0,0,0,0,0,0,13,10,6,4,17,17,10,7,45,45,28,16,62,62,38,23,0,0,13,8,4,10,11,26,34,29,8,5,33,38,45,55,21,22,4,6,4,9,9,4,70,76,141.0,112.0,429.0,241.0,1021.0,482.0,1157.625,711.48,6135.812158425533,2969.115441046669,7739.445,4590.915,2.0,1.0,1.0,1.0,43.0,16.0,11.0,3.0,14.0,31.0,18.0,4.0,77.43,0.0,42.11,33.33,0.0,72.41,0.0,40.0,41.18,35.56,37.1,88.31,16.67,53.33,35.71,21.43,82.8,11.11,46.15,58.82,62.22,61.29,19.0,4.0,19.0,2.0,20.0,3.0,17.0,3.0,17.0,3.0,17.0,2.0,20.0,2.0,17.0,8.0,16.0,5.0,20.0,2.0,9.0,5.0,20.0,8.0,18.0,7.0,19.0,10.0,19.0,14.0,5.0,6.0,7.0,7.0,15.0,3.0,20.0,5.0,20.0,2.0,19.0,3.0,20.0,3.0,20.0,13.0,13.0,1.0,20.0,3.0,20.0,2.0,20.0,4.0,16.0,2.0,16.0,6.0,17.0,1.0,20.0,11.0,12.0,1.0,20.0,14.0,6.0,2.0,11.0,2.0,11.0,2.0,2.0,2.0,10.0,3.0,3.0,3.0,3.0,1.0,1.0,6.0,14.0,5.0,13.0,15.0,15.0,11.0,16.0,18.0,17.0,5.0,19.0,17.0,17.0,9.0,20.0,6.0,6.0,5.0,14.0,17.0,2.0,19.0,3.0,5.0,12.0,3.0,8.0,15.0,6.0,16.0,6.0,11.0,10.0,13.0,5.0,18.0,6.0,6.0,18.0,16.0,11.0,4.0,19.0,4.0,18.0,3.0,19.0,7.0,17.0,4.0,18.0,3.0,20.0,6.0,8.0,11.0,11.0,4.0,20.0,3.0,18.0,20.0,2.0,2.0,20.0,17.0,18.0,11.0,13.0,19.0,19.0,10.0,14.0,17.0,20.0,20.0,4.0,14.0,5.0,11.0,14.0,10.0,3.0,9.0,4.0,1.0,1.0
Leeds,61-75,5,41.78,535,384,32,13,326,214,271,158,316,196,154,112,69,39,103,63,146,43,125,115,19,7,4,1,27,11,6,1,27,39,15,16,2,0,92,30,71,22,29,13,42,20,246,128,6,3,12,3,5,2,20,8,4,3,10,2,6,3,9,4,11,4,3,2,1,1,1,0,1,0,0,0,1,0,0,0,0,0,0,0,27,15,18,3,36,36,14,22,74,72,42,28,110,108,56,50,0,0,15,16,5,13,34,36,38,25,0,5,32,61,72,61,20,34,3,18,9,9,9,9,84,87,170.0,132.0,376.0,236.0,807.0,491.0,1127.385,609.63,5088.95109194293,2822.0223267384486,9406.11,6642.3,0.0,0.0,3.0,1.0,51.0,33.0,13.0,6.0,36.0,26.0,19.0,8.0,73.83,14.29,41.03,60.0,9.09,73.33,0.0,20.0,61.11,38.89,46.3,83.13,21.05,55.56,28.57,22.22,77.17,5.0,66.67,38.89,56.76,50.91,16.0,6.0,18.0,1.0,18.0,9.0,19.0,9.0,18.0,9.0,19.0,7.0,17.0,10.0,19.0,9.0,19.0,7.0,19.0,13.0,16.0,1.0,13.0,1.0,12.0,1.0,12.0,1.0,18.0,17.0,4.0,9.0,7.0,4.0,15.0,4.0,19.0,6.0,19.0,8.0,18.0,8.0,19.0,9.0,18.0,1.0,9.0,1.0,19.0,6.0,17.0,1.0,13.0,6.0,8.0,1.0,16.0,1.0,8.0,3.0,14.0,1.0,7.0,3.0,6.0,6.0,6.0,3.0,11.0,3.0,11.0,2.0,2.0,3.0,10.0,3.0,3.0,3.0,3.0,1.0,1.0,1.0,9.0,1.0,17.0,1.0,1.0,3.0,1.0,1.0,2.0,1.0,6.0,1.0,1.0,2.0,1.0,6.0,6.0,3.0,2.0,12.0,1.0,1.0,2.0,2.0,17.0,20.0,8.0,16.0,1.0,1.0,2.0,13.0,1.0,17.0,1.0,7.0,6.0,6.0,7.0,6.0,3.0,2.0,9.0,9.0,19.0,10.0,18.0,9.0,19.0,8.0,20.0,2.0,9.0,14.0,13.0,1.0,11.0,2.0,9.0,1.0,10.0,2.0,9.0,1.0,14.0,18.0,15.0,13.0,3.0,18.0,18.0,10.0,19.0,4.0,19.0,16.0,10.0,10.0,3.0,15.0,11.0,16.0,10.0,3.0,17.0,3.0,6.0
Liverpool,61-75,5,57.14,420,560,15,21,268,395,211,345,255,383,133,184,56,76,79,135,97,180,114,165,9,12,2,2,12,13,4,2,45,40,18,25,0,3,56,81,43,68,28,44,34,59,179,301,2,1,6,7,4,4,9,8,6,3,3,2,0,3,6,4,3,4,3,1,3,2,1,0,1,0,0,0,1,0,0,0,0,0,0,0,13,16,2,7,16,16,6,10,48,49,19,27,64,65,25,37,0,0,11,15,11,5,23,23,31,31,5,7,39,35,54,54,24,20,7,2,5,6,6,5,86,82,132.0,142.0,303.0,431.0,639.0,1112.0,1076.565,1553.685,3828.4538670729708,6236.916692716017,5868.975,6799.8,2.0,1.0,2.0,3.0,25.0,34.0,5.0,3.0,35.0,27.0,9.0,8.0,87.34,16.67,62.5,60.0,15.38,83.95,0.0,43.75,62.5,55.1,56.92,78.73,22.22,40.0,66.67,33.33,76.79,11.11,15.38,37.5,39.58,39.06,5.0,14.0,4.0,15.0,10.0,15.0,4.0,16.0,4.0,15.0,4.0,13.0,2.0,16.0,9.0,16.0,5.0,16.0,4.0,15.0,4.0,11.0,7.0,8.0,9.0,10.0,10.0,7.0,14.0,1.0,3.0,3.0,2.0,16.0,2.0,15.0,10.0,15.0,9.0,10.0,2.0,14.0,1.0,16.0,3.0,13.0,17.0,13.0,10.0,10.0,11.0,16.0,13.0,1.0,8.0,15.0,16.0,19.0,8.0,9.0,14.0,11.0,7.0,3.0,14.0,3.0,4.0,3.0,11.0,3.0,11.0,2.0,2.0,3.0,10.0,3.0,3.0,3.0,3.0,1.0,1.0,6.0,6.0,20.0,6.0,16.0,16.0,18.0,10.0,13.0,13.0,17.0,9.0,16.0,15.0,18.0,11.0,6.0,6.0,10.0,4.0,1.0,12.0,6.0,7.0,8.0,8.0,7.0,1.0,7.0,10.0,6.0,7.0,7.0,14.0,6.0,20.0,17.0,16.0,16.0,17.0,4.0,5.0,6.0,5.0,14.0,4.0,16.0,4.0,12.0,2.0,16.0,4.0,12.0,8.0,6.0,8.0,3.0,1.0,15.0,8.0,13.0,18.0,3.0,6.0,16.0,14.0,4.0,11.0,2.0,3.0,16.0,9.0,10.0,10.0,3.0,3.0,3.0,17.0,9.0,13.0,1.0,7.0,17.0,3.0,20.0,18.0,19.0,19.0
Man City,61-75,5,63.21,365,627,15,20,249,487,193,437,236,471,123,179,46,121,80,187,77,240,116,197,11,5,0,2,15,10,2,5,41,24,18,10,1,1,40,101,31,89,21,36,25,48,150,390,2,4,4,10,3,7,10,11,2,3,6,5,2,3,7,7,3,4,1,2,1,1,0,0,0,0,0,0,0,0,0,0,0,0,0,0,12,14,6,8,20,20,10,10,54,53,26,28,74,73,36,38,1,0,13,8,6,8,6,24,33,32,9,4,48,32,39,56,32,21,8,6,12,6,6,12,74,75,125.0,124.0,276.0,539.0,611.0,1309.0,1027.53,1271.4450000000002,3545.2444313306078,7191.572771127514,5744.655,5644.8,0.0,4.0,0.0,3.0,29.0,26.0,8.0,6.0,29.0,17.0,10.0,11.0,89.73,40.0,41.67,37.5,50.0,88.12,0.0,57.14,50.0,52.83,52.05,77.51,0.0,43.9,25.0,13.33,77.5,0.0,50.0,50.0,48.15,48.65,1.0,17.0,1.0,15.0,13.0,17.0,1.0,17.0,1.0,17.0,1.0,17.0,4.0,20.0,1.0,15.0,1.0,18.0,2.0,14.0,2.0,8.0,16.0,16.0,9.0,5.0,14.0,14.0,3.0,2.0,19.0,3.0,14.0,7.0,7.0,19.0,2.0,18.0,2.0,16.0,3.0,17.0,5.0,17.0,1.0,13.0,5.0,17.0,5.0,17.0,4.0,11.0,8.0,12.0,8.0,4.0,7.0,14.0,8.0,6.0,8.0,11.0,7.0,12.0,6.0,6.0,6.0,13.0,11.0,12.0,11.0,2.0,2.0,11.0,10.0,3.0,3.0,3.0,3.0,1.0,1.0,9.0,11.0,5.0,3.0,10.0,10.0,11.0,10.0,8.0,9.0,10.0,6.0,9.0,11.0,11.0,9.0,1.0,6.0,5.0,14.0,11.0,5.0,20.0,4.0,6.0,7.0,2.0,13.0,1.0,16.0,18.0,5.0,1.0,12.0,3.0,5.0,2.0,16.0,16.0,2.0,12.0,13.0,12.0,13.0,17.0,1.0,17.0,1.0,13.0,5.0,17.0,1.0,14.0,16.0,14.0,2.0,18.0,1.0,8.0,16.0,6.0,10.0,6.0,19.0,11.0,7.0,1.0,2.0,12.0,12.0,1.0,3.0,10.0,2.0,9.0,8.0,8.0,18.0,16.0,10.0,16.0,16.0,15.0,11.0,7.0,12.0,10.0,12.0
Man Utd,61-75,5,61.68,351,565,14,25,224,433,172,387,208,423,103,183,49,109,72,141,62,241,110,146,4,17,2,3,8,22,4,7,32,26,8,14,2,1,41,140,31,125,9,46,18,57,128,362,3,8,8,12,4,8,11,24,4,7,5,8,2,9,6,13,5,11,2,3,2,4,1,1,1,1,0,0,0,1,0,1,0,1,0,0,9,17,7,7,18,18,6,12,40,41,24,16,58,59,30,28,0,0,10,7,8,4,22,12,30,34,4,5,31,30,52,46,15,24,7,7,2,7,7,2,66,65,108.0,127.0,241.0,475.0,549.0,1158.0,626.64,1366.89,2960.9842343396485,6807.789947642881,4521.615,6858.18,0.0,3.0,2.0,2.0,19.0,36.0,5.0,14.0,30.0,19.0,11.0,24.0,89.38,17.65,53.85,46.67,31.82,89.29,4.17,41.18,66.67,39.02,47.46,76.79,50.0,25.0,44.44,50.0,75.61,0.0,77.78,33.33,60.0,51.72,2.0,19.0,3.0,18.0,4.0,18.0,2.0,18.0,2.0,18.0,2.0,19.0,3.0,18.0,2.0,18.0,3.0,20.0,1.0,16.0,8.0,18.0,2.0,8.0,2.0,18.0,2.0,7.0,1.0,11.0,17.0,18.0,10.0,4.0,7.0,18.0,1.0,18.0,1.0,20.0,1.0,20.0,2.0,19.0,2.0,10.0,1.0,9.0,1.0,10.0,1.0,5.0,1.0,6.0,1.0,6.0,3.0,14.0,1.0,9.0,2.0,8.0,1.0,6.0,2.0,4.0,1.0,3.0,5.0,3.0,4.0,2.0,2.0,11.0,5.0,3.0,1.0,3.0,1.0,1.0,1.0,19.0,2.0,3.0,6.0,14.0,14.0,18.0,7.0,19.0,19.0,12.0,19.0,19.0,19.0,15.0,17.0,6.0,6.0,12.0,17.0,5.0,18.0,9.0,19.0,10.0,4.0,12.0,8.0,18.0,18.0,8.0,15.0,18.0,9.0,6.0,3.0,20.0,15.0,15.0,20.0,19.0,18.0,20.0,10.0,19.0,2.0,19.0,2.0,20.0,3.0,20.0,3.0,20.0,7.0,14.0,3.0,3.0,4.0,20.0,7.0,13.0,1.0,5.0,15.0,6.0,1.0,2.0,9.0,4.0,9.0,7.0,1.0,9.0,13.0,2.0,18.0,13.0,20.0,1.0,20.0,8.0,2.0,18.0,11.0,1.0,19.0,2.0,5.0
Newcastle,61-75,5,53.27,393,448,15,23,260,300,216,250,240,282,129,131,57,71,74,98,119,141,97,109,10,13,1,3,12,17,1,4,30,33,15,8,1,0,65,82,56,69,30,28,38,42,188,210,2,4,8,7,6,4,11,10,3,4,5,5,3,1,5,8,6,2,2,2,1,2,1,2,1,2,0,0,1,2,0,0,0,0,0,0,12,16,3,7,21,21,11,10,57,54,27,25,78,75,38,35,0,0,12,8,4,5,21,24,26,27,3,6,36,34,47,51,22,26,7,3,10,12,12,10,68,73,118.0,118.0,279.0,332.0,653.0,764.0,973.7700000000001,732.48,3938.12669441714,4504.256380389385,5573.505,6334.125,0.0,1.0,2.0,0.0,23.0,28.0,8.0,7.0,24.0,19.0,11.0,10.0,83.33,23.08,24.24,44.44,23.53,84.15,20.0,43.75,47.62,46.3,46.67,83.08,10.0,50.0,37.5,8.33,86.15,9.09,25.0,52.38,47.37,48.72,9.0,16.0,11.0,15.0,5.0,16.0,12.0,15.0,12.0,16.0,12.0,15.0,15.0,14.0,10.0,17.0,11.0,11.0,10.0,19.0,17.0,10.0,5.0,13.0,2.0,10.0,5.0,17.0,6.0,14.0,11.0,9.0,18.0,7.0,15.0,12.0,9.0,11.0,8.0,7.0,9.0,11.0,9.0,15.0,13.0,13.0,5.0,9.0,10.0,4.0,11.0,5.0,10.0,9.0,5.0,6.0,7.0,10.0,17.0,13.0,5.0,4.0,17.0,6.0,6.0,6.0,4.0,3.0,2.0,3.0,2.0,2.0,2.0,3.0,1.0,3.0,3.0,3.0,3.0,1.0,1.0,9.0,6.0,16.0,6.0,9.0,9.0,9.0,10.0,5.0,7.0,7.0,12.0,6.0,8.0,9.0,14.0,6.0,6.0,8.0,14.0,17.0,12.0,11.0,4.0,16.0,16.0,15.0,6.0,12.0,12.0,15.0,9.0,9.0,4.0,6.0,16.0,6.0,2.0,2.0,6.0,17.0,15.0,16.0,16.0,16.0,12.0,15.0,11.0,16.0,16.0,15.0,12.0,16.0,12.0,14.0,8.0,3.0,17.0,19.0,14.0,6.0,7.0,9.0,15.0,6.0,10.0,11.0,6.0,20.0,10.0,10.0,8.0,2.0,10.0,12.0,13.0,14.0,11.0,15.0,8.0,10.0,17.0,4.0,8.0,16.0,9.0,11.0,11.0
Nottingham Forest,61-75,5,51.09,449,469,14,22,299,307,244,251,280,293,133,144,70,66,96,97,106,133,138,118,8,12,2,2,9,16,2,3,40,37,16,17,1,6,44,89,33,67,26,32,31,46,219,224,2,3,5,8,4,7,6,12,4,1,2,5,0,6,4,8,2,4,3,1,1,0,1,1,1,1,0,0,1,1,0,0,0,0,0,0,19,17,4,6,23,23,12,11,66,66,30,33,89,89,42,44,1,0,15,16,10,5,23,21,26,36,3,6,45,41,49,57,26,25,6,4,11,10,10,11,85,85,126.0,144.0,330.0,341.0,733.0,743.0,980.8050000000001,1166.76,4582.811043667049,4564.024435012596,5986.05,7083.09,1.0,0.0,1.0,1.0,27.0,37.0,2.0,8.0,22.0,31.0,6.0,11.0,81.76,16.67,45.95,16.67,18.75,75.28,8.33,35.29,47.83,50.0,49.44,81.61,25.0,40.0,66.67,22.22,75.0,16.67,21.05,52.17,45.45,47.19,10.0,13.0,10.0,18.0,7.0,13.0,11.0,13.0,11.0,13.0,10.0,13.0,10.0,9.0,12.0,13.0,12.0,15.0,11.0,9.0,15.0,13.0,7.0,8.0,9.0,16.0,6.0,14.0,10.0,3.0,8.0,6.0,5.0,7.0,1.0,17.0,5.0,17.0,10.0,11.0,4.0,16.0,6.0,12.0,11.0,13.0,9.0,15.0,6.0,10.0,4.0,18.0,6.0,6.0,16.0,18.0,7.0,19.0,2.0,17.0,5.0,15.0,7.0,3.0,14.0,6.0,15.0,3.0,5.0,3.0,4.0,2.0,2.0,3.0,5.0,3.0,3.0,3.0,3.0,1.0,1.0,2.0,2.0,14.0,9.0,7.0,7.0,6.0,9.0,3.0,3.0,4.0,1.0,3.0,3.0,4.0,3.0,1.0,6.0,3.0,2.0,3.0,12.0,6.0,9.0,16.0,2.0,15.0,6.0,2.0,4.0,13.0,4.0,5.0,5.0,9.0,14.0,4.0,4.0,4.0,4.0,5.0,4.0,10.0,3.0,12.0,10.0,12.0,12.0,15.0,9.0,11.0,11.0,11.0,3.0,10.0,13.0,11.0,11.0,10.0,6.0,19.0,6.0,12.0,2.0,18.0,7.0,13.0,11.0,7.0,19.0,14.0,15.0,7.0,16.0,11.0,10.0,10.0,13.0,6.0,13.0,1.0,11.0,19.0,2.0,19.0,10.0,13.0,13.0
Sunderland,61-75,5,46.8,457,402,17,22,318,265,256,209,299,253,153,135,66,58,99,72,119,78,137,131,5,6,1,1,10,10,3,2,31,38,11,19,0,1,64,40,54,30,24,26,37,34,230,176,4,1,9,7,4,7,11,12,1,2,6,6,4,4,7,10,4,2,1,2,0,0,0,1,0,1,0,0,0,1,0,0,0,0,0,0,12,8,5,4,25,25,12,13,53,49,27,23,78,74,39,36,1,0,9,7,8,8,22,15,35,36,4,7,37,39,57,51,26,25,4,5,12,12,12,12,81,76,133.0,143.0,338.0,283.0,693.0,689.0,737.415,983.115,4350.5344924279725,3718.469826997102,6427.47,6931.155,3.0,0.0,1.0,2.0,28.0,38.0,7.0,9.0,21.0,29.0,11.0,12.0,78.87,16.67,50.0,25.0,20.0,75.0,8.33,50.0,52.0,46.94,48.65,80.5,20.0,35.48,14.29,30.0,84.38,0.0,41.67,48.0,50.94,50.0,12.0,12.0,15.0,13.0,7.0,10.0,15.0,12.0,15.0,10.0,15.0,8.0,12.0,11.0,15.0,11.0,17.0,11.0,16.0,10.0,10.0,17.0,14.0,13.0,12.0,14.0,14.0,10.0,14.0,12.0,5.0,17.0,4.0,16.0,7.0,13.0,17.0,12.0,17.0,14.0,11.0,12.0,13.0,11.0,15.0,5.0,17.0,5.0,10.0,10.0,4.0,5.0,6.0,17.0,14.0,4.0,5.0,6.0,5.0,6.0,3.0,9.0,17.0,12.0,6.0,14.0,15.0,13.0,5.0,12.0,4.0,2.0,2.0,11.0,5.0,3.0,3.0,3.0,3.0,1.0,1.0,9.0,17.0,10.0,13.0,5.0,5.0,6.0,6.0,9.0,13.0,7.0,15.0,6.0,9.0,7.0,12.0,1.0,6.0,16.0,17.0,5.0,5.0,9.0,16.0,4.0,2.0,12.0,1.0,11.0,5.0,4.0,9.0,5.0,5.0,13.0,10.0,2.0,2.0,2.0,2.0,8.0,11.0,5.0,4.0,11.0,15.0,13.0,15.0,18.0,14.0,13.0,15.0,7.0,5.0,3.0,13.0,11.0,4.0,9.0,5.0,9.0,5.0,15.0,4.0,6.0,6.0,16.0,11.0,5.0,14.0,13.0,16.0,7.0,5.0,8.0,12.0,12.0,14.0,12.0,17.0,18.0,9.0,7.0,11.0,10.0,13.0,8.0,8.0
Tottenham,61-75,5,59.14,351,508,21,21,222,368,171,320,201,355,107,146,49,88,66,134,84,165,87,155,8,15,3,1,10,19,5,2,38,28,12,13,1,0,52,88,39,77,17,26,24,49,146,283,2,5,9,6,9,4,11,10,5,1,3,7,3,2,10,4,1,6,5,1,0,0,3,0,3,0,0,0,3,0,0,0,0,0,0,0,12,16,3,6,19,19,9,10,55,59,22,32,74,78,31,42,0,0,9,15,9,3,19,17,29,30,6,2,41,33,48,47,19,21,6,3,11,10,10,11,74,69,114.0,122.0,251.0,388.0,544.0,964.0,748.8599999999999,1026.27,3219.679577428027,5298.387039833121,5638.5,6370.035,0.0,1.0,0.0,3.0,31.0,32.0,10.0,6.0,20.0,19.0,12.0,9.0,86.96,6.67,46.43,12.5,10.53,87.5,0.0,37.5,52.63,54.24,53.85,77.03,37.5,31.58,62.5,50.0,75.0,27.27,25.0,47.37,40.0,41.89,4.0,19.0,8.0,7.0,10.0,19.0,8.0,19.0,8.0,19.0,8.0,18.0,9.0,18.0,5.0,19.0,7.0,17.0,6.0,20.0,6.0,13.0,4.0,4.0,12.0,14.0,4.0,3.0,14.0,5.0,13.0,16.0,12.0,7.0,15.0,16.0,6.0,16.0,5.0,18.0,11.0,18.0,4.0,18.0,7.0,13.0,4.0,5.0,14.0,1.0,11.0,5.0,10.0,4.0,16.0,15.0,4.0,10.0,13.0,2.0,14.0,19.0,4.0,1.0,14.0,14.0,15.0,1.0,11.0,1.0,11.0,2.0,2.0,1.0,10.0,3.0,3.0,3.0,3.0,1.0,1.0,9.0,6.0,16.0,9.0,12.0,12.0,14.0,10.0,7.0,5.0,16.0,3.0,9.0,7.0,14.0,5.0,6.0,6.0,16.0,4.0,4.0,20.0,13.0,14.0,13.0,9.0,6.0,19.0,6.0,13.0,14.0,13.0,16.0,12.0,9.0,16.0,4.0,4.0,4.0,4.0,12.0,16.0,18.0,15.0,18.0,8.0,20.0,6.0,17.0,12.0,18.0,8.0,15.0,11.0,14.0,8.0,18.0,1.0,6.0,11.0,4.0,10.0,16.0,15.0,5.0,12.0,5.0,17.0,6.0,20.0,17.0,4.0,10.0,15.0,7.0,5.0,4.0,19.0,3.0,18.0,4.0,2.0,19.0,1.0,16.0,14.0,17.0,18.0
Arsenal,76+,5,53.21,547,622,29,20,370,428,291,341,350,403,170,197,80,95,120,136,158,198,133,143,13,6,6,0,19,9,6,1,52,56,24,25,2,3,78,101,53,83,44,37,47,45,269,318,6,3,4,6,3,4,11,9,4,3,5,4,2,2,10,5,1,4,4,2,0,1,0,1,0,1,0,0,0,1,0,0,0,0,0,0,9,16,2,7,39,39,18,21,75,75,32,42,114,114,50,63,0,0,16,17,8,9,27,21,43,37,10,9,59,51,70,58,31,26,7,2,18,14,14,18,118,119,171.0,190.0,405.0,466.0,912.0,1120.0,1457.085,1112.055,5581.918349591868,6041.993303168215,8871.345,8712.48,1.0,1.0,5.0,2.0,47.0,44.0,7.0,8.0,27.0,42.0,11.0,9.0,79.67,0.0,44.64,42.86,11.11,82.18,11.11,43.75,53.85,56.0,55.26,78.65,46.15,46.15,44.44,31.58,67.95,0.0,22.22,46.15,42.67,43.86,8.0,13.0,8.0,6.0,15.0,13.0,8.0,12.0,9.0,12.0,8.0,14.0,6.0,12.0,8.0,10.0,10.0,9.0,7.0,13.0,12.0,11.0,16.0,3.0,18.0,9.0,18.0,5.0,18.0,7.0,3.0,3.0,4.0,5.0,5.0,12.0,7.0,16.0,7.0,5.0,9.0,10.0,11.0,12.0,8.0,5.0,14.0,20.0,15.0,19.0,14.0,15.0,17.0,9.0,13.0,8.0,13.0,15.0,16.0,7.0,19.0,20.0,11.0,6.0,15.0,16.0,7.0,16.0,11.0,13.0,8.0,7.0,7.0,16.0,11.0,1.0,1.0,1.0,1.0,1.0,1.0,20.0,11.0,19.0,7.0,8.0,8.0,10.0,6.0,6.0,5.0,12.0,4.0,8.0,7.0,13.0,3.0,3.0,3.0,6.0,7.0,6.0,5.0,12.0,17.0,4.0,10.0,2.0,3.0,3.0,7.0,6.0,19.0,9.0,16.0,7.0,19.0,2.0,6.0,6.0,2.0,3.0,2.0,12.0,5.0,12.0,8.0,11.0,8.0,5.0,13.0,11.0,10.0,10.0,11.0,6.0,7.0,1.0,8.0,6.0,11.0,16.0,14.0,15.0,2.0,15.0,17.0,11.0,18.0,7.0,11.0,17.0,11.0,10.0,6.0,8.0,4.0,3.0,14.0,2.0,6.0,8.0,3.0,20.0,16.0,18.0,13.0,16.0,16.0
Aston Villa,76+,5,46.24,657,565,29,12,459,397,401,334,442,374,203,178,98,103,158,116,218,181,183,153,14,5,9,1,20,7,10,1,40,49,19,16,0,1,127,71,106,66,36,33,69,40,367,286,3,2,14,2,12,1,20,5,8,1,11,2,1,2,15,4,5,1,7,0,1,1,3,1,3,0,0,1,3,1,0,0,0,0,0,0,23,17,11,8,24,24,13,11,95,91,52,37,119,115,65,48,0,0,25,20,10,8,19,24,49,39,3,7,55,62,68,63,33,30,8,11,9,16,16,9,95,104,165.0,140.0,496.0,415.0,1202.0,1104.0,1560.4050000000002,1010.205,7058.082801063083,6051.226050265225,8450.19,6045.6900000000005,3.0,1.0,5.0,1.0,43.0,33.0,9.0,5.0,27.0,31.0,20.0,5.0,84.13,20.0,32.65,33.33,14.29,92.96,20.0,47.06,45.83,40.66,41.74,87.36,64.29,47.5,42.11,50.0,83.46,15.0,47.83,54.17,54.74,54.62,14.0,5.0,11.0,6.0,19.0,5.0,10.0,5.0,10.0,5.0,10.0,4.0,10.0,6.0,6.0,6.0,11.0,5.0,10.0,4.0,11.0,8.0,19.0,1.0,15.0,7.0,20.0,1.0,18.0,20.0,14.0,11.0,19.0,17.0,9.0,3.0,15.0,3.0,13.0,9.0,12.0,2.0,13.0,5.0,10.0,15.0,18.0,3.0,20.0,1.0,20.0,2.0,20.0,1.0,20.0,1.0,19.0,18.0,16.0,2.0,20.0,6.0,19.0,1.0,20.0,5.0,7.0,2.0,11.0,2.0,15.0,7.0,3.0,2.0,11.0,1.0,1.0,1.0,1.0,1.0,1.0,3.0,10.0,2.0,4.0,19.0,19.0,18.0,19.0,1.0,2.0,1.0,7.0,4.0,6.0,1.0,18.0,3.0,3.0,1.0,5.0,4.0,9.0,18.0,16.0,1.0,8.0,17.0,6.0,6.0,2.0,9.0,12.0,7.0,8.0,4.0,2.0,15.0,1.0,1.0,15.0,19.0,13.0,16.0,20.0,6.0,11.0,5.0,9.0,4.0,18.0,5.0,9.0,12.0,20.0,1.0,7.0,1.0,14.0,10.0,17.0,10.0,19.0,15.0,12.0,2.0,20.0,6.0,10.0,19.0,15.0,16.0,1.0,3.0,4.0,13.0,17.0,19.0,3.0,1.0,5.0,14.0,1.0,8.0,6.0,6.0,8.0,4.0,2.0
Bournemouth,76+,5,49.32,563,548,23,22,372,354,287,278,347,338,185,174,75,86,112,94,124,145,163,133,11,11,2,1,15,21,3,4,52,54,24,17,4,1,84,78,62,64,32,38,48,51,258,254,4,6,6,11,5,6,11,17,5,5,5,5,1,7,8,8,3,9,5,3,0,2,4,0,4,0,0,0,4,0,0,0,0,0,0,0,17,16,4,8,43,43,27,16,75,71,31,39,118,114,58,55,0,0,12,16,7,8,27,26,37,37,7,7,49,50,64,63,34,37,8,4,15,15,15,15,128,105,195.0,193.0,390.0,389.0,856.0,810.0,1276.17,1089.06,4887.590214389367,5128.33364187416,9357.915,9607.185000000001,1.0,1.0,1.0,2.0,50.0,45.0,8.0,10.0,44.0,40.0,11.0,17.0,78.53,9.09,31.48,50.0,19.05,82.05,0.0,50.0,37.21,54.93,48.25,77.15,18.18,46.15,50.0,20.0,73.81,36.36,23.53,62.79,41.33,49.15,11.0,12.0,12.0,9.0,11.0,12.0,13.0,13.0,13.0,13.0,13.0,8.0,11.0,13.0,10.0,14.0,14.0,17.0,12.0,9.0,13.0,15.0,13.0,11.0,15.0,16.0,7.0,12.0,10.0,7.0,6.0,3.0,13.0,1.0,9.0,10.0,13.0,12.0,14.0,11.0,8.0,9.0,9.0,13.0,13.0,13.0,6.0,18.0,6.0,13.0,11.0,15.0,7.0,6.0,6.0,8.0,9.0,18.0,5.0,15.0,13.0,15.0,3.0,3.0,10.0,16.0,3.0,1.0,17.0,1.0,15.0,7.0,7.0,1.0,17.0,1.0,1.0,1.0,1.0,1.0,1.0,8.0,11.0,16.0,4.0,4.0,4.0,1.0,11.0,6.0,14.0,14.0,6.0,5.0,7.0,7.0,8.0,3.0,3.0,17.0,10.0,9.0,9.0,12.0,12.0,11.0,10.0,7.0,6.0,9.0,9.0,12.0,12.0,6.0,1.0,4.0,16.0,5.0,4.0,4.0,5.0,1.0,11.0,3.0,4.0,13.0,13.0,13.0,13.0,11.0,16.0,14.0,12.0,8.0,8.0,6.0,7.0,13.0,8.0,4.0,9.0,13.0,10.0,1.0,6.0,15.0,6.0,14.0,16.0,20.0,6.0,13.0,12.0,17.0,2.0,19.0,5.0,12.0,18.0,10.0,6.0,6.0,10.0,19.0,2.0,16.0,2.0,17.0,10.0
Brentford,76+,5,40.93,651,451,31,30,435,246,366,171,413,229,173,137,97,38,165,71,200,72,166,99,15,15,2,3,23,20,2,6,46,43,22,17,1,3,117,58,95,41,42,22,53,36,311,157,7,5,11,11,5,10,20,18,6,6,8,6,6,6,10,15,10,3,3,6,3,0,2,2,2,2,0,0,2,2,0,0,0,0,0,0,22,13,8,5,54,54,22,32,72,70,37,30,126,124,59,62,0,0,13,17,5,3,35,33,34,36,5,10,36,54,69,69,23,29,5,8,8,16,16,8,106,112,190.0,194.0,478.0,274.0,1083.0,467.0,1072.5749999999998,1101.345,6095.314970664273,2819.781058399707,10282.965,10018.155,1.0,0.0,1.0,3.0,63.0,55.0,12.0,13.0,27.0,44.0,20.0,17.0,69.51,20.0,39.53,50.0,30.0,70.69,11.11,38.46,59.26,42.86,50.0,84.14,13.33,47.83,42.86,8.7,81.2,10.0,36.36,40.74,51.39,46.83,18.0,6.0,20.0,5.0,6.0,6.0,19.0,6.0,19.0,6.0,19.0,12.0,19.0,7.0,20.0,5.0,19.0,6.0,19.0,8.0,19.0,6.0,6.0,11.0,9.0,5.0,9.0,15.0,5.0,14.0,19.0,8.0,13.0,13.0,5.0,6.0,18.0,7.0,17.0,7.0,16.0,8.0,14.0,7.0,19.0,3.0,8.0,7.0,6.0,13.0,2.0,2.0,6.0,3.0,4.0,3.0,6.0,5.0,7.0,7.0,2.0,3.0,14.0,9.0,1.0,2.0,15.0,7.0,6.0,5.0,3.0,7.0,7.0,7.0,6.0,1.0,1.0,1.0,1.0,1.0,1.0,4.0,17.0,5.0,16.0,1.0,1.0,5.0,1.0,13.0,15.0,8.0,17.0,1.0,2.0,5.0,4.0,3.0,3.0,16.0,7.0,15.0,20.0,4.0,5.0,15.0,12.0,12.0,1.0,19.0,5.0,8.0,7.0,14.0,10.0,16.0,5.0,17.0,1.0,1.0,17.0,10.0,5.0,5.0,3.0,7.0,20.0,8.0,20.0,17.0,15.0,8.0,20.0,3.0,4.0,6.0,14.0,13.0,6.0,2.0,4.0,5.0,4.0,15.0,1.0,2.0,6.0,19.0,10.0,8.0,6.0,2.0,17.0,10.0,11.0,3.0,15.0,6.0,6.0,14.0,4.0,12.0,19.0,12.0,10.0,10.0,18.0,7.0,14.0
Brighton,76+,5,64.95,402,745,18,36,231,551,153,491,200,536,132,236,43,124,56,191,69,267,84,224,4,14,0,4,10,20,1,5,66,50,24,29,1,4,54,135,40,113,16,57,27,82,137,448,5,4,7,14,5,8,9,25,3,7,5,13,1,5,7,19,2,6,2,5,1,2,0,3,0,1,0,2,0,3,0,0,0,0,0,0,12,19,2,8,40,40,24,16,67,68,31,33,107,108,55,49,0,0,16,12,8,9,31,30,22,44,3,4,48,40,53,74,17,28,8,2,13,13,13,13,103,99,164.0,179.0,265.0,588.0,545.0,1460.0,812.3850000000001,2136.96,3050.6391661352227,8645.569036230761,7069.755,9905.28,0.0,2.0,0.0,5.0,30.0,56.0,6.0,18.0,35.0,21.0,9.0,25.0,89.11,28.57,58.0,35.0,25.0,83.7,12.0,42.11,40.0,48.53,45.37,66.23,0.0,36.36,37.5,10.0,74.07,0.0,16.67,60.0,46.27,51.4,1.0,20.0,2.0,14.0,3.0,20.0,1.0,20.0,1.0,20.0,1.0,20.0,1.0,20.0,4.0,20.0,2.0,20.0,3.0,20.0,3.0,19.0,10.0,19.0,6.0,19.0,9.0,18.0,8.0,1.0,11.0,3.0,2.0,13.0,2.0,18.0,3.0,19.0,4.0,20.0,1.0,20.0,1.0,20.0,1.0,9.0,12.0,13.0,2.0,13.0,4.0,19.0,1.0,16.0,3.0,8.0,1.0,18.0,9.0,17.0,1.0,19.0,6.0,15.0,3.0,5.0,3.0,16.0,2.0,13.0,8.0,7.0,1.0,16.0,2.0,1.0,1.0,1.0,1.0,1.0,1.0,18.0,6.0,19.0,4.0,6.0,6.0,2.0,11.0,17.0,16.0,14.0,14.0,11.0,10.0,8.0,15.0,3.0,3.0,6.0,15.0,6.0,5.0,8.0,9.0,20.0,2.0,17.0,16.0,10.0,19.0,18.0,3.0,19.0,11.0,4.0,19.0,10.0,8.0,8.0,10.0,12.0,18.0,17.0,11.0,20.0,4.0,20.0,1.0,20.0,1.0,20.0,1.0,19.0,5.0,13.0,1.0,19.0,1.0,20.0,2.0,18.0,1.0,8.0,20.0,19.0,1.0,1.0,6.0,2.0,14.0,8.0,9.0,8.0,8.0,17.0,10.0,15.0,20.0,19.0,15.0,16.0,18.0,18.0,16.0,20.0,4.0,12.0,5.0
Chelsea,76+,5,52.36,566,622,17,31,376,421,300,343,360,394,181,172,81,84,114,165,150,183,150,160,10,15,1,2,17,20,3,2,55,53,27,19,2,0,80,103,62,84,33,34,36,52,292,301,6,7,7,7,7,4,14,12,7,3,4,6,3,3,10,9,4,3,6,3,1,0,3,0,3,0,0,0,3,0,0,0,0,0,0,0,17,19,6,7,27,27,15,12,71,75,27,43,98,102,42,55,0,0,15,19,11,8,25,26,39,33,10,5,60,44,64,59,33,17,7,6,17,6,6,17,111,114,185.0,180.0,416.0,464.0,880.0,1054.0,1357.335,1367.94,5599.496111605826,6265.724858345109,9679.845000000001,8520.225,0.0,1.0,1.0,5.0,56.0,37.0,10.0,5.0,38.0,40.0,14.0,12.0,81.47,13.33,35.85,33.33,10.0,81.55,0.0,36.84,44.44,57.33,53.92,79.79,10.0,49.09,63.64,17.65,77.5,21.43,35.29,55.56,38.03,42.86,9.0,11.0,8.0,17.0,4.0,11.0,9.0,10.0,8.0,11.0,9.0,9.0,13.0,10.0,11.0,13.0,7.0,10.0,9.0,11.0,10.0,17.0,6.0,15.0,12.0,12.0,9.0,12.0,14.0,4.0,7.0,1.0,11.0,5.0,14.0,11.0,6.0,12.0,6.0,10.0,11.0,16.0,8.0,9.0,9.0,5.0,2.0,13.0,14.0,6.0,14.0,11.0,13.0,2.0,13.0,15.0,6.0,13.0,14.0,7.0,9.0,10.0,14.0,2.0,10.0,5.0,15.0,2.0,17.0,2.0,15.0,7.0,7.0,2.0,17.0,1.0,1.0,1.0,1.0,1.0,1.0,8.0,6.0,10.0,7.0,17.0,17.0,15.0,18.0,14.0,5.0,19.0,3.0,18.0,15.0,19.0,8.0,3.0,3.0,10.0,6.0,2.0,9.0,15.0,12.0,6.0,16.0,2.0,10.0,2.0,14.0,12.0,17.0,7.0,20.0,7.0,10.0,3.0,20.0,20.0,3.0,7.0,4.0,9.0,9.0,11.0,9.0,12.0,10.0,9.0,8.0,10.0,8.0,5.0,12.0,13.0,7.0,13.0,1.0,3.0,15.0,8.0,19.0,6.0,6.0,11.0,13.0,9.0,15.0,14.0,15.0,18.0,14.0,17.0,14.0,16.0,3.0,5.0,11.0,15.0,3.0,2.0,12.0,15.0,3.0,12.0,5.0,19.0,18.0
Coventry,76+,5,40.14,704,472,18,10,534,310,459,229,516,289,242,169,105,60,187,81,254,113,205,116,15,10,4,5,16,18,4,6,46,64,18,23,2,1,117,72,100,54,56,21,66,36,415,218,1,5,16,6,7,5,20,10,5,5,9,3,6,2,9,7,11,3,1,4,4,1,3,0,0,0,3,0,3,0,0,0,0,0,0,0,18,8,8,0,48,48,23,25,53,52,30,20,101,100,53,45,0,0,11,9,3,10,26,25,38,36,4,3,29,41,64,61,21,22,0,8,11,11,11,11,96,110,175.0,177.0,562.0,345.0,1355.0,690.0,1682.73,1067.745,7435.593996218653,4008.8320896000732,8250.585,8028.825,2.0,0.0,3.0,0.0,39.0,34.0,13.0,7.0,35.0,36.0,20.0,10.0,73.87,50.0,35.94,62.5,33.33,75.0,0.0,0.0,52.08,38.46,45.0,85.96,26.67,39.13,35.71,25.0,85.47,15.0,44.44,47.92,56.6,52.48,19.0,3.0,19.0,14.0,20.0,3.0,16.0,3.0,17.0,3.0,16.0,3.0,14.0,5.0,15.0,3.0,17.0,3.0,14.0,3.0,18.0,6.0,14.0,7.0,4.0,15.0,13.0,8.0,5.0,14.0,1.0,14.0,5.0,5.0,9.0,6.0,14.0,5.0,15.0,1.0,17.0,4.0,14.0,3.0,15.0,19.0,8.0,1.0,15.0,6.0,13.0,2.0,16.0,6.0,6.0,2.0,17.0,5.0,16.0,12.0,16.0,1.0,14.0,18.0,6.0,1.0,7.0,2.0,17.0,13.0,15.0,1.0,7.0,2.0,17.0,1.0,1.0,1.0,1.0,1.0,1.0,7.0,20.0,5.0,20.0,3.0,3.0,3.0,3.0,20.0,20.0,17.0,19.0,16.0,18.0,9.0,19.0,3.0,3.0,19.0,19.0,20.0,2.0,14.0,15.0,10.0,12.0,14.0,19.0,20.0,17.0,12.0,16.0,17.0,19.0,20.0,5.0,13.0,14.0,14.0,13.0,18.0,7.0,10.0,14.0,3.0,16.0,3.0,17.0,3.0,17.0,3.0,16.0,14.0,15.0,3.0,14.0,4.0,17.0,12.0,16.0,4.0,15.0,8.0,10.0,2.0,16.0,17.0,1.0,13.0,2.0,1.0,16.0,17.0,20.0,10.0,19.0,17.0,4.0,6.0,12.0,17.0,7.0,6.0,6.0,7.0,11.0,3.0,4.0
Crystal Palace,76+,5,41.48,831,589,34,13,624,390,547,307,605,374,251,174,151,61,222,155,255,141,292,166,10,13,1,3,15,15,1,3,46,51,24,17,3,4,119,86,100,74,44,26,67,32,478,273,3,1,7,6,5,4,14,9,6,2,5,4,3,3,10,8,4,1,4,2,2,0,2,1,2,1,0,0,2,1,0,0,0,0,0,0,31,12,6,6,32,32,15,17,80,73,32,42,112,105,47,59,1,0,14,29,10,7,20,34,44,38,8,10,45,63,64,72,31,34,6,6,7,11,11,7,128,110,207.0,172.0,645.0,422.0,1551.0,915.0,1899.7649999999999,1370.145,9509.272517559857,5057.798913593539,10429.86,7742.28,3.0,1.0,4.0,1.0,50.0,42.0,8.0,6.0,30.0,41.0,14.0,9.0,78.72,23.08,33.33,33.33,20.0,86.05,11.11,50.0,53.12,57.53,56.19,87.66,10.0,52.17,54.55,6.67,84.03,14.29,19.35,46.88,40.0,41.96,17.0,1.0,10.0,4.0,18.0,1.0,11.0,1.0,11.0,1.0,10.0,2.0,11.0,1.0,14.0,1.0,8.0,2.0,13.0,1.0,8.0,17.0,12.0,15.0,9.0,16.0,14.0,18.0,11.0,14.0,9.0,3.0,13.0,2.0,2.0,4.0,10.0,5.0,10.0,5.0,15.0,3.0,18.0,1.0,11.0,15.0,19.0,13.0,15.0,13.0,14.0,11.0,17.0,3.0,18.0,8.0,13.0,13.0,14.0,7.0,13.0,10.0,19.0,6.0,15.0,3.0,15.0,7.0,11.0,5.0,8.0,7.0,7.0,7.0,11.0,1.0,1.0,1.0,1.0,1.0,1.0,1.0,18.0,10.0,13.0,13.0,13.0,15.0,10.0,4.0,10.0,12.0,4.0,9.0,12.0,17.0,5.0,1.0,3.0,15.0,1.0,4.0,12.0,17.0,4.0,3.0,9.0,5.0,1.0,13.0,1.0,12.0,4.0,9.0,3.0,13.0,10.0,18.0,14.0,14.0,18.0,1.0,7.0,2.0,15.0,1.0,10.0,2.0,11.0,2.0,7.0,1.0,13.0,2.0,18.0,1.0,7.0,3.0,14.0,4.0,14.0,13.0,16.0,13.0,3.0,11.0,17.0,12.0,9.0,17.0,15.0,12.0,6.0,10.0,2.0,9.0,2.0,2.0,1.0,15.0,2.0,5.0,20.0,7.0,8.0,19.0,12.0,18.0,19.0
Everton,76+,5,41.9,699,504,36,30,483,295,410,232,463,274,198,138,117,60,168,97,239,102,171,130,22,5,7,0,29,12,8,2,46,48,19,17,2,0,134,86,116,71,47,19,60,36,378,192,6,6,12,11,7,6,20,15,4,5,5,5,11,5,16,9,4,6,3,4,1,1,1,3,1,2,0,1,1,3,0,0,0,0,0,0,15,16,9,2,43,43,19,24,73,75,43,29,116,118,62,53,0,0,24,12,11,4,22,39,40,42,6,5,58,40,62,81,38,32,2,9,15,10,10,15,103,104,189.0,178.0,539.0,322.0,1284.0,728.0,1356.915,1295.28,7167.122683775226,3831.7237050102153,9485.385,8724.135,2.0,2.0,1.0,3.0,45.0,46.0,18.0,9.0,41.0,39.0,20.0,15.0,78.64,0.0,35.42,50.0,16.67,82.56,20.0,12.5,55.81,38.67,44.92,84.89,31.82,41.3,44.44,27.59,86.57,5.0,60.0,44.19,58.9,53.45,16.0,4.0,15.0,2.0,6.0,4.0,17.0,4.0,15.0,4.0,17.0,5.0,18.0,4.0,15.0,4.0,12.0,4.0,16.0,6.0,15.0,2.0,19.0,2.0,18.0,2.0,16.0,3.0,14.0,14.0,16.0,11.0,13.0,5.0,14.0,2.0,10.0,2.0,12.0,3.0,19.0,6.0,14.0,4.0,17.0,5.0,6.0,4.0,6.0,6.0,11.0,2.0,10.0,9.0,6.0,8.0,9.0,2.0,9.0,1.0,9.0,10.0,6.0,9.0,6.0,5.0,7.0,11.0,2.0,8.0,3.0,7.0,3.0,11.0,2.0,1.0,1.0,1.0,1.0,1.0,1.0,13.0,11.0,3.0,19.0,4.0,4.0,8.0,4.0,10.0,5.0,2.0,18.0,7.0,5.0,3.0,10.0,3.0,3.0,3.0,15.0,2.0,16.0,16.0,2.0,5.0,4.0,9.0,10.0,5.0,19.0,17.0,2.0,2.0,7.0,19.0,3.0,5.0,17.0,17.0,5.0,12.0,13.0,6.0,12.0,4.0,17.0,4.0,16.0,10.0,9.0,4.0,17.0,7.0,10.0,3.0,1.0,13.0,6.0,9.0,7.0,2.0,12.0,4.0,8.0,2.0,10.0,13.0,18.0,16.0,6.0,14.0,10.0,3.0,19.0,7.0,18.0,18.0,5.0,4.0,9.0,8.0,6.0,5.0,14.0,2.0,14.0,2.0,3.0
Fulham,76+,5,55.86,546,691,22,38,335,503,264,418,314,487,159,218,60,103,116,182,146,218,118,200,14,14,3,1,21,22,5,2,50,55,18,20,2,2,77,132,63,114,37,35,42,65,243,377,7,7,11,9,7,8,15,15,4,3,5,5,6,7,11,10,4,5,3,2,1,1,2,0,1,0,1,0,2,0,0,0,0,0,0,0,14,24,8,7,38,38,23,15,59,59,40,17,97,97,63,32,0,0,20,7,4,7,47,27,37,40,8,7,42,41,84,67,17,25,7,8,3,12,12,3,99,123,171.0,196.0,371.0,550.0,828.0,1278.0,1264.515,1294.8600000000001,4703.363712792282,7709.225985837216,8069.775,10441.515,1.0,2.0,3.0,1.0,36.0,55.0,9.0,11.0,42.0,29.0,15.0,15.0,83.1,7.14,36.36,37.5,9.09,86.36,0.0,29.17,39.47,28.81,32.99,78.81,21.43,36.0,44.44,23.81,81.82,13.33,57.14,60.53,67.8,64.95,5.0,14.0,5.0,11.0,1.0,15.0,5.0,15.0,6.0,15.0,5.0,16.0,4.0,17.0,6.0,12.0,5.0,13.0,5.0,18.0,4.0,8.0,10.0,9.0,15.0,6.0,6.0,7.0,14.0,12.0,5.0,14.0,8.0,5.0,8.0,13.0,4.0,11.0,3.0,8.0,10.0,13.0,4.0,15.0,5.0,3.0,2.0,7.0,11.0,6.0,4.0,8.0,10.0,9.0,13.0,8.0,9.0,5.0,5.0,5.0,8.0,10.0,9.0,9.0,15.0,5.0,7.0,7.0,17.0,8.0,15.0,2.0,7.0,7.0,17.0,1.0,1.0,1.0,1.0,1.0,1.0,14.0,2.0,5.0,7.0,9.0,9.0,3.0,13.0,19.0,19.0,5.0,20.0,19.0,20.0,2.0,20.0,3.0,3.0,4.0,20.0,17.0,12.0,1.0,11.0,11.0,6.0,5.0,6.0,16.0,17.0,1.0,9.0,19.0,17.0,7.0,5.0,20.0,11.0,11.0,20.0,16.0,1.0,12.0,2.0,15.0,5.0,16.0,5.0,13.0,11.0,16.0,5.0,15.0,2.0,6.0,1.0,4.0,14.0,15.0,4.0,10.0,7.0,3.0,13.0,8.0,10.0,8.0,17.0,10.0,13.0,20.0,5.0,17.0,16.0,18.0,20.0,20.0,13.0,8.0,16.0,8.0,8.0,11.0,9.0,3.0,3.0,1.0,1.0
Hull,76+,5,37.44,802,480,26,24,565,245,494,170,549,229,252,141,118,42,195,62,312,86,182,84,21,21,3,4,24,29,4,8,51,56,27,20,1,0,161,64,147,45,53,29,81,35,459,175,5,7,12,13,8,9,16,20,6,3,6,7,4,10,11,12,5,8,5,2,1,1,0,1,0,0,0,1,0,1,0,0,0,0,0,0,16,19,5,12,38,38,19,19,73,73,25,45,111,111,44,64,0,0,12,24,6,10,40,31,39,40,4,4,43,51,79,71,22,27,12,5,9,8,8,9,118,106,192.0,198.0,611.0,303.0,1567.0,609.0,2193.7650000000003,1243.935,8865.6275074913,3809.8764028610367,8938.965,10621.064999999999,0.0,0.0,3.0,2.0,34.0,60.0,9.0,14.0,41.0,39.0,16.0,20.0,69.39,19.05,35.71,30.0,27.59,70.31,5.0,63.16,50.0,61.64,57.66,87.43,14.29,52.94,50.0,16.67,91.3,0.0,31.25,50.0,34.25,39.64,20.0,2.0,18.0,8.0,9.0,2.0,20.0,2.0,20.0,2.0,19.0,1.0,17.0,2.0,19.0,2.0,20.0,1.0,17.0,5.0,20.0,3.0,3.0,9.0,6.0,4.0,3.0,8.0,3.0,10.0,3.0,1.0,8.0,13.0,14.0,1.0,16.0,1.0,16.0,2.0,14.0,1.0,17.0,2.0,18.0,9.0,2.0,4.0,4.0,3.0,3.0,6.0,3.0,3.0,13.0,4.0,4.0,10.0,1.0,5.0,6.0,6.0,4.0,3.0,15.0,5.0,7.0,16.0,11.0,13.0,15.0,7.0,3.0,16.0,11.0,1.0,1.0,1.0,1.0,1.0,1.0,11.0,6.0,13.0,1.0,9.0,9.0,8.0,7.0,10.0,10.0,20.0,2.0,10.0,9.0,18.0,2.0,3.0,3.0,17.0,2.0,13.0,2.0,3.0,8.0,6.0,6.0,14.0,16.0,15.0,7.0,2.0,5.0,16.0,13.0,1.0,13.0,15.0,19.0,19.0,15.0,3.0,10.0,4.0,1.0,2.0,18.0,1.0,19.0,1.0,12.0,2.0,18.0,9.0,1.0,13.0,14.0,4.0,8.0,17.0,1.0,10.0,3.0,4.0,8.0,6.0,3.0,20.0,14.0,15.0,19.0,5.0,18.0,16.0,1.0,12.0,1.0,1.0,2.0,13.0,1.0,6.0,13.0,2.0,16.0,13.0,9.0,20.0,20.0
Ipswich,76+,5,53.73,633,735,15,25,431,546,359,458,406,528,193,233,118,129,120,184,147,225,212,233,12,15,2,3,15,19,2,3,56,51,24,17,3,1,75,124,65,99,29,43,39,54,272,399,5,3,12,10,7,4,15,16,4,6,5,6,6,4,8,8,7,8,2,3,2,3,1,3,0,3,1,0,1,3,0,0,0,0,0,0,16,16,4,6,35,35,17,18,68,66,33,32,103,101,50,50,0,1,16,14,6,9,31,19,39,43,11,5,50,45,70,62,31,34,6,4,11,13,13,11,105,115,169.0,188.0,458.0,594.0,1102.0,1336.0,1396.815,1436.295,6541.546138192354,7836.527602450898,7539.3150000000005,9822.015,0.0,1.0,3.0,4.0,38.0,45.0,8.0,11.0,33.0,25.0,15.0,16.0,83.88,20.0,33.33,50.0,15.79,79.84,18.75,37.5,51.43,48.48,49.5,83.29,16.67,42.86,44.44,13.33,86.67,6.67,25.0,48.57,48.53,48.54,7.0,8.0,4.0,19.0,8.0,7.0,3.0,7.0,4.0,8.0,3.0,6.0,2.0,2.0,1.0,10.0,4.0,12.0,4.0,2.0,1.0,13.0,6.0,11.0,9.0,16.0,12.0,15.0,11.0,3.0,9.0,3.0,13.0,2.0,9.0,14.0,5.0,9.0,5.0,15.0,5.0,14.0,7.0,11.0,4.0,9.0,14.0,4.0,10.0,6.0,14.0,8.0,9.0,9.0,4.0,8.0,6.0,5.0,12.0,15.0,13.0,4.0,4.0,15.0,10.0,3.0,1.0,11.0,2.0,13.0,2.0,2.0,7.0,11.0,2.0,1.0,1.0,1.0,1.0,1.0,1.0,11.0,11.0,16.0,13.0,11.0,11.0,12.0,8.0,16.0,18.0,11.0,15.0,14.0,17.0,13.0,12.0,3.0,1.0,6.0,13.0,13.0,5.0,8.0,18.0,6.0,3.0,1.0,10.0,8.0,12.0,6.0,15.0,9.0,3.0,13.0,16.0,13.0,8.0,8.0,13.0,11.0,3.0,14.0,6.0,8.0,1.0,7.0,4.0,6.0,5.0,6.0,4.0,16.0,6.0,13.0,7.0,4.0,4.0,13.0,9.0,13.0,7.0,10.0,15.0,8.0,9.0,7.0,10.0,17.0,6.0,15.0,15.0,5.0,12.0,11.0,11.0,8.0,7.0,11.0,8.0,8.0,15.0,4.0,12.0,15.0,10.0,9.0,12.0
Leeds,76+,5,46.71,575,504,22,18,393,323,316,248,377,299,179,148,87,79,127,96,148,86,168,162,16,6,4,2,20,13,4,3,60,47,22,17,3,0,72,34,60,19,25,21,32,32,283,211,2,5,7,5,5,3,15,11,4,2,6,4,5,5,10,6,5,5,3,1,1,1,1,2,1,1,0,1,1,2,0,0,0,0,0,0,13,22,9,9,33,33,18,15,74,75,35,37,107,108,53,52,0,0,15,12,5,11,29,38,46,33,6,3,51,46,75,71,37,28,9,9,16,11,11,16,107,102,186.0,164.0,423.0,355.0,918.0,746.0,826.035,821.5200000000001,5283.336837690641,4587.643102250993,9506.49,7863.45,0.0,0.0,0.0,0.0,46.0,32.0,14.0,9.0,32.0,23.0,15.0,11.0,76.78,33.33,36.17,33.33,23.08,55.88,18.18,40.91,45.45,49.33,48.15,80.41,25.0,36.67,40.0,20.0,83.33,6.67,69.23,54.55,47.3,49.53,12.0,10.0,15.0,11.0,17.0,9.0,14.0,9.0,14.0,9.0,14.0,10.0,16.0,9.0,12.0,8.0,13.0,11.0,17.0,7.0,9.0,5.0,16.0,7.0,12.0,7.0,15.0,8.0,11.0,2.0,17.0,8.0,13.0,2.0,14.0,15.0,20.0,14.0,20.0,17.0,17.0,18.0,18.0,10.0,16.0,18.0,8.0,13.0,18.0,13.0,18.0,8.0,14.0,9.0,18.0,4.0,13.0,9.0,9.0,7.0,17.0,6.0,9.0,9.0,19.0,5.0,7.0,11.0,6.0,8.0,8.0,7.0,3.0,11.0,6.0,1.0,1.0,1.0,1.0,1.0,1.0,17.0,5.0,3.0,2.0,12.0,12.0,10.0,13.0,9.0,5.0,9.0,7.0,11.0,10.0,9.0,11.0,3.0,3.0,10.0,15.0,15.0,1.0,10.0,3.0,2.0,16.0,9.0,19.0,7.0,11.0,4.0,5.0,3.0,11.0,2.0,3.0,4.0,14.0,14.0,4.0,9.0,17.0,7.0,17.0,10.0,15.0,10.0,15.0,19.0,19.0,12.0,15.0,6.0,16.0,13.0,14.0,19.0,17.0,8.0,18.0,3.0,12.0,11.0,17.0,8.0,14.0,15.0,3.0,11.0,15.0,10.0,20.0,6.0,9.0,14.0,9.0,13.0,9.0,7.0,14.0,15.0,10.0,9.0,12.0,1.0,7.0,10.0,8.0
Liverpool,76+,5,55.18,532,655,19,23,352,438,275,380,332,416,172,195,69,92,111,151,137,208,138,172,12,15,2,5,19,21,2,6,54,50,18,26,2,0,85,90,65,80,30,50,43,63,245,330,6,3,8,11,3,8,10,17,2,4,4,4,4,9,3,13,7,4,1,4,1,0,0,2,0,2,0,0,0,2,0,0,0,0,0,0,14,24,5,5,25,25,10,15,65,73,30,34,90,98,40,49,0,0,15,15,4,4,28,26,35,26,3,8,41,42,63,52,23,27,5,5,14,10,10,14,109,112,174.0,178.0,387.0,476.0,853.0,1268.0,1179.6750000000002,1949.22,4808.069619332606,7174.418336248208,8432.865,8436.015,1.0,1.0,3.0,4.0,34.0,44.0,5.0,10.0,32.0,25.0,10.0,17.0,86.76,33.33,52.0,50.0,28.57,88.89,11.76,20.83,60.0,46.58,50.0,78.12,16.67,33.33,33.33,10.53,76.47,0.0,35.71,40.0,46.15,44.44,6.0,15.0,7.0,13.0,10.0,14.0,7.0,14.0,7.0,14.0,7.0,13.0,8.0,14.0,9.0,15.0,9.0,14.0,6.0,12.0,6.0,13.0,6.0,11.0,4.0,9.0,7.0,15.0,5.0,5.0,11.0,14.0,3.0,5.0,14.0,9.0,9.0,9.0,9.0,14.0,4.0,12.0,5.0,14.0,7.0,5.0,14.0,11.0,6.0,19.0,4.0,17.0,7.0,19.0,12.0,15.0,13.0,10.0,2.0,20.0,4.0,4.0,11.0,18.0,6.0,5.0,15.0,16.0,6.0,13.0,3.0,7.0,7.0,16.0,6.0,1.0,1.0,1.0,1.0,1.0,1.0,14.0,2.0,13.0,16.0,18.0,18.0,19.0,13.0,18.0,10.0,17.0,13.0,20.0,19.0,20.0,15.0,3.0,3.0,10.0,12.0,17.0,16.0,11.0,12.0,14.0,20.0,17.0,5.0,17.0,15.0,16.0,20.0,14.0,13.0,16.0,13.0,8.0,17.0,17.0,8.0,8.0,5.0,11.0,12.0,14.0,7.0,14.0,6.0,15.0,3.0,15.0,6.0,13.0,13.0,6.0,7.0,4.0,4.0,17.0,11.0,19.0,10.0,11.0,15.0,17.0,6.0,5.0,3.0,4.0,6.0,3.0,4.0,9.0,18.0,2.0,12.0,6.0,16.0,11.0,18.0,18.0,17.0,17.0,16.0,11.0,19.0,13.0,15.0
Man City,76+,5,58.38,492,690,18,21,309,488,241,425,291,464,152,188,58,125,99,175,125,193,116,232,18,6,5,0,27,10,8,1,46,49,17,23,0,4,66,80,51,72,32,33,39,45,230,367,8,5,7,9,6,8,12,11,5,5,3,2,4,4,9,9,3,2,5,5,0,0,0,4,0,4,0,0,0,4,0,0,0,0,0,0,12,24,5,9,23,23,8,15,77,79,42,35,100,102,50,50,0,0,25,13,14,10,16,33,32,33,5,5,66,45,48,66,41,30,9,5,13,12,12,13,97,105,168.0,162.0,355.0,491.0,715.0,1230.0,1202.25,1106.595,4541.127152189588,7075.806135631453,8787.765,7759.71,0.0,2.0,1.0,2.0,42.0,27.0,10.0,6.0,27.0,27.0,12.0,11.0,87.09,0.0,46.94,71.43,10.0,90.0,36.36,37.5,65.22,44.3,49.02,77.99,27.78,36.96,62.5,29.63,77.27,0.0,41.67,34.78,54.55,50.0,4.0,18.0,6.0,14.0,13.0,17.0,6.0,17.0,5.0,17.0,6.0,17.0,9.0,18.0,3.0,17.0,6.0,16.0,8.0,19.0,2.0,4.0,16.0,4.0,18.0,3.0,17.0,3.0,18.0,14.0,14.0,18.0,5.0,17.0,2.0,17.0,12.0,17.0,11.0,11.0,12.0,14.0,11.0,16.0,6.0,2.0,8.0,13.0,11.0,11.0,4.0,14.0,14.0,6.0,6.0,18.0,19.0,10.0,12.0,12.0,9.0,15.0,18.0,3.0,3.0,16.0,15.0,16.0,1.0,13.0,1.0,7.0,7.0,16.0,1.0,1.0,1.0,1.0,1.0,1.0,1.0,18.0,2.0,13.0,2.0,20.0,20.0,20.0,13.0,5.0,4.0,4.0,12.0,17.0,15.0,13.0,12.0,3.0,3.0,1.0,14.0,1.0,2.0,19.0,5.0,18.0,16.0,12.0,10.0,1.0,12.0,20.0,10.0,1.0,8.0,2.0,13.0,10.0,11.0,11.0,10.0,17.0,11.0,15.0,18.0,17.0,6.0,18.0,7.0,14.0,14.0,17.0,7.0,11.0,17.0,13.0,1.0,13.0,8.0,11.0,19.0,8.0,16.0,15.0,14.0,14.0,14.0,4.0,18.0,6.0,1.0,18.0,2.0,1.0,12.0,1.0,14.0,9.0,17.0,5.0,13.0,3.0,4.0,16.0,16.0,8.0,20.0,5.0,7.0
Man Utd,76+,5,59.3,510,743,14,38,299,547,235,482,276,532,136,233,63,126,100,188,106,298,129,184,3,29,0,7,8,37,1,10,45,44,13,23,0,3,70,178,56,150,20,55,31,69,178,440,3,12,6,20,4,13,8,24,4,8,2,7,2,9,4,14,4,10,3,5,1,3,3,3,2,1,1,2,3,3,0,0,0,0,0,0,21,19,6,7,29,29,16,13,73,74,34,37,102,103,50,50,0,0,15,23,7,9,46,18,33,50,4,5,40,56,79,68,19,33,7,6,7,13,13,7,103,96,160.0,187.0,327.0,594.0,790.0,1455.0,1133.685,2078.58,4194.58857519915,8462.397194971509,7257.285,10409.49,1.0,0.0,2.0,5.0,37.0,56.0,7.0,17.0,29.0,22.0,8.0,24.0,88.12,24.14,52.27,53.33,27.03,84.27,12.5,36.84,44.83,50.0,48.54,78.6,0.0,28.89,66.67,12.5,80.0,37.5,28.57,55.17,46.58,49.02,3.0,16.0,3.0,20.0,1.0,18.0,2.0,18.0,2.0,18.0,2.0,18.0,2.0,16.0,2.0,16.0,3.0,18.0,2.0,15.0,5.0,20.0,1.0,19.0,3.0,20.0,1.0,18.0,1.0,19.0,18.0,20.0,5.0,17.0,5.0,16.0,1.0,15.0,1.0,18.0,2.0,19.0,3.0,18.0,2.0,15.0,1.0,18.0,1.0,18.0,1.0,20.0,2.0,9.0,1.0,20.0,4.0,15.0,2.0,19.0,3.0,10.0,1.0,9.0,3.0,5.0,1.0,2.0,2.0,5.0,8.0,2.0,1.0,2.0,2.0,1.0,1.0,1.0,1.0,1.0,1.0,5.0,6.0,10.0,7.0,15.0,15.0,14.0,17.0,10.0,9.0,10.0,7.0,15.0,14.0,13.0,12.0,3.0,3.0,10.0,3.0,9.0,5.0,2.0,19.0,17.0,1.0,14.0,10.0,18.0,3.0,2.0,8.0,18.0,6.0,7.0,10.0,18.0,8.0,8.0,18.0,12.0,20.0,19.0,7.0,18.0,1.0,17.0,2.0,16.0,2.0,18.0,2.0,17.0,3.0,6.0,14.0,10.0,1.0,14.0,2.0,16.0,2.0,14.0,18.0,20.0,2.0,3.0,8.0,3.0,5.0,6.0,8.0,7.0,14.0,15.0,8.0,11.0,15.0,19.0,20.0,1.0,16.0,14.0,1.0,14.0,6.0,11.0,11.0
Newcastle,76+,5,42.78,650,486,40,21,428,268,353,205,411,241,190,136,96,58,142,74,191,72,162,133,26,7,5,2,36,8,10,2,47,50,19,18,0,5,109,39,88,32,47,17,64,27,329,157,9,0,15,5,8,3,26,9,3,5,6,3,17,1,15,6,11,3,3,4,0,1,1,2,1,2,0,0,1,2,0,0,0,0,0,0,27,15,13,6,40,40,17,23,84,81,43,36,124,121,60,59,1,0,15,16,4,4,16,55,37,35,7,9,46,56,53,90,36,34,6,13,14,14,14,14,115,104,215.0,162.0,497.0,293.0,1107.0,676.0,1387.26,548.2049999999999,6492.1416038152765,3550.7724591099004,12653.130000000001,6780.69,0.0,0.0,1.0,2.0,69.0,22.0,21.0,6.0,18.0,36.0,26.0,9.0,76.49,28.57,36.0,62.5,25.0,82.05,22.22,40.0,57.5,44.44,48.76,82.48,19.23,40.43,33.33,27.78,80.73,3.85,48.15,42.5,51.19,48.39,15.0,7.0,17.0,1.0,13.0,8.0,18.0,8.0,18.0,7.0,18.0,7.0,20.0,8.0,17.0,7.0,18.0,7.0,19.0,10.0,13.0,1.0,15.0,4.0,12.0,1.0,19.0,1.0,14.0,13.0,11.0,11.0,12.0,17.0,1.0,8.0,19.0,8.0,19.0,3.0,20.0,5.0,20.0,6.0,19.0,1.0,20.0,2.0,18.0,3.0,18.0,1.0,17.0,16.0,6.0,4.0,17.0,1.0,20.0,2.0,17.0,1.0,14.0,9.0,6.0,16.0,7.0,11.0,6.0,8.0,3.0,7.0,7.0,11.0,6.0,1.0,1.0,1.0,1.0,1.0,1.0,2.0,16.0,1.0,13.0,6.0,6.0,12.0,5.0,3.0,3.0,2.0,10.0,2.0,3.0,4.0,5.0,1.0,3.0,10.0,10.0,17.0,16.0,19.0,1.0,11.0,14.0,7.0,3.0,12.0,3.0,18.0,1.0,5.0,3.0,13.0,1.0,8.0,6.0,6.0,8.0,6.0,13.0,1.0,18.0,5.0,19.0,6.0,18.0,7.0,20.0,7.0,19.0,1.0,19.0,13.0,14.0,13.0,8.0,1.0,20.0,1.0,16.0,20.0,10.0,1.0,17.0,16.0,6.0,12.0,2.0,8.0,12.0,2.0,10.0,4.0,13.0,10.0,8.0,9.0,10.0,18.0,5.0,13.0,15.0,5.0,17.0,8.0,13.0
Nottingham Forest,76+,5,51.95,505,546,16,20,324,365,260,296,300,350,164,197,66,76,94,92,128,166,132,130,14,21,5,8,17,28,6,8,51,53,20,20,1,0,46,97,38,83,31,39,45,59,229,266,0,3,8,12,6,8,10,19,2,3,6,8,2,8,7,9,3,10,1,3,1,0,2,1,1,1,1,0,2,1,0,0,0,0,0,0,21,16,8,7,32,32,14,18,75,73,39,31,107,105,53,49,0,0,16,11,7,4,32,30,34,35,2,4,45,42,66,65,25,25,7,8,13,15,15,13,95,99,150.0,170.0,360.0,406.0,836.0,853.0,1386.525,1422.75,5151.15998494667,5499.798176148875,6589.0650000000005,8394.224999999999,2.0,2.0,2.0,2.0,31.0,46.0,4.0,11.0,24.0,41.0,10.0,19.0,81.1,38.1,37.74,27.27,28.57,85.57,5.26,43.75,56.25,42.47,46.67,80.25,35.71,39.22,25.0,35.29,82.61,20.0,38.1,43.75,52.0,49.53,10.0,17.0,13.0,18.0,15.0,16.0,12.0,16.0,12.0,16.0,12.0,15.0,6.0,15.0,13.0,18.0,16.0,15.0,11.0,14.0,15.0,8.0,3.0,4.0,1.0,12.0,4.0,5.0,3.0,10.0,7.0,10.0,8.0,13.0,14.0,20.0,8.0,20.0,7.0,13.0,6.0,11.0,6.0,17.0,12.0,20.0,14.0,11.0,5.0,11.0,4.0,17.0,4.0,19.0,13.0,4.0,2.0,15.0,4.0,17.0,9.0,15.0,1.0,18.0,10.0,5.0,15.0,7.0,11.0,8.0,8.0,2.0,7.0,7.0,11.0,1.0,1.0,1.0,1.0,1.0,1.0,5.0,11.0,5.0,7.0,13.0,13.0,17.0,8.0,6.0,10.0,6.0,16.0,11.0,12.0,9.0,15.0,3.0,3.0,6.0,18.0,9.0,16.0,7.0,9.0,15.0,14.0,20.0,16.0,13.0,15.0,10.0,11.0,13.0,17.0,7.0,5.0,10.0,4.0,4.0,10.0,19.0,18.0,20.0,16.0,16.0,12.0,15.0,12.0,8.0,6.0,13.0,11.0,20.0,14.0,3.0,1.0,10.0,8.0,19.0,7.0,20.0,7.0,19.0,3.0,17.0,4.0,10.0,2.0,9.0,20.0,3.0,7.0,15.0,6.0,6.0,16.0,14.0,10.0,3.0,11.0,20.0,2.0,10.0,4.0,9.0,15.0,6.0,8.0
Sunderland,76+,5,46.28,592,510,35,22,379,315,300,232,361,294,177,163,81,58,121,94,173,108,127,124,13,20,1,4,19,23,3,5,54,58,17,34,2,1,118,62,105,40,29,39,60,46,296,223,5,4,10,8,8,7,16,15,4,8,3,5,9,2,13,11,3,4,4,6,0,2,3,1,3,1,0,0,3,1,0,0,0,0,0,0,17,9,4,4,51,51,22,29,71,68,31,36,122,119,53,65,0,0,11,17,8,6,34,33,31,30,9,5,47,48,65,63,31,27,4,4,15,16,16,15,117,110,186.0,185.0,426.0,359.0,977.0,757.0,1268.4,1295.28,5794.0663588802845,4650.220313544971,9765.630000000001,9036.825,1.0,0.0,3.0,0.0,47.0,44.0,11.0,12.0,38.0,41.0,16.0,15.0,73.65,20.0,58.62,61.54,21.74,64.52,6.67,44.44,56.86,52.94,54.62,79.16,7.69,31.48,57.14,15.79,88.98,18.75,23.53,43.14,43.66,43.44,13.0,9.0,14.0,3.0,11.0,10.0,15.0,10.0,15.0,10.0,15.0,11.0,15.0,10.0,17.0,9.0,14.0,8.0,15.0,16.0,17.0,11.0,5.0,15.0,6.0,9.0,5.0,12.0,8.0,5.0,2.0,18.0,1.0,5.0,9.0,5.0,17.0,4.0,18.0,15.0,6.0,6.0,10.0,8.0,14.0,9.0,12.0,9.0,13.0,3.0,10.0,6.0,10.0,9.0,1.0,18.0,9.0,3.0,16.0,4.0,7.0,15.0,11.0,6.0,1.0,16.0,3.0,2.0,11.0,2.0,8.0,7.0,7.0,2.0,11.0,1.0,1.0,1.0,1.0,1.0,1.0,8.0,19.0,16.0,18.0,2.0,2.0,5.0,2.0,14.0,16.0,14.0,10.0,3.0,4.0,9.0,1.0,3.0,3.0,19.0,7.0,6.0,14.0,6.0,5.0,19.0,19.0,4.0,10.0,11.0,10.0,11.0,12.0,9.0,13.0,18.0,16.0,5.0,1.0,1.0,5.0,5.0,7.0,7.0,8.0,9.0,14.0,9.0,14.0,12.0,9.0,9.0,14.0,4.0,9.0,6.0,14.0,4.0,17.0,6.0,11.0,6.0,5.0,6.0,3.0,6.0,10.0,18.0,10.0,1.0,4.0,11.0,19.0,14.0,5.0,5.0,6.0,4.0,12.0,18.0,19.0,4.0,14.0,3.0,5.0,16.0,16.0,14.0,17.0
Tottenham,76+,5,62.28,459,758,23,31,260,529,200,471,240,502,134,216,52,116,74,197,81,299,119,172,11,26,1,8,17,35,4,9,52,34,18,16,2,0,47,146,43,131,17,52,33,77,155,432,4,7,10,14,9,8,14,19,3,5,4,8,7,6,9,13,5,6,2,3,1,2,1,2,0,2,1,0,1,2,0,0,0,0,0,0,14,25,7,7,28,28,21,7,89,98,38,50,117,126,59,57,0,1,19,22,7,5,35,18,39,41,6,6,59,52,74,59,37,35,7,7,20,12,12,20,100,104,161.0,180.0,286.0,591.0,609.0,1414.0,834.96,1801.2749999999999,3347.988334735517,7900.37827072698,7074.165,9623.04,0.0,2.0,2.0,0.0,36.0,50.0,11.0,12.0,44.0,22.0,13.0,19.0,89.04,30.77,47.06,38.46,25.71,89.73,10.53,28.0,25.0,51.02,45.24,76.92,9.09,34.62,42.86,23.53,91.49,7.14,50.0,75.0,42.7,50.43,2.0,19.0,1.0,9.0,4.0,19.0,4.0,19.0,3.0,19.0,4.0,19.0,5.0,19.0,5.0,19.0,1.0,19.0,1.0,17.0,6.0,15.0,2.0,15.0,1.0,12.0,2.0,8.0,2.0,7.0,20.0,14.0,19.0,5.0,14.0,19.0,2.0,18.0,2.0,19.0,3.0,17.0,2.0,19.0,3.0,13.0,2.0,9.0,2.0,2.0,4.0,11.0,4.0,16.0,6.0,15.0,2.0,4.0,7.0,12.0,4.0,6.0,6.0,15.0,10.0,5.0,3.0,11.0,6.0,13.0,3.0,2.0,7.0,11.0,6.0,1.0,1.0,1.0,1.0,1.0,1.0,14.0,1.0,9.0,7.0,16.0,16.0,7.0,20.0,2.0,1.0,7.0,1.0,6.0,1.0,5.0,7.0,3.0,1.0,5.0,4.0,9.0,15.0,4.0,19.0,6.0,5.0,9.0,9.0,3.0,6.0,5.0,17.0,3.0,2.0,7.0,9.0,1.0,11.0,11.0,1.0,15.0,13.0,18.0,9.0,19.0,3.0,19.0,3.0,18.0,4.0,19.0,3.0,18.0,7.0,13.0,1.0,10.0,17.0,15.0,6.0,6.0,5.0,1.0,18.0,13.0,4.0,2.0,5.0,5.0,12.0,7.0,3.0,13.0,17.0,20.0,7.0,16.0,19.0,17.0,17.0,12.0,9.0,1.0,11.0,4.0,1.0,15.0,6.0
