team,split_type,match_id,side,split_value,touches,touches_opp_box,passes_attempted,passes_completed,open_play_passes,passes_forward,passes_backward,passes_sideways,passes_opp_half,passes_own_half,crosses_attempted,crosses_completed,crosses_all,crosses_all_completed,long_passes_attempted,long_passes_completed,through_balls,passes_final_third,passes_final_third_completed,passes_from_final_third,passes_into_final_third,progressive_passes,passes_outside_own_third,corners,chances_created,assists,shots,shots_on_target,shots_off_target,shots_blocked,shots_in_box,shots_outside_box,shots_on_target_in_box,shots_on_target_outside_box,goals,goals_in_box,goals_outside_box,goals_from_shots,own_goals,own_goals_in_box,own_goals_outside_box,take_ons,take_ons_won,aerials,aerials_won,ground_duels,ground_duels_won,duels_contested,duels_won,smothers,tackles,interceptions,clearances,ball_recoveries,blocked_passes,pressing_actions,recovery_actions,pressing_actions_outside_own_third,missed_tackles,fouls_committed,fouls_won,possession_lost,sequences,sequence_passes,sequence_seconds,sequence_progress_m,sequence_length_m,sequence_start_x_m,build_up_attacks,direct_attacks,high_turnovers,high_turnover_shots,sequence_pressed,shot_ending_sequences
Coventry,time_block,1983546,against,0-15,120,6,90,82,88,24,15,51,29,53,3,1,4,1,6,3,0,28,25,22,4,11,68,2,5,3,5,1,2,2,4,1,1,0,1,1,0,1,0,0,0,0,0,11,6,6,4,17,10,0,3,2,3,6,2,9,9,6,1,1,1,10,21.0,97.0,295.0,357.41999999999996,1484.7373097287286,1036.2450000000001,1.0,2.0,2.0,0.0,3.0,5.0
Coventry,time_block,1983546,against,16-30,129,6,101,89,96,38,13,50,36,53,0,0,0,0,6,5,1,36,26,28,6,12,73,0,0,0,1,1,0,0,1,0,1,0,1,1,0,1,0,0,0,3,1,6,0,12,7,18,7,0,1,0,5,8,2,6,13,6,0,3,5,19,24.0,144.0,417.0,435.01500000000004,2210.2330426353556,1136.94,1.0,1.0,0.0,0.0,3.0,2.0
Coventry,time_block,1983546,against,31-45,156,10,132,126,128,45,39,48,70,56,5,0,6,0,2,2,0,43,40,39,6,22,93,3,4,3,4,0,1,3,1,3,0,0,0,0,0,0,0,0,0,1,1,0,0,5,3,5,3,0,1,1,3,5,0,4,8,3,0,2,1,7,21.0,103.0,324.0,304.08,1505.5637486439987,1257.375,0.0,1.0,2.0,1.0,2.0,3.0
Coventry,time_block,1983546,against,46-60,94,9,68,63,66,29,12,27,47,16,3,0,4,0,5,5,0,31,29,25,7,10,43,1,2,1,3,1,1,1,2,1,1,0,1,1,0,1,0,0,0,0,0,2,1,4,4,6,5,0,2,0,7,6,0,2,13,2,0,0,2,6,16.0,70.0,196.0,295.785,1038.362054012397,785.505,1.0,0.0,1.0,1.0,3.0,3.0
Coventry,time_block,1983546,against,61-75,123,3,98,91,95,32,23,43,52,39,2,0,3,0,4,2,1,30,25,26,8,9,72,2,2,1,3,1,0,2,1,2,0,1,0,0,0,0,0,0,0,2,1,3,1,8,2,11,3,0,0,2,7,2,0,6,9,4,2,2,1,9,15.0,106.0,291.0,222.07500000000002,1509.3683482250724,881.37,1.0,0.0,0.0,0.0,1.0,3.0
Coventry,time_block,1983546,against,76+,156,2,127,114,122,49,25,53,78,36,2,0,2,0,9,4,0,42,35,34,12,11,93,0,3,1,4,1,2,1,1,3,0,1,0,0,0,0,0,0,0,3,1,6,3,10,6,16,9,0,2,0,1,10,3,7,11,5,0,2,3,17,26.0,133.0,393.0,406.245,1874.10796374202,1068.06,0.0,1.0,0.0,0.0,6.0,4.0
Coventry,time_block,1983546,for,0-15,93,0,72,57,68,26,29,17,32,25,1,0,2,0,15,9,0,25,17,18,8,4,54,1,1,0,1,0,0,1,0,1,0,0,0,0,0,0,0,0,0,2,1,11,5,6,2,17,7,0,0,0,5,5,0,1,10,1,0,1,1,19,23.0,82.0,251.0,136.5,1412.5474941738407,1051.785,0.0,0.0,1.0,0.0,4.0,1.0
Coventry,time_block,1983546,for,16-30,56,0,44,23,40,19,10,15,16,7,0,0,0,0,10,4,0,21,8,12,5,1,32,0,0,0,0,0,0,0,0,0,0,0,0,0,0,0,0,0,0,1,0,6,6,11,4,17,10,1,0,2,2,4,0,8,6,6,1,5,3,22,21.0,39.0,68.0,268.485,466.5602972828342,825.615,0.0,0.0,0.0,0.0,2.0,0.0
Coventry,time_block,1983546,for,31-45,69,0,43,36,41,21,13,9,26,10,1,0,2,0,8,2,0,20,16,16,2,6,27,0,1,0,1,0,1,0,0,1,0,0,0,0,0,0,0,0,0,1,0,0,0,5,2,5,2,0,0,0,10,5,3,5,15,3,1,1,2,9,14.0,46.0,157.0,151.51500000000001,793.0143550553983,537.0749999999999,0.0,0.0,0.0,0.0,2.0,1.0
Coventry,time_block,1983546,for,46-60,78,2,59,53,57,26,16,17,28,25,1,0,2,0,11,7,0,19,14,13,6,9,46,1,0,0,0,0,0,0,0,0,0,0,0,0,0,0,0,0,0,3,0,2,1,5,0,7,1,0,0,2,5,6,0,4,11,2,0,2,0,11,16.0,62.0,191.0,199.815,946.1631104628822,808.71,0.0,0.0,1.0,0.0,2.0,0.0
Coventry,time_block,1983546,for,61-75,63,0,34,26,31,14,9,11,11,15,2,0,2,0,7,4,0,7,3,2,2,1,32,0,0,0,1,0,1,0,0,1,0,0,0,0,0,0,0,0,0,2,2,3,2,9,7,12,9,1,2,4,7,5,0,8,12,2,1,1,2,10,18.0,39.0,122.0,220.07999999999998,719.0742383481055,971.145,0.0,0.0,0.0,0.0,1.0,1.0
Coventry,time_block,1983546,for,76+,118,1,95,76,92,45,25,25,37,39,1,1,2,1,13,6,1,21,13,19,8,6,76,0,1,1,1,1,0,0,1,0,1,0,0,0,0,0,0,0,0,1,0,6,3,10,4,16,7,0,2,1,4,10,1,8,14,4,1,3,2,21,24.0,99.0,258.0,327.81,1485.2028523353035,918.855,0.0,0.0,0.0,0.0,2.0,1.0
Coventry,game_state,1983546,against,-2 or worse,601,25,475,437,458,176,104,195,256,181,12,0,15,0,25,17,1,160,138,134,34,57,341,6,11,6,14,3,4,7,5,9,1,2,1,1,0,1,0,0,0,9,4,15,5,36,20,51,25,0,6,3,23,30,5,24,53,19,2,8,10,53,95.0,503.0,1473.0,1469.055,7347.780638771825,4758.915,3.0,2.0,3.0,2.0,14.0,14.0
Coventry,game_state,1983546,against,-1,57,5,51,46,49,17,8,26,27,19,0,0,0,0,1,1,1,22,17,18,5,7,33,0,0,0,1,1,0,0,1,0,1,0,1,1,0,1,0,0,0,0,0,3,0,3,2,6,2,0,0,0,0,1,0,1,1,1,0,1,2,5,7.0,53.0,148.0,194.145,789.8545184870188,370.335,0.0,1.0,0.0,0.0,1.0,1.0
Coventry,game_state,1983546,against,Level,120,6,90,82,88,24,15,51,29,53,3,1,4,1,6,3,0,28,25,22,4,11,68,2,5,3,5,1,2,2,4,1,1,0,1,1,0,1,0,0,0,0,0,10,6,6,4,16,10,0,3,2,3,6,2,9,9,6,1,1,1,10,21.0,97.0,295.0,357.41999999999996,1484.7373097287286,1036.2450000000001,1.0,2.0,2.0,0.0,3.0,5.0
Coventry,game_state,1983546,against,+1,0,0,0,0,0,0,0,0,0,0,0,0,0,0,0,0,0,0,0,0,0,0,0,0,0,0,0,0,0,0,0,0,0,0,0,0,0,0,0,0,0,0,0,0,0,0,0,0,0,0,0,0,0,0,0,0,0,0,0,0,0,0,0.0,0.0,0.0,0.0,0.0,0.0,0.0,0.0,0.0,0.0,0.0,0.0
Coventry,game_state,1983546,against,+2 or better,0,0,0,0,0,0,0,0,0,0,0,0,0,0,0,0,0,0,0,0,0,0,0,0,0,0,0,0,0,0,0,0,0,0,0,0,0,0,0,0,0,0,0,0,0,0,0,0,0,0,0,0,0,0,0,0,0,0,0,0,0,0,0.0,0.0,0.0,0.0,0.0,0.0,0.0,0.0,0.0,0.0,0.0,0.0
Coventry,game_state,1983546,for,-2 or worse,367,3,263,206,250,121,69,73,113,93,5,1,8,1,46,21,1,84,53,60,22,23,203,1,2,1,3,1,2,0,1,2,1,0,0,0,0,0,0,0,0,8,2,15,10,36,15,51,25,1,4,9,26,30,4,31,56,15,4,10,8,69,90.0,279.0,774.0,1007.1600000000001,4244.875704951649,4033.995,0.0,0.0,1.0,0.0,9.0,3.0
Coventry,game_state,1983546,for,-1,20,0,15,11,14,5,6,4,7,4,0,0,0,0,4,3,0,6,3,3,2,0,12,0,0,0,0,0,0,0,0,0,0,0,0,0,0,0,0,0,0,0,0,3,3,4,2,7,5,1,0,0,2,0,0,2,2,2,0,2,1,4,4.0,16.0,50.0,135.87,333.20878180151294,79.905,0.0,0.0,0.0,0.0,0.0,0.0
Coventry,game_state,1983546,for,Level,90,0,69,54,65,25,27,17,30,24,1,0,2,0,14,8,0,23,15,17,7,4,52,1,1,0,1,0,0,1,0,1,0,0,0,0,0,0,0,0,0,2,1,10,4,6,2,16,6,0,0,0,5,5,0,1,10,1,0,1,1,19,22.0,72.0,223.0,161.17499999999998,1244.4778609052025,999.2850000000001,0.0,0.0,1.0,0.0,4.0,1.0
Coventry,game_state,1983546,for,+1,0,0,0,0,0,0,0,0,0,0,0,0,0,0,0,0,0,0,0,0,0,0,0,0,0,0,0,0,0,0,0,0,0,0,0,0,0,0,0,0,0,0,0,0,0,0,0,0,0,0,0,0,0,0,0,0,0,0,0,0,0,0,0.0,0.0,0.0,0.0,0.0,0.0,0.0,0.0,0.0,0.0,0.0,0.0
Coventry,game_state,1983546,for,+2 or better,0,0,0,0,0,0,0,0,0,0,0,0,0,0,0,0,0,0,0,0,0,0,0,0,0,0,0,0,0,0,0,0,0,0,0,0,0,0,0,0,0,0,0,0,0,0,0,0,0,0,0,0,0,0,0,0,0,0,0,0,0,0,0.0,0.0,0.0,0.0,0.0,0.0,0.0,0.0,0.0,0.0,0.0,0.0
Coventry,total,1983546,against,Season,778,36,616,565,595,217,127,272,312,253,15,1,19,1,32,21,2,210,180,174,43,75,442,8,16,9,20,5,6,9,10,10,3,2,3,3,0,3,0,0,0,9,4,28,11,45,26,73,37,0,9,5,26,37,7,34,63,26,3,10,13,68,123.0,653.0,1916.0,2020.6200000000001,9622.372466987572,6165.495,4.0,5.0,5.0,2.0,18.0,20.0
Coventry,total,1983546,for,Season,477,3,347,271,329,151,102,94,150,121,6,1,10,1,64,32,1,113,71,80,31,27,267,2,3,1,4,1,2,1,1,3,1,0,0,0,0,0,0,0,0,10,3,28,17,46,19,74,36,2,4,9,33,35,4,34,68,18,4,13,10,92,116.0,367.0,1047.0,1304.205,5822.562347658364,5113.185,0.0,0.0,2.0,0.0,13.0,4.0
Arsenal,time_block,1983546,against,0-15,93,0,72,57,68,26,29,17,32,25,1,0,2,0,15,9,0,25,17,18,8,4,54,1,1,0,1,0,0,1,0,1,0,0,0,0,0,0,0,0,0,2,1,11,5,6,2,17,7,0,0,0,5,5,0,1,10,1,0,1,1,19,23.0,82.0,251.0,136.5,1412.5474941738407,1051.785,0.0,0.0,1.0,0.0,4.0,1.0
Arsenal,time_block,1983546,against,16-30,56,0,44,23,40,19,10,15,16,7,0,0,0,0,10,4,0,21,8,12,5,1,32,0,0,0,0,0,0,0,0,0,0,0,0,0,0,0,0,0,0,1,0,6,6,11,4,17,10,1,0,2,2,4,0,8,6,6,1,5,3,22,21.0,39.0,68.0,268.485,466.5602972828342,825.615,0.0,0.0,0.0,0.0,2.0,0.0
Arsenal,time_block,1983546,against,31-45,69,0,43,36,41,21,13,9,26,10,1,0,2,0,8,2,0,20,16,16,2,6,27,0,1,0,1,0,1,0,0,1,0,0,0,0,0,0,0,0,0,1,0,0,0,5,2,5,2,0,0,0,10,5,3,5,15,3,1,1,2,9,14.0,46.0,157.0,151.51500000000001,793.0143550553983,537.0749999999999,0.0,0.0,0.0,0.0,2.0,1.0
Arsenal,time_block,1983546,against,46-60,78,2,59,53,57,26,16,17,28,25,1,0,2,0,11,7,0,19,14,13,6,9,46,1,0,0,0,0,0,0,0,0,0,0,0,0,0,0,0,0,0,3,0,2,1,5,0,7,1,0,0,2,5,6,0,4,11,2,0,2,0,11,16.0,62.0,191.0,199.815,946.1631104628822,808.71,0.0,0.0,1.0,0.0,2.0,0.0
Arsenal,time_block,1983546,against,61-75,63,0,34,26,31,14,9,11,11,15,2,0,2,0,7,4,0,7,3,2,2,1,32,0,0,0,1,0,1,0,0,1,0,0,0,0,0,0,0,0,0,2,2,3,2,9,7,12,9,1,2,4,7,5,0,8,12,2,1,1,2,10,18.0,39.0,122.0,220.07999999999998,719.0742383481055,971.145,0.0,0.0,0.0,0.0,1.0,1.0
Arsenal,time_block,1983546,against,76+,118,1,95,76,92,45,25,25,37,39,1,1,2,1,13,6,1,21,13,19,8,6,76,0,1,1,1,1,0,0,1,0,1,0,0,0,0,0,0,0,0,1,0,6,3,10,4,16,7,0,2,1,4,10,1,8,14,4,1,3,2,21,24.0,99.0,258.0,327.81,1485.2028523353035,918.855,0.0,0.0,0.0,0.0,2.0,1.0
Arsenal,time_block,1983546,for,0-15,120,6,90,82,88,24,15,51,29,53,3,1,4,1,6,3,0,28,25,22,4,11,68,2,5,3,5,1,2,2,4,1,1,0,1,1,0,1,0,0,0,0,0,11,6,6,4,17,10,0,3,2,3,6,2,9,9,6,1,1,1,10,21.0,97.0,295.0,357.41999999999996,1484.7373097287286,1036.2450000000001,1.0,2.0,2.0,0.0,3.0,5.0
Arsenal,time_block,1983546,for,16-30,129,6,101,89,96,38,13,50,36,53,0,0,0,0,6,5,1,36,26,28,6,12,73,0,0,0,1,1,0,0,1,0,1,0,1,1,0,1,0,0,0,3,1,6,0,12,7,18,7,0,1,0,5,8,2,6,13,6,0,3,5,19,24.0,144.0,417.0,435.01500000000004,2210.2330426353556,1136.94,1.0,1.0,0.0,0.0,3.0,2.0
Arsenal,time_block,1983546,for,31-45,156,10,132,126,128,45,39,48,70,56,5,0,6,0,2,2,0,43,40,39,6,22,93,3,4,3,4,0,1,3,1,3,0,0,0,0,0,0,0,0,0,1,1,0,0,5,3,5,3,0,1,1,3,5,0,4,8,3,0,2,1,7,21.0,103.0,324.0,304.08,1505.5637486439987,1257.375,0.0,1.0,2.0,1.0,2.0,3.0
Arsenal,time_block,1983546,for,46-60,94,9,68,63,66,29,12,27,47,16,3,0,4,0,5,5,0,31,29,25,7,10,43,1,2,1,3,1,1,1,2,1,1,0,1,1,0,1,0,0,0,0,0,2,1,4,4,6,5,0,2,0,7,6,0,2,13,2,0,0,2,6,16.0,70.0,196.0,295.785,1038.362054012397,785.505,1.0,0.0,1.0,1.0,3.0,3.0
Arsenal,time_block,1983546,for,61-75,123,3,98,91,95,32,23,43,52,39,2,0,3,0,4,2,1,30,25,26,8,9,72,2,2,1,3,1,0,2,1,2,0,1,0,0,0,0,0,0,0,2,1,3,1,8,2,11,3,0,0,2,7,2,0,6,9,4,2,2,1,9,15.0,106.0,291.0,222.07500000000002,1509.3683482250724,881.37,1.0,0.0,0.0,0.0,1.0,3.0
Arsenal,time_block,1983546,for,76+,156,2,127,114,122,49,25,53,78,36,2,0,2,0,9,4,0,42,35,34,12,11,93,0,3,1,4,1,2,1,1,3,0,1,0,0,0,0,0,0,0,3,1,6,3,10,6,16,9,0,2,0,1,10,3,7,11,5,0,2,3,17,26.0,133.0,393.0,406.245,1874.10796374202,1068.06,0.0,1.0,0.0,0.0,6.0,4.0
Arsenal,game_state,1983546,against,-2 or worse,0,0,0,0,0,0,0,0,0,0,0,0,0,0,0,0,0,0,0,0,0,0,0,0,0,0,0,0,0,0,0,0,0,0,0,0,0,0,0,0,0,0,0,0,0,0,0,0,0,0,0,0,0,0,0,0,0,0,0,0,0,0,0.0,0.0,0.0,0.0,0.0,0.0,0.0,0.0,0.0,0.0,0.0,0.0
Arsenal,game_state,1983546,against,-1,0,0,0,0,0,0,0,0,0,0,0,0,0,0,0,0,0,0,0,0,0,0,0,0,0,0,0,0,0,0,0,0,0,0,0,0,0,0,0,0,0,0,0,0,0,0,0,0,0,0,0,0,0,0,0,0,0,0,0,0,0,0,0.0,0.0,0.0,0.0,0.0,0.0,0.0,0.0,0.0,0.0,0.0,0.0
Arsenal,game_state,1983546,against,Level,90,0,69,54,65,25,27,17,30,24,1,0,2,0,14,8,0,23,15,17,7,4,52,1,1,0,1,0,0,1,0,1,0,0,0,0,0,0,0,0,0,2,1,10,4,6,2,16,6,0,0,0,5,5,0,1,10,1,0,1,1,19,22.0,72.0,223.0,161.17499999999998,1244.4778609052025,999.2850000000001,0.0,0.0,1.0,0.0,4.0,1.0
Arsenal,game_state,1983546,against,+1,20,0,15,11,14,5,6,4,7,4,0,0,0,0,4,3,0,6,3,3,2,0,12,0,0,0,0,0,0,0,0,0,0,0,0,0,0,0,0,0,0,0,0,3,3,4,2,7,5,1,0,0,2,0,0,2,2,2,0,2,1,4,4.0,16.0,50.0,135.87,333.20878180151294,79.905,0.0,0.0,0.0,0.0,0.0,0.0
Arsenal,game_state,1983546,against,+2 or better,367,3,263,206,250,121,69,73,113,93,5,1,8,1,46,21,1,84,53,60,22,23,203,1,2,1,3,1,2,0,1,2,1,0,0,0,0,0,0,0,0,8,2,15,10,36,15,51,25,1,4,9,26,30,4,31,56,15,4,10,8,69,90.0,279.0,774.0,1007.1600000000001,4244.875704951649,4033.995,0.0,0.0,1.0,0.0,9.0,3.0
Arsenal,game_state,1983546,for,-2 or worse,0,0,0,0,0,0,0,0,0,0,0,0,0,0,0,0,0,0,0,0,0,0,0,0,0,0,0,0,0,0,0,0,0,0,0,0,0,0,0,0,0,0,0,0,0,0,0,0,0,0,0,0,0,0,0,0,0,0,0,0,0,0,0.0,0.0,0.0,0.0,0.0,0.0,0.0,0.0,0.0,0.0,0.0,0.0
Arsenal,game_state,1983546,for,-1,0,0,0,0,0,0,0,0,0,0,0,0,0,0,0,0,0,0,0,0,0,0,0,0,0,0,0,0,0,0,0,0,0,0,0,0,0,0,0,0,0,0,0,0,0,0,0,0,0,0,0,0,0,0,0,0,0,0,0,0,0,0,0.0,0.0,0.0,0.0,0.0,0.0,0.0,0.0,0.0,0.0,0.0,0.0
Arsenal,game_state,1983546,for,Level,120,6,90,82,88,24,15,51,29,53,3,1,4,1,6,3,0,28,25,22,4,11,68,2,5,3,5,1,2,2,4,1,1,0,1,1,0,1,0,0,0,0,0,10,6,6,4,16,10,0,3,2,3,6,2,9,9,6,1,1,1,10,21.0,97.0,295.0,357.41999999999996,1484.7373097287286,1036.2450000000001,1.0,2.0,2.0,0.0,3.0,5.0
Arsenal,game_state,1983546,for,+1,57,5,51,46,49,17,8,26,27,19,0,0,0,0,1,1,1,22,17,18,5,7,33,0,0,0,1,1,0,0,1,0,1,0,1,1,0,1,0,0,0,0,0,3,0,3,2,6,2,0,0,0,0,1,0,1,1,1,0,1,2,5,7.0,53.0,148.0,194.145,789.8545184870188,370.335,0.0,1.0,0.0,0.0,1.0,1.0
Arsenal,game_state,1983546,for,+2 or better,601,25,475,437,458,176,104,195,256,181,12,0,15,0,25,17,1,160,138,134,34,57,341,6,11,6,14,3,4,7,5,9,1,2,1,1,0,1,0,0,0,9,4,15,5,36,20,51,25,0,6,3,23,30,5,24,53,19,2,8,10,53,95.0,503.0,1473.0,1469.055,7347.780638771825,4758.915,3.0,2.0,3.0,2.0,14.0,14.0
Arsenal,total,1983546,against,Season,477,3,347,271,329,151,102,94,150,121,6,1,10,1,64,32,1,113,71,80,31,27,267,2,3,1,4,1,2,1,1,3,1,0,0,0,0,0,0,0,0,10,3,28,17,46,19,74,36,2,4,9,33,35,4,34,68,18,4,13,10,92,116.0,367.0,1047.0,1304.205,5822.562347658364,5113.185,0.0,0.0,2.0,0.0,13.0,4.0
Arsenal,total,1983546,for,Season,778,36,616,565,595,217,127,272,312,253,15,1,19,1,32,21,2,210,180,174,43,75,442,8,16,9,20,5,6,9,10,10,3,2,3,3,0,3,0,0,0,9,4,28,11,45,26,73,37,0,9,5,26,37,7,34,63,26,3,10,13,68,123.0,653.0,1916.0,2020.6200000000001,9622.372466987572,6165.495,4.0,5.0,5.0,2.0,18.0,20.0
Newcastle,time_block,1983547,against,0-15,115,5,83,65,82,39,16,28,39,26,1,0,3,1,14,5,0,22,15,14,9,9,69,1,2,2,3,0,0,3,3,0,0,0,0,0,0,0,0,0,0,2,0,5,3,13,6,18,9,0,4,0,2,7,2,10,9,8,0,4,2,24,32.0,104.0,302.0,421.46999999999997,1610.1470784224991,1544.76,1.0,1.0,0.0,0.0,4.0,3.0
Newcastle,time_block,1983547,against,16-30,92,5,60,52,58,33,12,15,40,12,3,1,4,2,4,2,0,28,25,22,13,17,38,1,3,1,5,2,1,2,1,4,1,1,0,0,0,0,0,0,0,3,1,1,0,17,7,18,7,0,4,3,1,7,0,13,8,9,2,4,2,14,20.0,51.0,134.0,361.2,815.8956201213799,1110.585,0.0,1.0,1.0,0.0,2.0,5.0
Newcastle,time_block,1983547,against,31-45,93,3,51,37,48,27,5,19,24,13,3,0,8,1,7,3,0,25,15,15,5,9,36,3,0,0,1,0,0,1,0,1,0,0,0,0,0,0,0,0,0,3,1,5,4,14,7,19,11,0,3,2,9,6,0,9,15,7,1,3,3,21,31.0,63.0,153.0,341.46,785.2310925720317,1735.23,0.0,1.0,1.0,0.0,1.0,1.0
Newcastle,time_block,1983547,against,46-60,107,6,74,66,69,36,17,21,39,27,3,0,3,0,7,6,0,24,19,17,10,12,57,0,3,1,9,2,2,5,5,4,1,1,1,0,1,1,0,0,0,2,1,2,1,11,7,13,8,0,2,2,1,10,0,4,11,4,0,0,4,14,29.0,87.0,283.0,443.415,1372.6412901488695,1563.135,0.0,0.0,1.0,1.0,0.0,9.0
Newcastle,time_block,1983547,against,61-75,104,7,75,65,71,36,12,27,38,27,3,1,3,1,6,3,0,27,22,19,11,11,56,0,2,2,2,1,1,0,2,0,1,0,0,0,0,0,0,0,0,2,0,2,1,9,3,11,4,0,0,1,2,5,1,4,7,2,1,1,3,17,21.0,73.0,218.0,336.315,1146.9492844754204,958.545,0.0,2.0,0.0,0.0,2.0,2.0
Newcastle,time_block,1983547,against,76+,149,11,102,90,100,46,15,41,49,41,5,2,6,2,8,3,0,34,27,24,12,19,78,1,3,2,7,2,0,5,5,2,2,0,1,1,0,1,0,0,0,7,2,9,4,18,8,27,12,0,4,0,3,7,0,7,10,5,0,3,2,25,37.0,115.0,339.0,533.715,1770.950965011243,1981.245,1.0,1.0,0.0,0.0,1.0,7.0
Newcastle,time_block,1983547,for,0-15,92,3,56,38,50,29,11,16,13,25,0,0,0,0,14,5,1,18,10,10,5,5,46,0,1,1,2,1,1,0,1,1,1,0,1,1,0,1,0,0,0,3,0,5,2,13,7,18,9,0,3,0,7,8,3,8,15,6,0,2,4,24,30.0,61.0,154.0,239.19000000000003,965.6642131775025,1309.77,0.0,1.0,0.0,0.0,3.0,2.0
Newcastle,time_block,1983547,for,16-30,98,2,63,55,59,28,18,17,9,46,0,0,1,0,7,3,1,6,4,3,1,3,60,1,1,0,2,0,0,2,1,1,0,0,0,0,0,0,0,0,0,5,2,1,1,16,8,17,9,0,2,0,5,8,2,7,13,4,1,2,4,17,20.0,66.0,187.0,123.69,1109.733193994057,851.13,1.0,0.0,0.0,0.0,5.0,2.0
Newcastle,time_block,1983547,for,31-45,92,0,58,40,53,29,19,10,11,29,0,0,1,0,11,2,0,13,4,6,2,3,52,1,0,0,2,0,1,1,0,2,0,0,0,0,0,0,0,0,0,3,1,5,1,12,5,17,6,0,1,0,9,3,1,6,12,3,1,3,3,22,29.0,64.0,164.0,0.5250000000000128,798.8720004774289,1450.155,0.0,0.0,0.0,0.0,3.0,2.0
Newcastle,time_block,1983547,for,46-60,81,4,46,38,43,20,10,16,8,30,1,0,1,0,4,2,0,9,5,7,1,2,39,0,1,0,2,1,1,0,0,2,0,1,1,0,1,1,0,0,0,1,0,2,1,11,4,13,5,0,4,1,9,7,2,12,16,10,1,4,0,12,19.0,50.0,139.0,413.80500000000006,969.0979845636668,557.55,1.0,3.0,0.0,0.0,4.0,2.0
Newcastle,time_block,1983547,for,61-75,67,2,39,31,36,17,8,14,26,5,3,1,3,1,5,0,0,22,19,17,3,6,22,0,2,1,3,1,2,0,2,1,0,1,0,0,0,0,0,0,0,1,1,2,1,9,6,11,7,0,4,3,4,3,1,11,7,8,0,3,1,10,16.0,47.0,131.0,240.45000000000002,613.5162246722548,682.71,1.0,0.0,1.0,0.0,2.0,3.0
Newcastle,time_block,1983547,for,76+,78,5,34,22,28,19,10,5,8,14,1,0,2,0,12,3,1,8,5,4,2,2,30,0,1,1,2,1,0,1,2,0,1,0,0,0,0,0,0,0,0,2,0,9,5,16,8,25,13,0,5,0,6,6,0,9,12,3,2,2,3,24,29.0,39.0,111.0,190.89000000000004,623.9080126133022,1142.715,0.0,1.0,0.0,0.0,3.0,2.0
Newcastle,game_state,1983547,against,-2 or worse,0,0,0,0,0,0,0,0,0,0,0,0,0,0,0,0,0,0,0,0,0,0,0,0,0,0,0,0,0,0,0,0,0,0,0,0,0,0,0,0,0,0,0,0,0,0,0,0,0,0,0,0,0,0,0,0,0,0,0,0,0,0,0.0,0.0,0.0,0.0,0.0,0.0,0.0,0.0,0.0,0.0,0.0,0.0
Newcastle,game_state,1983547,against,-1,0,0,0,0,0,0,0,0,0,0,0,0,0,0,0,0,0,0,0,0,0,0,0,0,0,0,0,0,0,0,0,0,0,0,0,0,0,0,0,0,0,0,0,0,0,0,0,0,0,0,0,0,0,0,0,0,0,0,0,0,0,0,0.0,0.0,0.0,0.0,0.0,0.0,0.0,0.0,0.0,0.0,0.0,0.0
Newcastle,game_state,1983547,against,Level,62,4,51,41,51,19,13,19,26,15,0,0,0,0,7,4,0,17,14,13,7,7,38,0,2,2,4,0,0,4,3,1,0,0,0,0,0,0,0,0,0,1,0,2,1,3,0,5,1,0,0,1,1,4,0,3,5,3,0,2,0,12,16.0,52.0,134.0,222.075,751.6100248162631,824.88,1.0,1.0,1.0,1.0,1.0,4.0
Newcastle,game_state,1983547,against,+1,598,33,394,334,377,198,64,132,203,131,18,4,27,7,39,18,0,143,109,98,53,70,296,6,11,6,23,7,4,12,13,10,5,2,2,1,1,2,0,0,0,18,5,22,12,79,38,101,50,0,17,7,17,38,3,44,55,32,4,13,16,103,154.0,441.0,1295.0,2215.5,6750.20530593518,8068.62,1.0,5.0,2.0,0.0,9.0,23.0
Newcastle,game_state,1983547,against,+2 or better,0,0,0,0,0,0,0,0,0,0,0,0,0,0,0,0,0,0,0,0,0,0,0,0,0,0,0,0,0,0,0,0,0,0,0,0,0,0,0,0,0,0,0,0,0,0,0,0,0,0,0,0,0,0,0,0,0,0,0,0,0,0,0.0,0.0,0.0,0.0,0.0,0.0,0.0,0.0,0.0,0.0,0.0,0.0
Newcastle,game_state,1983547,for,-2 or worse,0,0,0,0,0,0,0,0,0,0,0,0,0,0,0,0,0,0,0,0,0,0,0,0,0,0,0,0,0,0,0,0,0,0,0,0,0,0,0,0,0,0,0,0,0,0,0,0,0,0,0,0,0,0,0,0,0,0,0,0,0,0,0.0,0.0,0.0,0.0,0.0,0.0,0.0,0.0,0.0,0.0,0.0,0.0
Newcastle,game_state,1983547,for,-1,0,0,0,0,0,0,0,0,0,0,0,0,0,0,0,0,0,0,0,0,0,0,0,0,0,0,0,0,0,0,0,0,0,0,0,0,0,0,0,0,0,0,0,0,0,0,0,0,0,0,0,0,0,0,0,0,0,0,0,0,0,0,0.0,0.0,0.0,0.0,0.0,0.0,0.0,0.0,0.0,0.0,0.0,0.0
Newcastle,game_state,1983547,for,Level,52,2,27,18,25,14,8,5,4,14,0,0,0,0,8,1,1,5,3,2,2,2,25,0,2,1,2,2,0,0,1,1,1,1,2,1,1,2,0,0,0,0,0,2,1,3,3,5,4,0,1,0,4,5,3,4,9,2,0,0,2,12,19.0,29.0,76.0,119.80500000000002,492.2014911396002,703.395,0.0,2.0,0.0,0.0,5.0,2.0
Newcastle,game_state,1983547,for,+1,456,14,269,206,244,128,68,73,71,135,5,1,8,1,45,14,2,71,44,45,12,19,224,2,4,2,11,2,5,4,5,6,1,1,0,0,0,0,0,0,0,15,4,22,10,74,35,96,45,0,18,4,36,30,6,49,66,32,5,16,13,97,124.0,298.0,810.0,1088.7450000000001,4588.590138358612,5290.635,3.0,3.0,1.0,0.0,15.0,11.0
Newcastle,game_state,1983547,for,+2 or better,0,0,0,0,0,0,0,0,0,0,0,0,0,0,0,0,0,0,0,0,0,0,0,0,0,0,0,0,0,0,0,0,0,0,0,0,0,0,0,0,0,0,0,0,0,0,0,0,0,0,0,0,0,0,0,0,0,0,0,0,0,0,0.0,0.0,0.0,0.0,0.0,0.0,0.0,0.0,0.0,0.0,0.0,0.0
Newcastle,total,1983547,against,Season,660,37,445,375,428,217,77,151,229,146,18,4,27,7,46,22,0,160,123,111,60,77,334,6,13,8,27,7,4,16,16,11,5,2,2,1,1,2,0,0,0,19,5,24,13,82,38,106,51,0,17,8,18,42,3,47,60,35,4,15,16,115,170.0,493.0,1429.0,2437.5750000000003,7501.815330751443,8893.5,2.0,6.0,3.0,1.0,10.0,27.0
Newcastle,total,1983547,for,Season,508,16,296,224,269,142,76,78,75,149,5,1,8,1,53,15,3,76,47,47,14,21,249,2,6,3,13,4,5,4,6,7,2,2,2,1,1,2,0,0,0,15,4,24,11,77,38,101,49,0,19,4,40,35,9,53,75,34,5,16,15,109,143.0,327.0,886.0,1208.5500000000002,5080.791629498212,5994.03,3.0,5.0,1.0,0.0,20.0,13.0
Liverpool,time_block,1983547,against,0-15,92,3,56,38,50,29,11,16,13,25,0,0,0,0,14,5,1,18,10,10,5,5,46,0,1,1,2,1,1,0,1,1,1,0,1,1,0,1,0,0,0,3,0,5,2,13,7,18,9,0,3,0,7,8,3,8,15,6,0,2,4,24,30.0,61.0,154.0,239.19000000000003,965.6642131775025,1309.77,0.0,1.0,0.0,0.0,3.0,2.0
Liverpool,time_block,1983547,against,16-30,98,2,63,55,59,28,18,17,9,46,0,0,1,0,7,3,1,6,4,3,1,3,60,1,1,0,2,0,0,2,1,1,0,0,0,0,0,0,0,0,0,5,2,1,1,16,8,17,9,0,2,0,5,8,2,7,13,4,1,2,4,17,20.0,66.0,187.0,123.69,1109.733193994057,851.13,1.0,0.0,0.0,0.0,5.0,2.0
Liverpool,time_block,1983547,against,31-45,92,0,58,40,53,29,19,10,11,29,0,0,1,0,11,2,0,13,4,6,2,3,52,1,0,0,2,0,1,1,0,2,0,0,0,0,0,0,0,0,0,3,1,5,1,12,5,17,6,0,1,0,9,3,1,6,12,3,1,3,3,22,29.0,64.0,164.0,0.5250000000000128,798.8720004774289,1450.155,0.0,0.0,0.0,0.0,3.0,2.0
Liverpool,time_block,1983547,against,46-60,81,4,46,38,43,20,10,16,8,30,1,0,1,0,4,2,0,9,5,7,1,2,39,0,1,0,2,1,1,0,0,2,0,1,1,0,1,1,0,0,0,1,0,2,1,11,4,13,5,0,4,1,9,7,2,12,16,10,1,4,0,12,19.0,50.0,139.0,413.80500000000006,969.0979845636668,557.55,1.0,3.0,0.0,0.0,4.0,2.0
Liverpool,time_block,1983547,against,61-75,67,2,39,31,36,17,8,14,26,5,3,1,3,1,5,0,0,22,19,17,3,6,22,0,2,1,3,1,2,0,2,1,0,1,0,0,0,0,0,0,0,1,1,2,1,9,6,11,7,0,4,3,4,3,1,11,7,8,0,3,1,10,16.0,47.0,131.0,240.45000000000002,613.5162246722548,682.71,1.0,0.0,1.0,0.0,2.0,3.0
Liverpool,time_block,1983547,against,76+,78,5,34,22,28,19,10,5,8,14,1,0,2,0,12,3,1,8,5,4,2,2,30,0,1,1,2,1,0,1,2,0,1,0,0,0,0,0,0,0,0,2,0,9,5,16,8,25,13,0,5,0,6,6,0,9,12,3,2,2,3,24,29.0,39.0,111.0,190.89000000000004,623.9080126133022,1142.715,0.0,1.0,0.0,0.0,3.0,2.0
Liverpool,time_block,1983547,for,0-15,115,5,83,65,82,39,16,28,39,26,1,0,3,1,14,5,0,22,15,14,9,9,69,1,2,2,3,0,0,3,3,0,0,0,0,0,0,0,0,0,0,2,0,5,3,13,6,18,9,0,4,0,2,7,2,10,9,8,0,4,2,24,32.0,104.0,302.0,421.46999999999997,1610.1470784224991,1544.76,1.0,1.0,0.0,0.0,4.0,3.0
Liverpool,time_block,1983547,for,16-30,92,5,60,52,58,33,12,15,40,12,3,1,4,2,4,2,0,28,25,22,13,17,38,1,3,1,5,2,1,2,1,4,1,1,0,0,0,0,0,0,0,3,1,1,0,17,7,18,7,0,4,3,1,7,0,13,8,9,2,4,2,14,20.0,51.0,134.0,361.2,815.8956201213799,1110.585,0.0,1.0,1.0,0.0,2.0,5.0
Liverpool,time_block,1983547,for,31-45,93,3,51,37,48,27,5,19,24,13,3,0,8,1,7,3,0,25,15,15,5,9,36,3,0,0,1,0,0,1,0,1,0,0,0,0,0,0,0,0,0,3,1,5,4,14,7,19,11,0,3,2,9,6,0,9,15,7,1,3,3,21,31.0,63.0,153.0,341.46,785.2310925720317,1735.23,0.0,1.0,1.0,0.0,1.0,1.0
Liverpool,time_block,1983547,for,46-60,107,6,74,66,69,36,17,21,39,27,3,0,3,0,7,6,0,24,19,17,10,12,57,0,3,1,9,2,2,5,5,4,1,1,1,0,1,1,0,0,0,2,1,2,1,11,7,13,8,0,2,2,1,10,0,4,11,4,0,0,4,14,29.0,87.0,283.0,443.415,1372.6412901488695,1563.135,0.0,0.0,1.0,1.0,0.0,9.0
Liverpool,time_block,1983547,for,61-75,104,7,75,65,71,36,12,27,38,27,3,1,3,1,6,3,0,27,22,19,11,11,56,0,2,2,2,1,1,0,2,0,1,0,0,0,0,0,0,0,0,2,0,2,1,9,3,11,4,0,0,1,2,5,1,4,7,2,1,1,3,17,21.0,73.0,218.0,336.315,1146.9492844754204,958.545,0.0,2.0,0.0,0.0,2.0,2.0
Liverpool,time_block,1983547,for,76+,149,11,102,90,100,46,15,41,49,41,5,2,6,2,8,3,0,34,27,24,12,19,78,1,3,2,7,2,0,5,5,2,2,0,1,1,0,1,0,0,0,7,2,9,4,18,8,27,12,0,4,0,3,7,0,7,10,5,0,3,2,25,37.0,115.0,339.0,533.715,1770.950965011243,1981.245,1.0,1.0,0.0,0.0,1.0,7.0
Liverpool,game_state,1983547,against,-2 or worse,0,0,0,0,0,0,0,0,0,0,0,0,0,0,0,0,0,0,0,0,0,0,0,0,0,0,0,0,0,0,0,0,0,0,0,0,0,0,0,0,0,0,0,0,0,0,0,0,0,0,0,0,0,0,0,0,0,0,0,0,0,0,0.0,0.0,0.0,0.0,0.0,0.0,0.0,0.0,0.0,0.0,0.0,0.0
Liverpool,game_state,1983547,against,-1,456,14,269,206,244,128,68,73,71,135,5,1,8,1,45,14,2,71,44,45,12,19,224,2,4,2,11,2,5,4,5,6,1,1,0,0,0,0,0,0,0,15,4,22,10,74,35,96,45,0,18,4,36,30,6,49,66,32,5,16,13,97,124.0,298.0,810.0,1088.7450000000001,4588.590138358612,5290.635,3.0,3.0,1.0,0.0,15.0,11.0
Liverpool,game_state,1983547,against,Level,52,2,27,18,25,14,8,5,4,14,0,0,0,0,8,1,1,5,3,2,2,2,25,0,2,1,2,2,0,0,1,1,1,1,2,1,1,2,0,0,0,0,0,2,1,3,3,5,4,0,1,0,4,5,3,4,9,2,0,0,2,12,19.0,29.0,76.0,119.80500000000002,492.2014911396002,703.395,0.0,2.0,0.0,0.0,5.0,2.0
Liverpool,game_state,1983547,against,+1,0,0,0,0,0,0,0,0,0,0,0,0,0,0,0,0,0,0,0,0,0,0,0,0,0,0,0,0,0,0,0,0,0,0,0,0,0,0,0,0,0,0,0,0,0,0,0,0,0,0,0,0,0,0,0,0,0,0,0,0,0,0,0.0,0.0,0.0,0.0,0.0,0.0,0.0,0.0,0.0,0.0,0.0,0.0
Liverpool,game_state,1983547,against,+2 or better,0,0,0,0,0,0,0,0,0,0,0,0,0,0,0,0,0,0,0,0,0,0,0,0,0,0,0,0,0,0,0,0,0,0,0,0,0,0,0,0,0,0,0,0,0,0,0,0,0,0,0,0,0,0,0,0,0,0,0,0,0,0,0.0,0.0,0.0,0.0,0.0,0.0,0.0,0.0,0.0,0.0,0.0,0.0
Liverpool,game_state,1983547,for,-2 or worse,0,0,0,0,0,0,0,0,0,0,0,0,0,0,0,0,0,0,0,0,0,0,0,0,0,0,0,0,0,0,0,0,0,0,0,0,0,0,0,0,0,0,0,0,0,0,0,0,0,0,0,0,0,0,0,0,0,0,0,0,0,0,0.0,0.0,0.0,0.0,0.0,0.0,0.0,0.0,0.0,0.0,0.0,0.0
Liverpool,game_state,1983547,for,-1,598,33,394,334,377,198,64,132,203,131,18,4,27,7,39,18,0,143,109,98,53,70,296,6,11,6,23,7,4,12,13,10,5,2,2,1,1,2,0,0,0,18,5,22,12,79,38,101,50,0,17,7,17,38,3,44,55,32,4,13,16,103,154.0,441.0,1295.0,2215.5,6750.20530593518,8068.62,1.0,5.0,2.0,0.0,9.0,23.0
Liverpool,game_state,1983547,for,Level,62,4,51,41,51,19,13,19,26,15,0,0,0,0,7,4,0,17,14,13,7,7,38,0,2,2,4,0,0,4,3,1,0,0,0,0,0,0,0,0,0,1,0,2,1,3,0,5,1,0,0,1,1,4,0,3,5,3,0,2,0,12,16.0,52.0,134.0,222.075,751.6100248162631,824.88,1.0,1.0,1.0,1.0,1.0,4.0
Liverpool,game_state,1983547,for,+1,0,0,0,0,0,0,0,0,0,0,0,0,0,0,0,0,0,0,0,0,0,0,0,0,0,0,0,0,0,0,0,0,0,0,0,0,0,0,0,0,0,0,0,0,0,0,0,0,0,0,0,0,0,0,0,0,0,0,0,0,0,0,0.0,0.0,0.0,0.0,0.0,0.0,0.0,0.0,0.0,0.0,0.0,0.0
Liverpool,game_state,1983547,for,+2 or better,0,0,0,0,0,0,0,0,0,0,0,0,0,0,0,0,0,0,0,0,0,0,0,0,0,0,0,0,0,0,0,0,0,0,0,0,0,0,0,0,0,0,0,0,0,0,0,0,0,0,0,0,0,0,0,0,0,0,0,0,0,0,0.0,0.0,0.0,0.0,0.0,0.0,0.0,0.0,0.0,0.0,0.0,0.0
Liverpool,total,1983547,against,Season,508,16,296,224,269,142,76,78,75,149,5,1,8,1,53,15,3,76,47,47,14,21,249,2,6,3,13,4,5,4,6,7,2,2,2,1,1,2,0,0,0,15,4,24,11,77,38,101,49,0,19,4,40,35,9,53,75,34,5,16,15,109,143.0,327.0,886.0,1208.5500000000002,5080.791629498212,5994.03,3.0,5.0,1.0,0.0,20.0,13.0
Liverpool,total,1983547,for,Season,660,37,445,375,428,217,77,151,229,146,18,4,27,7,46,22,0,160,123,111,60,77,334,6,13,8,27,7,4,16,16,11,5,2,2,1,1,2,0,0,0,19,5,24,13,82,38,106,51,0,17,8,18,42,3,47,60,35,4,15,16,115,170.0,493.0,1429.0,2437.5750000000003,7501.815330751443,8893.5,2.0,6.0,3.0,1.0,10.0,27.0
Man Utd,time_block,1983548,against,0-15,91,2,59,46,54,27,16,16,5,41,2,1,2,1,11,4,0,9,4,1,4,5,58,0,1,1,1,1,0,0,1,0,1,0,0,0,0,0,0,0,0,1,0,12,7,6,4,18,11,0,1,1,8,5,0,3,13,3,0,1,3,17,24.0,68.0,240.0,193.93500000000003,1022.5258172420146,880.635,0.0,1.0,0.0,0.0,5.0,1.0
Man Utd,time_block,1983548,against,16-30,59,5,30,17,26,17,2,11,11,6,4,0,5,1,10,4,0,15,9,9,6,3,21,1,0,0,3,2,1,0,3,0,2,0,1,1,0,1,0,0,0,1,0,5,4,9,5,14,9,0,3,0,5,3,5,10,8,5,0,2,2,15,23.0,35.0,63.0,182.80500000000004,352.89051511172795,1255.275,0.0,0.0,0.0,0.0,5.0,3.0
Man Utd,time_block,1983548,against,31-45,81,1,44,29,42,23,10,11,15,14,2,0,3,1,11,2,0,15,8,8,3,4,36,0,1,1,1,1,0,0,1,0,1,0,1,1,0,1,0,0,0,2,0,6,4,11,5,17,9,0,3,1,10,4,2,10,14,5,1,3,2,19,24.0,52.0,145.0,191.94000000000003,764.642629629532,908.355,0.0,0.0,0.0,0.0,8.0,1.0
Man Utd,time_block,1983548,against,46-60,84,0,50,39,46,24,11,15,7,32,2,0,2,0,13,5,0,14,8,3,6,5,47,0,0,0,0,0,0,0,0,0,0,0,0,0,0,0,0,0,0,3,2,3,0,13,6,16,6,1,3,2,11,8,1,10,19,6,1,3,0,15,20.0,56.0,168.0,293.36999999999995,826.7809049631518,599.865,0.0,0.0,0.0,0.0,3.0,0.0
Man Utd,time_block,1983548,against,61-75,53,2,35,25,31,20,10,5,14,11,3,2,3,2,9,1,0,11,7,5,2,5,30,0,3,0,3,0,2,1,0,3,0,0,0,0,0,0,0,0,0,1,1,5,1,3,3,8,4,0,1,0,4,4,0,1,8,0,0,0,1,12,17.0,37.0,91.0,66.15000000000002,473.3146063023934,694.05,0.0,0.0,0.0,0.0,5.0,3.0
Man Utd,time_block,1983548,against,76+,90,1,39,24,35,22,6,11,1,23,0,0,0,0,14,3,0,7,4,2,4,2,37,0,0,0,0,0,0,0,0,0,0,0,0,0,0,0,0,0,0,1,0,7,5,12,7,19,12,0,6,2,17,5,1,12,22,3,2,1,1,21,28.0,43.0,155.0,284.02500000000003,721.1633938302607,585.48,0.0,1.0,0.0,0.0,13.0,0.0
Man Utd,time_block,1983548,for,0-15,127,3,99,88,96,39,25,35,35,53,3,1,3,1,10,5,1,19,15,13,5,10,86,0,2,1,2,2,0,0,2,0,2,0,0,0,0,0,0,0,0,1,0,12,5,6,2,18,7,0,1,1,4,8,1,6,12,5,0,3,1,17,26.0,106.0,267.0,297.255,1503.1437438884432,1151.955,0.0,0.0,0.0,0.0,4.0,2.0
Man Utd,time_block,1983548,for,16-30,141,4,108,96,105,41,29,38,65,31,4,1,4,1,6,5,0,35,29,31,11,17,77,0,1,1,3,0,2,1,2,1,0,0,0,0,0,0,0,0,0,2,0,5,1,8,3,13,4,0,1,0,4,2,1,4,6,3,0,2,2,17,29.0,120.0,296.0,391.2300000000001,1728.2733080107305,1488.795,0.0,0.0,0.0,0.0,4.0,3.0
Man Utd,time_block,1983548,for,31-45,165,9,132,118,129,49,28,55,85,33,8,2,9,2,5,3,0,52,45,42,14,14,90,1,3,2,3,0,1,2,2,1,0,0,0,0,0,0,0,0,0,3,1,6,2,9,4,15,6,0,0,0,2,7,0,2,9,1,0,2,3,18,32.0,146.0,362.0,456.96,1932.9165434944932,1844.955,0.0,0.0,0.0,0.0,3.0,3.0
Man Utd,time_block,1983548,for,46-60,131,10,96,79,94,39,19,38,30,49,4,1,7,2,8,3,1,35,23,23,9,13,73,2,3,2,3,1,1,1,2,1,0,1,0,0,0,0,0,0,0,4,1,3,3,11,6,14,9,0,2,1,3,12,0,5,15,5,2,0,3,23,33.0,110.0,258.0,548.73,1520.3295250096305,1802.535,0.0,2.0,0.0,0.0,2.0,3.0
Man Utd,time_block,1983548,for,61-75,107,4,88,80,86,34,19,35,66,14,5,1,5,1,4,0,0,41,39,40,8,12,48,0,3,2,3,0,2,1,3,0,0,0,0,0,0,0,0,0,0,1,0,5,4,3,0,8,4,0,0,0,3,4,0,2,7,2,1,1,0,11,18.0,103.0,274.0,317.73,1347.9549389277363,835.275,3.0,0.0,0.0,0.0,2.0,3.0
Man Utd,time_block,1983548,for,76+,188,11,146,127,143,66,23,57,96,31,10,1,11,2,15,9,1,79,63,57,21,23,89,3,7,4,7,2,2,3,4,3,1,1,0,0,0,0,0,0,0,6,2,7,2,12,5,19,7,0,2,1,0,11,0,4,11,3,0,1,1,26,42.0,158.0,434.0,711.9,2405.953071427222,2550.345,0.0,1.0,1.0,1.0,1.0,7.0
Man Utd,game_state,1983548,against,-2 or worse,263,3,142,95,129,79,29,34,25,70,5,2,5,2,43,9,0,37,20,11,13,12,131,0,3,0,3,0,2,1,0,3,0,0,0,0,0,0,0,0,0,6,3,18,9,34,18,52,27,1,12,4,39,21,4,30,60,13,4,6,2,61,79.0,157.0,473.0,717.15,2247.154466444187,2301.285,0.0,1.0,0.0,0.0,28.0,3.0
Man Utd,game_state,1983548,against,-1,93,2,50,36,45,24,9,17,20,16,5,0,6,1,14,6,0,21,14,13,7,6,37,0,1,1,2,1,1,0,2,0,1,0,1,1,0,1,0,0,0,2,0,6,3,14,8,20,11,0,4,1,8,3,5,13,11,6,0,3,4,18,28.0,59.0,141.0,291.375,826.9293224010376,1288.14,0.0,0.0,0.0,0.0,6.0,2.0
Man Utd,game_state,1983548,against,Level,102,6,65,49,60,30,17,18,8,41,3,1,4,2,11,4,0,13,6,4,5,6,61,1,1,1,3,3,0,0,3,0,3,0,1,1,0,1,0,0,0,1,0,14,9,6,4,20,13,0,1,1,8,5,0,3,13,3,0,1,3,20,29.0,75.0,248.0,203.70000000000005,1087.234078233856,1334.235,0.0,1.0,0.0,0.0,5.0,3.0
Man Utd,game_state,1983548,against,+1,0,0,0,0,0,0,0,0,0,0,0,0,0,0,0,0,0,0,0,0,0,0,0,0,0,0,0,0,0,0,0,0,0,0,0,0,0,0,0,0,0,0,0,0,0,0,0,0,0,0,0,0,0,0,0,0,0,0,0,0,0,0,0.0,0.0,0.0,0.0,0.0,0.0,0.0,0.0,0.0,0.0,0.0,0.0
Man Utd,game_state,1983548,against,+2 or better,0,0,0,0,0,0,0,0,0,0,0,0,0,0,0,0,0,0,0,0,0,0,0,0,0,0,0,0,0,0,0,0,0,0,0,0,0,0,0,0,0,0,0,0,0,0,0,0,0,0,0,0,0,0,0,0,0,0,0,0,0,0,0.0,0.0,0.0,0.0,0.0,0.0,0.0,0.0,0.0,0.0,0.0,0.0
Man Utd,game_state,1983548,for,-2 or worse,551,28,433,379,424,177,81,175,258,121,24,4,28,6,29,13,2,194,158,150,49,57,283,5,15,9,15,3,6,6,10,5,1,2,0,0,0,0,0,0,0,13,4,18,9,31,14,49,23,0,4,2,6,32,0,11,38,10,3,2,6,72,115.0,484.0,1238.0,1914.885,6717.876312752962,6416.025,3.0,3.0,1.0,1.0,6.0,15.0
Man Utd,game_state,1983548,for,-1,176,10,136,121,132,51,37,48,84,37,7,2,8,2,9,7,0,48,41,43,14,22,93,1,2,2,4,0,2,2,3,1,0,0,0,0,0,0,0,0,0,3,0,6,3,12,4,18,7,0,1,0,5,4,1,6,9,4,0,4,3,22,36.0,152.0,386.0,511.6650000000001,2217.551074116851,2042.355,0.0,0.0,0.0,0.0,4.0,4.0
Man Utd,game_state,1983548,for,Level,132,3,100,88,97,40,25,35,35,53,3,1,3,1,10,5,1,19,15,13,5,10,87,0,2,1,2,2,0,0,2,0,2,0,0,0,0,0,0,0,0,1,0,14,5,6,2,20,7,0,1,1,5,8,1,6,13,5,0,3,1,18,29.0,107.0,267.0,297.255,1503.1437438884432,1215.48,0.0,0.0,0.0,0.0,6.0,2.0
Man Utd,game_state,1983548,for,+1,0,0,0,0,0,0,0,0,0,0,0,0,0,0,0,0,0,0,0,0,0,0,0,0,0,0,0,0,0,0,0,0,0,0,0,0,0,0,0,0,0,0,0,0,0,0,0,0,0,0,0,0,0,0,0,0,0,0,0,0,0,0,0.0,0.0,0.0,0.0,0.0,0.0,0.0,0.0,0.0,0.0,0.0,0.0
Man Utd,game_state,1983548,for,+2 or better,0,0,0,0,0,0,0,0,0,0,0,0,0,0,0,0,0,0,0,0,0,0,0,0,0,0,0,0,0,0,0,0,0,0,0,0,0,0,0,0,0,0,0,0,0,0,0,0,0,0,0,0,0,0,0,0,0,0,0,0,0,0,0.0,0.0,0.0,0.0,0.0,0.0,0.0,0.0,0.0,0.0,0.0,0.0
Man Utd,total,1983548,against,Season,458,11,257,180,234,133,55,69,53,127,13,3,15,5,68,19,0,71,40,28,25,24,229,1,5,2,8,4,3,1,5,3,4,0,2,2,0,2,0,0,0,9,3,38,21,54,30,92,51,1,17,6,55,29,9,46,84,22,4,10,9,99,136.0,291.0,862.0,1212.2250000000001,4161.31786707908,4923.66,0.0,2.0,0.0,0.0,39.0,8.0
Man Utd,total,1983548,for,Season,859,41,669,588,653,268,143,258,377,211,34,7,39,9,48,25,3,261,214,206,68,89,463,6,19,12,21,5,8,8,15,6,3,2,0,0,0,0,0,0,0,17,4,38,17,49,20,87,37,0,6,3,16,44,2,23,60,19,3,9,10,112,180.0,743.0,1891.0,2723.8050000000003,10438.571130758255,9673.86,3.0,3.0,1.0,1.0,16.0,21.0
Hull,time_block,1983548,against,0-15,127,3,99,88,96,39,25,35,35,53,3,1,3,1,10,5,1,19,15,13,5,10,86,0,2,1,2,2,0,0,2,0,2,0,0,0,0,0,0,0,0,1,0,12,5,6,2,18,7,0,1,1,4,8,1,6,12,5,0,3,1,17,26.0,106.0,267.0,297.255,1503.1437438884432,1151.955,0.0,0.0,0.0,0.0,4.0,2.0
Hull,time_block,1983548,against,16-30,141,4,108,96,105,41,29,38,65,31,4,1,4,1,6,5,0,35,29,31,11,17,77,0,1,1,3,0,2,1,2,1,0,0,0,0,0,0,0,0,0,2,0,5,1,8,3,13,4,0,1,0,4,2,1,4,6,3,0,2,2,17,29.0,120.0,296.0,391.2300000000001,1728.2733080107305,1488.795,0.0,0.0,0.0,0.0,4.0,3.0
Hull,time_block,1983548,against,31-45,165,9,132,118,129,49,28,55,85,33,8,2,9,2,5,3,0,52,45,42,14,14,90,1,3,2,3,0,1,2,2,1,0,0,0,0,0,0,0,0,0,3,1,6,2,9,4,15,6,0,0,0,2,7,0,2,9,1,0,2,3,18,32.0,146.0,362.0,456.96,1932.9165434944932,1844.955,0.0,0.0,0.0,0.0,3.0,3.0
Hull,time_block,1983548,against,46-60,131,10,96,79,94,39,19,38,30,49,4,1,7,2,8,3,1,35,23,23,9,13,73,2,3,2,3,1,1,1,2,1,0,1,0,0,0,0,0,0,0,4,1,3,3,11,6,14,9,0,2,1,3,12,0,5,15,5,2,0,3,23,33.0,110.0,258.0,548.73,1520.3295250096305,1802.535,0.0,2.0,0.0,0.0,2.0,3.0
Hull,time_block,1983548,against,61-75,107,4,88,80,86,34,19,35,66,14,5,1,5,1,4,0,0,41,39,40,8,12,48,0,3,2,3,0,2,1,3,0,0,0,0,0,0,0,0,0,0,1,0,5,4,3,0,8,4,0,0,0,3,4,0,2,7,2,1,1,0,11,18.0,103.0,274.0,317.73,1347.9549389277363,835.275,3.0,0.0,0.0,0.0,2.0,3.0
Hull,time_block,1983548,against,76+,188,11,146,127,143,66,23,57,96,31,10,1,11,2,15,9,1,79,63,57,21,23,89,3,7,4,7,2,2,3,4,3,1,1,0,0,0,0,0,0,0,6,2,7,2,12,5,19,7,0,2,1,0,11,0,4,11,3,0,1,1,26,42.0,158.0,434.0,711.9,2405.953071427222,2550.345,0.0,1.0,1.0,1.0,1.0,7.0
Hull,time_block,1983548,for,0-15,91,2,59,46,54,27,16,16,5,41,2,1,2,1,11,4,0,9,4,1,4,5,58,0,1,1,1,1,0,0,1,0,1,0,0,0,0,0,0,0,0,1,0,12,7,6,4,18,11,0,1,1,8,5,0,3,13,3,0,1,3,17,24.0,68.0,240.0,193.93500000000003,1022.5258172420146,880.635,0.0,1.0,0.0,0.0,5.0,1.0
Hull,time_block,1983548,for,16-30,59,5,30,17,26,17,2,11,11,6,4,0,5,1,10,4,0,15,9,9,6,3,21,1,0,0,3,2,1,0,3,0,2,0,1,1,0,1,0,0,0,1,0,5,4,9,5,14,9,0,3,0,5,3,5,10,8,5,0,2,2,15,23.0,35.0,63.0,182.80500000000004,352.89051511172795,1255.275,0.0,0.0,0.0,0.0,5.0,3.0
Hull,time_block,1983548,for,31-45,81,1,44,29,42,23,10,11,15,14,2,0,3,1,11,2,0,15,8,8,3,4,36,0,1,1,1,1,0,0,1,0,1,0,1,1,0,1,0,0,0,2,0,6,4,11,5,17,9,0,3,1,10,4,2,10,14,5,1,3,2,19,24.0,52.0,145.0,191.94000000000003,764.642629629532,908.355,0.0,0.0,0.0,0.0,8.0,1.0
Hull,time_block,1983548,for,46-60,84,0,50,39,46,24,11,15,7,32,2,0,2,0,13,5,0,14,8,3,6,5,47,0,0,0,0,0,0,0,0,0,0,0,0,0,0,0,0,0,0,3,2,3,0,13,6,16,6,1,3,2,11,8,1,10,19,6,1,3,0,15,20.0,56.0,168.0,293.36999999999995,826.7809049631518,599.865,0.0,0.0,0.0,0.0,3.0,0.0
Hull,time_block,1983548,for,61-75,53,2,35,25,31,20,10,5,14,11,3,2,3,2,9,1,0,11,7,5,2,5,30,0,3,0,3,0,2,1,0,3,0,0,0,0,0,0,0,0,0,1,1,5,1,3,3,8,4,0,1,0,4,4,0,1,8,0,0,0,1,12,17.0,37.0,91.0,66.15000000000002,473.3146063023934,694.05,0.0,0.0,0.0,0.0,5.0,3.0
Hull,time_block,1983548,for,76+,90,1,39,24,35,22,6,11,1,23,0,0,0,0,14,3,0,7,4,2,4,2,37,0,0,0,0,0,0,0,0,0,0,0,0,0,0,0,0,0,0,1,0,7,5,12,7,19,12,0,6,2,17,5,1,12,22,3,2,1,1,21,28.0,43.0,155.0,284.02500000000003,721.1633938302607,585.48,0.0,1.0,0.0,0.0,13.0,0.0
Hull,game_state,1983548,against,-2 or worse,0,0,0,0,0,0,0,0,0,0,0,0,0,0,0,0,0,0,0,0,0,0,0,0,0,0,0,0,0,0,0,0,0,0,0,0,0,0,0,0,0,0,0,0,0,0,0,0,0,0,0,0,0,0,0,0,0,0,0,0,0,0,0.0,0.0,0.0,0.0,0.0,0.0,0.0,0.0,0.0,0.0,0.0,0.0
Hull,game_state,1983548,against,-1,0,0,0,0,0,0,0,0,0,0,0,0,0,0,0,0,0,0,0,0,0,0,0,0,0,0,0,0,0,0,0,0,0,0,0,0,0,0,0,0,0,0,0,0,0,0,0,0,0,0,0,0,0,0,0,0,0,0,0,0,0,0,0.0,0.0,0.0,0.0,0.0,0.0,0.0,0.0,0.0,0.0,0.0,0.0
Hull,game_state,1983548,against,Level,132,3,100,88,97,40,25,35,35,53,3,1,3,1,10,5,1,19,15,13,5,10,87,0,2,1,2,2,0,0,2,0,2,0,0,0,0,0,0,0,0,1,0,14,5,6,2,20,7,0,1,1,5,8,1,6,13,5,0,3,1,18,29.0,107.0,267.0,297.255,1503.1437438884432,1215.48,0.0,0.0,0.0,0.0,6.0,2.0
Hull,game_state,1983548,against,+1,176,10,136,121,132,51,37,48,84,37,7,2,8,2,9,7,0,48,41,43,14,22,93,1,2,2,4,0,2,2,3,1,0,0,0,0,0,0,0,0,0,3,0,6,3,12,4,18,7,0,1,0,5,4,1,6,9,4,0,4,3,22,36.0,152.0,386.0,511.6650000000001,2217.551074116851,2042.355,0.0,0.0,0.0,0.0,4.0,4.0
Hull,game_state,1983548,against,+2 or better,551,28,433,379,424,177,81,175,258,121,24,4,28,6,29,13,2,194,158,150,49,57,283,5,15,9,15,3,6,6,10,5,1,2,0,0,0,0,0,0,0,13,4,18,9,31,14,49,23,0,4,2,6,32,0,11,38,10,3,2,6,72,115.0,484.0,1238.0,1914.885,6717.876312752962,6416.025,3.0,3.0,1.0,1.0,6.0,15.0
Hull,game_state,1983548,for,-2 or worse,0,0,0,0,0,0,0,0,0,0,0,0,0,0,0,0,0,0,0,0,0,0,0,0,0,0,0,0,0,0,0,0,0,0,0,0,0,0,0,0,0,0,0,0,0,0,0,0,0,0,0,0,0,0,0,0,0,0,0,0,0,0,0.0,0.0,0.0,0.0,0.0,0.0,0.0,0.0,0.0,0.0,0.0,0.0
Hull,game_state,1983548,for,-1,0,0,0,0,0,0,0,0,0,0,0,0,0,0,0,0,0,0,0,0,0,0,0,0,0,0,0,0,0,0,0,0,0,0,0,0,0,0,0,0,0,0,0,0,0,0,0,0,0,0,0,0,0,0,0,0,0,0,0,0,0,0,0.0,0.0,0.0,0.0,0.0,0.0,0.0,0.0,0.0,0.0,0.0,0.0
Hull,game_state,1983548,for,Level,102,6,65,49,60,30,17,18,8,41,3,1,4,2,11,4,0,13,6,4,5,6,61,1,1,1,3,3,0,0,3,0,3,0,1,1,0,1,0,0,0,1,0,14,9,6,4,20,13,0,1,1,8,5,0,3,13,3,0,1,3,20,29.0,75.0,248.0,203.70000000000005,1087.234078233856,1334.235,0.0,1.0,0.0,0.0,5.0,3.0
Hull,game_state,1983548,for,+1,93,2,50,36,45,24,9,17,20,16,5,0,6,1,14,6,0,21,14,13,7,6,37,0,1,1,2,1,1,0,2,0,1,0,1,1,0,1,0,0,0,2,0,6,3,14,8,20,11,0,4,1,8,3,5,13,11,6,0,3,4,18,28.0,59.0,141.0,291.375,826.9293224010376,1288.14,0.0,0.0,0.0,0.0,6.0,2.0
Hull,game_state,1983548,for,+2 or better,263,3,142,95,129,79,29,34,25,70,5,2,5,2,43,9,0,37,20,11,13,12,131,0,3,0,3,0,2,1,0,3,0,0,0,0,0,0,0,0,0,6,3,18,9,34,18,52,27,1,12,4,39,21,4,30,60,13,4,6,2,61,79.0,157.0,473.0,717.15,2247.154466444187,2301.285,0.0,1.0,0.0,0.0,28.0,3.0
Hull,total,1983548,against,Season,859,41,669,588,653,268,143,258,377,211,34,7,39,9,48,25,3,261,214,206,68,89,463,6,19,12,21,5,8,8,15,6,3,2,0,0,0,0,0,0,0,17,4,38,17,49,20,87,37,0,6,3,16,44,2,23,60,19,3,9,10,112,180.0,743.0,1891.0,2723.8050000000003,10438.571130758255,9673.86,3.0,3.0,1.0,1.0,16.0,21.0
Hull,total,1983548,for,Season,458,11,257,180,234,133,55,69,53,127,13,3,15,5,68,19,0,71,40,28,25,24,229,1,5,2,8,4,3,1,5,3,4,0,2,2,0,2,0,0,0,9,3,38,21,54,30,92,51,1,17,6,55,29,9,46,84,22,4,10,9,99,136.0,291.0,862.0,1212.2250000000001,4161.31786707908,4923.66,0.0,2.0,0.0,0.0,39.0,8.0
Everton,time_block,1983549,against,0-15,168,5,133,119,130,45,33,55,41,78,1,0,1,0,8,5,0,22,16,14,9,10,119,0,2,1,3,1,1,1,2,1,1,0,0,0,0,0,0,0,0,3,2,4,3,13,9,17,12,0,5,1,6,11,1,8,17,6,0,1,2,20,26.0,149.0,436.0,359.83500000000004,2322.5739497943046,1296.54,1.0,0.0,2.0,1.0,2.0,3.0
Everton,time_block,1983549,against,16-30,73,1,48,44,46,21,6,21,18,26,1,0,1,0,2,2,1,10,8,7,3,6,41,0,1,1,1,1,0,0,1,0,1,0,0,0,0,0,0,0,0,0,0,4,2,11,2,15,4,0,2,1,3,5,5,16,8,10,3,5,0,12,15.0,38.0,99.0,252.73499999999996,651.9160163715967,661.9200000000001,0.0,0.0,0.0,0.0,3.0,1.0
Everton,time_block,1983549,against,31-45,155,2,116,92,112,48,20,48,30,62,0,0,0,0,7,2,1,26,17,17,9,12,99,0,2,2,2,0,2,0,2,0,0,0,0,0,0,0,0,0,0,2,0,8,4,10,4,18,8,0,4,2,6,6,3,11,12,7,1,1,0,32,37.0,124.0,337.0,400.995,1710.5100888283262,1603.56,0.0,2.0,3.0,0.0,4.0,2.0
Everton,time_block,1983549,against,46-60,96,1,57,48,52,28,8,21,11,37,1,0,1,0,7,1,0,7,4,3,3,1,54,0,0,0,0,0,0,0,0,0,0,0,0,0,0,0,0,0,0,2,0,4,2,9,4,13,6,0,3,3,11,5,2,10,16,6,0,2,1,14,19.0,64.0,159.0,197.925,856.2577155219442,656.04,0.0,0.0,1.0,0.0,3.0,0.0
Everton,time_block,1983549,against,61-75,105,0,82,74,81,31,10,41,59,15,1,0,1,0,3,0,1,38,32,30,7,5,52,0,2,0,2,1,0,1,0,2,0,1,0,0,0,0,0,0,0,0,0,3,1,10,3,13,4,0,3,1,5,7,1,8,12,7,0,3,0,13,14.0,81.0,218.0,262.28999999999996,999.5679208509114,672.0,0.0,0.0,1.0,1.0,1.0,2.0
Everton,time_block,1983549,against,76+,195,5,145,128,142,49,27,69,69,59,8,2,8,2,5,2,1,47,38,38,10,14,107,0,3,1,3,1,1,1,3,0,1,0,0,0,0,0,0,0,0,2,1,7,1,18,11,25,12,0,8,2,2,9,1,14,11,9,0,3,2,25,39.0,161.0,472.0,568.575,2263.312263143012,1758.12,0.0,1.0,4.0,0.0,11.0,3.0
Everton,time_block,1983549,for,0-15,140,5,106,96,104,39,24,43,52,44,2,0,2,0,9,4,1,30,26,25,9,8,81,0,1,1,1,1,0,0,1,0,1,0,0,0,0,0,0,0,0,3,0,4,1,13,4,17,5,0,3,0,3,12,6,13,15,10,2,2,1,21,23.0,111.0,314.0,454.65000000000003,1733.362245149852,832.755,1.0,0.0,1.0,0.0,5.0,1.0
Everton,time_block,1983549,for,16-30,95,7,62,50,57,21,14,27,23,27,0,0,1,0,10,5,0,21,15,19,2,5,43,1,2,1,2,0,2,0,2,0,0,0,0,0,0,0,0,0,0,5,3,4,2,13,9,17,11,0,1,2,1,4,0,3,5,0,0,0,5,17,26.0,71.0,185.0,177.76500000000001,1092.0388512757193,1364.3700000000001,0.0,0.0,1.0,0.0,1.0,2.0
Everton,time_block,1983549,for,31-45,119,7,71,54,68,32,15,24,24,30,3,0,3,0,11,4,0,22,15,14,3,8,57,1,3,2,3,1,0,2,2,1,1,0,1,1,0,1,0,0,0,5,1,8,4,10,6,18,10,0,4,4,5,11,5,13,16,7,0,0,1,25,34.0,80.0,229.0,343.98,1292.44158707448,1465.3799999999999,0.0,4.0,1.0,1.0,7.0,3.0
Everton,time_block,1983549,for,46-60,117,8,80,68,78,36,15,29,48,20,4,2,6,2,6,3,0,33,28,22,11,13,58,2,5,3,6,2,1,3,3,3,2,0,1,1,0,1,0,0,0,3,0,4,2,9,4,13,6,0,2,1,1,9,3,7,10,4,0,1,2,19,31.0,90.0,212.0,348.49500000000006,1312.230168241247,1836.03,1.0,1.0,1.0,1.0,5.0,6.0
Everton,time_block,1983549,for,61-75,60,4,35,25,31,19,5,11,3,22,0,0,0,0,7,4,0,10,4,5,2,3,30,0,1,0,2,0,1,1,2,0,0,0,0,0,0,0,0,0,0,1,0,3,2,11,7,14,9,0,4,0,3,6,1,5,9,1,0,0,3,17,20.0,36.0,98.0,294.00000000000006,591.9102887116414,661.92,0.0,0.0,0.0,0.0,9.0,2.0
Everton,time_block,1983549,for,76+,112,4,63,50,58,28,10,25,19,31,1,0,2,0,12,7,0,26,22,20,5,6,43,0,1,1,2,1,0,1,1,1,1,0,0,0,0,0,0,0,0,8,0,7,6,20,7,27,13,0,4,1,8,12,3,11,20,9,1,2,3,26,37.0,69.0,186.0,484.05,1040.3441732910262,1483.965,1.0,1.0,2.0,1.0,12.0,2.0
Everton,game_state,1983549,against,-2 or worse,0,0,0,0,0,0,0,0,0,0,0,0,0,0,0,0,0,0,0,0,0,0,0,0,0,0,0,0,0,0,0,0,0,0,0,0,0,0,0,0,0,0,0,0,0,0,0,0,0,0,0,0,0,0,0,0,0,0,0,0,0,0,0.0,0.0,0.0,0.0,0.0,0.0,0.0,0.0,0.0,0.0,0.0,0.0
Everton,game_state,1983549,against,-1,0,0,0,0,0,0,0,0,0,0,0,0,0,0,0,0,0,0,0,0,0,0,0,0,0,0,0,0,0,0,0,0,0,0,0,0,0,0,0,0,0,0,0,0,0,0,0,0,0,0,0,0,0,0,0,0,0,0,0,0,0,0,0.0,0.0,0.0,0.0,0.0,0.0,0.0,0.0,0.0,0.0,0.0,0.0
Everton,game_state,1983549,against,Level,336,7,249,217,240,94,45,110,73,144,2,0,2,0,12,8,2,46,33,30,17,23,219,0,4,3,5,2,2,1,4,1,2,0,0,0,0,0,0,0,0,4,2,12,7,30,14,42,21,0,10,3,14,20,9,32,34,20,4,6,2,50,62.0,260.0,723.0,945.9449999999999,3959.0148188397698,2723.07,1.0,1.0,4.0,1.0,8.0,5.0
Everton,game_state,1983549,against,+1,100,1,67,52,65,31,16,20,17,35,0,0,0,0,8,1,0,14,9,9,5,5,58,0,1,1,1,0,1,0,1,0,0,0,0,0,0,0,0,0,0,1,0,7,4,6,1,13,5,0,1,2,9,5,0,5,14,5,0,2,0,22,26.0,71.0,201.0,143.745,995.0508442587706,1195.845,0.0,1.0,2.0,0.0,3.0,1.0
Everton,game_state,1983549,against,+2 or better,356,6,265,236,258,97,43,125,138,98,10,2,10,2,12,3,2,90,73,70,19,20,195,0,5,1,5,2,1,2,3,2,1,1,0,0,0,0,0,0,0,4,1,11,2,35,18,46,20,0,14,5,10,18,4,30,28,20,0,7,3,44,62.0,286.0,797.0,952.665,3850.072291411555,2729.265,0.0,1.0,5.0,1.0,13.0,5.0
Everton,game_state,1983549,for,-2 or worse,0,0,0,0,0,0,0,0,0,0,0,0,0,0,0,0,0,0,0,0,0,0,0,0,0,0,0,0,0,0,0,0,0,0,0,0,0,0,0,0,0,0,0,0,0,0,0,0,0,0,0,0,0,0,0,0,0,0,0,0,0,0,0.0,0.0,0.0,0.0,0.0,0.0,0.0,0.0,0.0,0.0,0.0,0.0
Everton,game_state,1983549,for,-1,0,0,0,0,0,0,0,0,0,0,0,0,0,0,0,0,0,0,0,0,0,0,0,0,0,0,0,0,0,0,0,0,0,0,0,0,0,0,0,0,0,0,0,0,0,0,0,0,0,0,0,0,0,0,0,0,0,0,0,0,0,0,0.0,0.0,0.0,0.0,0.0,0.0,0.0,0.0,0.0,0.0,0.0,0.0
Everton,game_state,1983549,for,Level,315,19,216,185,209,81,46,89,92,93,3,0,4,0,22,11,1,67,52,54,14,20,162,1,6,4,6,2,2,2,5,1,2,0,1,1,0,1,0,0,0,12,4,12,5,32,16,44,21,0,6,5,6,25,10,25,31,15,2,2,6,52,69.0,236.0,667.0,1003.2750000000001,3791.971849425835,3014.13,1.0,4.0,3.0,1.0,10.0,6.0
Everton,game_state,1983549,for,+1,89,3,54,40,50,25,12,17,25,15,4,1,6,1,10,3,0,20,15,12,5,6,42,3,4,2,5,1,1,3,2,3,1,0,1,1,0,1,0,0,0,1,0,7,3,6,5,13,8,0,3,1,3,7,4,8,10,5,0,0,2,18,31.0,64.0,139.0,140.175,882.4083416085791,1835.925,0.0,0.0,1.0,1.0,4.0,5.0
Everton,game_state,1983549,for,+2 or better,239,13,147,118,137,69,25,53,52,66,3,1,4,1,23,13,0,55,43,39,13,17,108,0,3,2,5,2,1,2,4,1,2,0,0,0,0,0,0,0,0,12,0,11,9,38,16,49,25,0,9,2,12,22,4,19,34,11,1,3,7,55,71.0,157.0,418.0,959.4900000000001,2387.9471227095514,2794.365,2.0,2.0,2.0,1.0,25.0,5.0
Everton,total,1983549,against,Season,792,14,581,505,563,222,104,255,228,277,12,2,12,2,32,12,4,150,115,109,41,48,472,0,10,5,11,4,4,3,8,3,3,1,0,0,0,0,0,0,0,9,3,30,13,71,33,101,46,0,25,10,33,43,13,67,76,45,4,15,5,116,150.0,617.0,1721.0,2042.355,8804.137954510095,6648.18,1.0,3.0,11.0,2.0,24.0,11.0
Everton,total,1983549,for,Season,643,35,417,343,396,175,83,159,169,174,10,2,14,2,55,27,1,142,110,105,32,43,312,4,13,8,16,5,4,7,11,5,5,0,2,2,0,2,0,0,0,25,4,30,17,76,37,106,54,0,18,8,21,54,18,52,75,31,3,5,15,125,171.0,457.0,1224.0,2102.94,7062.3273137439655,7644.42,3.0,6.0,6.0,3.0,39.0,16.0
Crystal Palace,time_block,1983549,against,0-15,140,5,106,96,104,39,24,43,52,44,2,0,2,0,9,4,1,30,26,25,9,8,81,0,1,1,1,1,0,0,1,0,1,0,0,0,0,0,0,0,0,3,0,4,1,13,4,17,5,0,3,0,3,12,6,13,15,10,2,2,1,21,23.0,111.0,314.0,454.65000000000003,1733.362245149852,832.755,1.0,0.0,1.0,0.0,5.0,1.0
Crystal Palace,time_block,1983549,against,16-30,95,7,62,50,57,21,14,27,23,27,0,0,1,0,10,5,0,21,15,19,2,5,43,1,2,1,2,0,2,0,2,0,0,0,0,0,0,0,0,0,0,5,3,4,2,13,9,17,11,0,1,2,1,4,0,3,5,0,0,0,5,17,26.0,71.0,185.0,177.76500000000001,1092.0388512757193,1364.3700000000001,0.0,0.0,1.0,0.0,1.0,2.0
Crystal Palace,time_block,1983549,against,31-45,119,7,71,54,68,32,15,24,24,30,3,0,3,0,11,4,0,22,15,14,3,8,57,1,3,2,3,1,0,2,2,1,1,0,1,1,0,1,0,0,0,5,1,8,4,10,6,18,10,0,4,4,5,11,5,13,16,7,0,0,1,25,34.0,80.0,229.0,343.98,1292.44158707448,1465.3799999999999,0.0,4.0,1.0,1.0,7.0,3.0
Crystal Palace,time_block,1983549,against,46-60,117,8,80,68,78,36,15,29,48,20,4,2,6,2,6,3,0,33,28,22,11,13,58,2,5,3,6,2,1,3,3,3,2,0,1,1,0,1,0,0,0,3,0,4,2,9,4,13,6,0,2,1,1,9,3,7,10,4,0,1,2,19,31.0,90.0,212.0,348.49500000000006,1312.230168241247,1836.03,1.0,1.0,1.0,1.0,5.0,6.0
Crystal Palace,time_block,1983549,against,61-75,60,4,35,25,31,19,5,11,3,22,0,0,0,0,7,4,0,10,4,5,2,3,30,0,1,0,2,0,1,1,2,0,0,0,0,0,0,0,0,0,0,1,0,3,2,11,7,14,9,0,4,0,3,6,1,5,9,1,0,0,3,17,20.0,36.0,98.0,294.00000000000006,591.9102887116414,661.92,0.0,0.0,0.0,0.0,9.0,2.0
Crystal Palace,time_block,1983549,against,76+,112,4,63,50,58,28,10,25,19,31,1,0,2,0,12,7,0,26,22,20,5,6,43,0,1,1,2,1,0,1,1,1,1,0,0,0,0,0,0,0,0,8,0,7,6,20,7,27,13,0,4,1,8,12,3,11,20,9,1,2,3,26,37.0,69.0,186.0,484.05,1040.3441732910262,1483.965,1.0,1.0,2.0,1.0,12.0,2.0
Crystal Palace,time_block,1983549,for,0-15,168,5,133,119,130,45,33,55,41,78,1,0,1,0,8,5,0,22,16,14,9,10,119,0,2,1,3,1,1,1,2,1,1,0,0,0,0,0,0,0,0,3,2,4,3,13,9,17,12,0,5,1,6,11,1,8,17,6,0,1,2,20,26.0,149.0,436.0,359.83500000000004,2322.5739497943046,1296.54,1.0,0.0,2.0,1.0,2.0,3.0
Crystal Palace,time_block,1983549,for,16-30,73,1,48,44,46,21,6,21,18,26,1,0,1,0,2,2,1,10,8,7,3,6,41,0,1,1,1,1,0,0,1,0,1,0,0,0,0,0,0,0,0,0,0,4,2,11,2,15,4,0,2,1,3,5,5,16,8,10,3,5,0,12,15.0,38.0,99.0,252.73499999999996,651.9160163715967,661.9200000000001,0.0,0.0,0.0,0.0,3.0,1.0
Crystal Palace,time_block,1983549,for,31-45,155,2,116,92,112,48,20,48,30,62,0,0,0,0,7,2,1,26,17,17,9,12,99,0,2,2,2,0,2,0,2,0,0,0,0,0,0,0,0,0,0,2,0,8,4,10,4,18,8,0,4,2,6,6,3,11,12,7,1,1,0,32,37.0,124.0,337.0,400.995,1710.5100888283262,1603.56,0.0,2.0,3.0,0.0,4.0,2.0
Crystal Palace,time_block,1983549,for,46-60,96,1,57,48,52,28,8,21,11,37,1,0,1,0,7,1,0,7,4,3,3,1,54,0,0,0,0,0,0,0,0,0,0,0,0,0,0,0,0,0,0,2,0,4,2,9,4,13,6,0,3,3,11,5,2,10,16,6,0,2,1,14,19.0,64.0,159.0,197.925,856.2577155219442,656.04,0.0,0.0,1.0,0.0,3.0,0.0
Crystal Palace,time_block,1983549,for,61-75,105,0,82,74,81,31,10,41,59,15,1,0,1,0,3,0,1,38,32,30,7,5,52,0,2,0,2,1,0,1,0,2,0,1,0,0,0,0,0,0,0,0,0,3,1,10,3,13,4,0,3,1,5,7,1,8,12,7,0,3,0,13,14.0,81.0,218.0,262.28999999999996,999.5679208509114,672.0,0.0,0.0,1.0,1.0,1.0,2.0
Crystal Palace,time_block,1983549,for,76+,195,5,145,128,142,49,27,69,69,59,8,2,8,2,5,2,1,47,38,38,10,14,107,0,3,1,3,1,1,1,3,0,1,0,0,0,0,0,0,0,0,2,1,7,1,18,11,25,12,0,8,2,2,9,1,14,11,9,0,3,2,25,39.0,161.0,472.0,568.575,2263.312263143012,1758.12,0.0,1.0,4.0,0.0,11.0,3.0
Crystal Palace,game_state,1983549,against,-2 or worse,239,13,147,118,137,69,25,53,52,66,3,1,4,1,23,13,0,55,43,39,13,17,108,0,3,2,5,2,1,2,4,1,2,0,0,0,0,0,0,0,0,12,0,11,9,38,16,49,25,0,9,2,12,22,4,19,34,11,1,3,7,55,71.0,157.0,418.0,959.4900000000001,2387.9471227095514,2794.365,2.0,2.0,2.0,1.0,25.0,5.0
Crystal Palace,game_state,1983549,against,-1,89,3,54,40,50,25,12,17,25,15,4,1,6,1,10,3,0,20,15,12,5,6,42,3,4,2,5,1,1,3,2,3,1,0,1,1,0,1,0,0,0,1,0,7,3,6,5,13,8,0,3,1,3,7,4,8,10,5,0,0,2,18,31.0,64.0,139.0,140.175,882.4083416085791,1835.925,0.0,0.0,1.0,1.0,4.0,5.0
Crystal Palace,game_state,1983549,against,Level,315,19,216,185,209,81,46,89,92,93,3,0,4,0,22,11,1,67,52,54,14,20,162,1,6,4,6,2,2,2,5,1,2,0,1,1,0,1,0,0,0,12,4,12,5,32,16,44,21,0,6,5,6,25,10,25,31,15,2,2,6,52,69.0,236.0,667.0,1003.2750000000001,3791.971849425835,3014.13,1.0,4.0,3.0,1.0,10.0,6.0
Crystal Palace,game_state,1983549,against,+1,0,0,0,0,0,0,0,0,0,0,0,0,0,0,0,0,0,0,0,0,0,0,0,0,0,0,0,0,0,0,0,0,0,0,0,0,0,0,0,0,0,0,0,0,0,0,0,0,0,0,0,0,0,0,0,0,0,0,0,0,0,0,0.0,0.0,0.0,0.0,0.0,0.0,0.0,0.0,0.0,0.0,0.0,0.0
Crystal Palace,game_state,1983549,against,+2 or better,0,0,0,0,0,0,0,0,0,0,0,0,0,0,0,0,0,0,0,0,0,0,0,0,0,0,0,0,0,0,0,0,0,0,0,0,0,0,0,0,0,0,0,0,0,0,0,0,0,0,0,0,0,0,0,0,0,0,0,0,0,0,0.0,0.0,0.0,0.0,0.0,0.0,0.0,0.0,0.0,0.0,0.0,0.0
Crystal Palace,game_state,1983549,for,-2 or worse,356,6,265,236,258,97,43,125,138,98,10,2,10,2,12,3,2,90,73,70,19,20,195,0,5,1,5,2,1,2,3,2,1,1,0,0,0,0,0,0,0,4,1,11,2,35,18,46,20,0,14,5,10,18,4,30,28,20,0,7,3,44,62.0,286.0,797.0,952.665,3850.072291411555,2729.265,0.0,1.0,5.0,1.0,13.0,5.0
Crystal Palace,game_state,1983549,for,-1,100,1,67,52,65,31,16,20,17,35,0,0,0,0,8,1,0,14,9,9,5,5,58,0,1,1,1,0,1,0,1,0,0,0,0,0,0,0,0,0,0,1,0,7,4,6,1,13,5,0,1,2,9,5,0,5,14,5,0,2,0,22,26.0,71.0,201.0,143.745,995.0508442587706,1195.845,0.0,1.0,2.0,0.0,3.0,1.0
Crystal Palace,game_state,1983549,for,Level,336,7,249,217,240,94,45,110,73,144,2,0,2,0,12,8,2,46,33,30,17,23,219,0,4,3,5,2,2,1,4,1,2,0,0,0,0,0,0,0,0,4,2,12,7,30,14,42,21,0,10,3,14,20,9,32,34,20,4,6,2,50,62.0,260.0,723.0,945.9449999999999,3959.0148188397698,2723.07,1.0,1.0,4.0,1.0,8.0,5.0
Crystal Palace,game_state,1983549,for,+1,0,0,0,0,0,0,0,0,0,0,0,0,0,0,0,0,0,0,0,0,0,0,0,0,0,0,0,0,0,0,0,0,0,0,0,0,0,0,0,0,0,0,0,0,0,0,0,0,0,0,0,0,0,0,0,0,0,0,0,0,0,0,0.0,0.0,0.0,0.0,0.0,0.0,0.0,0.0,0.0,0.0,0.0,0.0
Crystal Palace,game_state,1983549,for,+2 or better,0,0,0,0,0,0,0,0,0,0,0,0,0,0,0,0,0,0,0,0,0,0,0,0,0,0,0,0,0,0,0,0,0,0,0,0,0,0,0,0,0,0,0,0,0,0,0,0,0,0,0,0,0,0,0,0,0,0,0,0,0,0,0.0,0.0,0.0,0.0,0.0,0.0,0.0,0.0,0.0,0.0,0.0,0.0
Crystal Palace,total,1983549,against,Season,643,35,417,343,396,175,83,159,169,174,10,2,14,2,55,27,1,142,110,105,32,43,312,4,13,8,16,5,4,7,11,5,5,0,2,2,0,2,0,0,0,25,4,30,17,76,37,106,54,0,18,8,21,54,18,52,75,31,3,5,15,125,171.0,457.0,1224.0,2102.94,7062.3273137439655,7644.42,3.0,6.0,6.0,3.0,39.0,16.0
Crystal Palace,total,1983549,for,Season,792,14,581,505,563,222,104,255,228,277,12,2,12,2,32,12,4,150,115,109,41,48,472,0,10,5,11,4,4,3,8,3,3,1,0,0,0,0,0,0,0,9,3,30,13,71,33,101,46,0,25,10,33,43,13,67,76,45,4,15,5,116,150.0,617.0,1721.0,2042.355,8804.137954510095,6648.18,1.0,3.0,11.0,2.0,24.0,11.0
Fulham,time_block,1983550,against,0-15,109,5,75,65,74,28,22,25,41,24,0,0,0,0,11,4,1,20,14,12,8,9,63,1,4,2,5,2,0,3,3,2,2,0,1,1,0,1,0,0,0,2,0,5,3,10,2,15,5,0,2,2,6,8,2,10,14,6,1,3,0,17,24.0,81.0,172.0,16.17,1270.6533931942788,1211.07,1.0,3.0,1.0,0.0,5.0,5.0
Fulham,time_block,1983550,against,16-30,103,8,54,43,52,20,12,22,23,20,2,2,2,2,6,2,0,19,15,14,5,5,40,0,2,2,2,0,1,1,2,0,0,0,0,0,0,0,0,0,0,5,4,2,2,17,10,19,12,0,5,4,4,8,2,12,12,6,0,1,1,23,25.0,58.0,162.0,131.985,935.339278623611,1050.315,0.0,0.0,1.0,1.0,6.0,2.0
Fulham,time_block,1983550,against,31-45,126,6,92,83,90,34,24,34,46,37,2,1,4,1,7,5,0,19,14,13,6,12,79,2,4,2,6,3,1,2,4,2,3,0,1,1,0,1,0,0,0,2,0,3,0,11,8,14,8,0,5,0,1,10,3,8,11,6,0,0,3,18,27.0,105.0,283.0,278.25,1725.3945564706787,1514.205,1.0,1.0,1.0,0.0,5.0,7.0
Fulham,time_block,1983550,against,46-60,68,8,40,31,39,17,11,12,13,18,0,0,0,0,9,5,0,10,6,10,2,4,30,0,3,2,3,1,1,1,3,0,1,0,1,1,0,1,0,0,0,5,3,4,3,15,7,19,10,0,3,0,3,5,0,8,8,5,3,2,1,16,18.0,35.0,115.0,274.995,684.6635505658467,667.695,0.0,1.0,0.0,0.0,6.0,2.0
Fulham,time_block,1983550,against,61-75,102,8,72,62,67,29,16,27,37,25,4,1,4,1,9,4,0,17,11,13,7,13,59,0,0,0,1,0,1,0,0,1,0,0,0,0,0,0,0,0,0,2,2,3,1,15,9,18,10,0,3,0,2,4,2,8,6,7,2,1,4,15,20.0,78.0,197.0,419.05500000000006,1323.9149897831783,879.9,0.0,0.0,0.0,0.0,2.0,1.0
Fulham,time_block,1983550,against,76+,101,3,61,38,54,34,13,14,14,24,1,1,1,1,19,4,0,15,7,6,5,6,55,1,1,0,1,0,1,0,1,0,0,0,0,0,0,0,0,0,0,5,5,7,1,17,13,24,14,0,5,1,6,12,2,10,18,5,2,0,3,29,34.0,64.0,145.0,201.70499999999998,810.9635343184679,1264.62,0.0,2.0,0.0,0.0,10.0,1.0
Fulham,time_block,1983550,for,0-15,132,3,99,83,95,40,21,38,26,57,1,0,4,0,11,8,0,11,4,7,1,3,92,2,0,0,0,0,0,0,0,0,0,0,0,0,0,0,0,0,0,5,1,5,2,12,8,17,10,0,4,2,1,5,0,6,6,3,0,0,3,24,28.0,117.0,316.0,74.33999999999999,1834.6278151432768,1422.855,0.0,0.0,1.0,0.0,3.0,0.0
Fulham,time_block,1983550,for,16-30,158,11,118,101,114,41,34,43,46,55,3,1,4,2,7,1,0,35,28,29,10,8,89,2,5,4,6,2,1,3,4,2,1,1,1,1,0,1,0,0,0,4,0,2,0,17,7,19,7,0,6,2,3,10,1,14,13,8,4,1,1,27,33.0,113.0,298.0,84.42,1639.6600824406778,1887.69,0.0,0.0,1.0,0.0,5.0,6.0
Fulham,time_block,1983550,for,31-45,146,3,117,105,116,43,43,31,55,50,1,1,1,1,12,8,0,30,24,27,9,12,90,0,1,1,1,0,0,1,0,1,0,0,0,0,0,0,0,0,0,3,0,3,3,10,1,13,4,0,1,0,4,6,1,5,10,2,0,3,0,21,22.0,123.0,375.0,110.56500000000001,2118.566581523458,989.94,0.0,0.0,0.0,0.0,5.0,1.0
Fulham,time_block,1983550,for,46-60,130,5,100,91,97,42,33,25,57,34,3,1,4,1,9,4,0,33,27,25,12,13,75,1,0,0,2,2,0,0,2,0,2,0,1,1,0,1,0,0,0,5,3,4,1,16,8,20,9,0,3,2,2,5,0,9,7,4,3,1,2,15,23.0,109.0,304.0,269.53499999999997,1779.1395336639475,1202.46,0.0,0.0,0.0,0.0,3.0,2.0
Fulham,time_block,1983550,for,61-75,90,1,69,58,64,32,14,23,23,35,0,0,0,0,7,4,0,17,14,15,4,8,54,0,1,0,1,0,1,0,0,1,0,0,0,0,0,0,0,0,0,2,2,3,2,15,6,18,8,0,3,1,4,3,1,11,7,8,2,4,1,18,18.0,69.0,162.0,356.99999999999994,1011.0634617338327,537.18,1.0,0.0,0.0,0.0,3.0,1.0
Fulham,time_block,1983550,for,76+,173,2,136,115,132,52,27,57,45,70,3,0,4,0,18,9,0,30,20,16,9,7,120,1,3,3,4,2,1,1,1,3,1,1,0,0,0,0,0,0,0,6,2,7,6,18,4,25,10,0,2,1,3,11,2,13,14,8,5,3,0,32,40.0,147.0,364.0,540.4350000000001,2302.5347051909794,1753.71,0.0,1.0,0.0,0.0,9.0,4.0
Fulham,game_state,1983550,against,-2 or worse,18,1,10,7,9,5,1,4,0,7,0,0,0,0,2,1,0,3,1,1,1,1,9,0,0,0,0,0,0,0,0,0,0,0,0,0,0,0,0,0,0,1,1,1,1,4,3,5,4,0,1,0,1,2,0,1,3,1,0,0,1,5,5.0,11.0,27.0,68.35500000000002,160.36759296501094,112.98,0.0,0.0,0.0,0.0,3.0,0.0
Fulham,game_state,1983550,against,-1,477,28,318,262,304,130,80,108,142,120,6,3,6,3,48,17,1,84,56,59,26,41,259,2,9,4,11,2,4,5,7,4,2,0,1,1,0,1,0,0,0,18,13,20,7,68,38,88,45,0,17,5,19,36,8,44,55,28,8,6,8,90,107.0,337.0,854.0,1017.555,5324.261488562736,4790.835,2.0,5.0,2.0,0.0,22.0,11.0
Fulham,game_state,1983550,against,Level,114,9,66,53,63,27,17,22,32,21,3,2,5,2,11,6,0,13,10,8,6,7,58,2,5,4,7,4,1,2,6,1,4,0,2,2,0,2,0,0,0,2,0,3,2,13,8,16,10,0,5,2,2,9,3,11,11,6,0,1,3,23,36.0,73.0,193.0,236.25,1266.3002214283142,1683.99,0.0,2.0,1.0,1.0,9.0,7.0
Fulham,game_state,1983550,against,+1,0,0,0,0,0,0,0,0,0,0,0,0,0,0,0,0,0,0,0,0,0,0,0,0,0,0,0,0,0,0,0,0,0,0,0,0,0,0,0,0,0,0,0,0,0,0,0,0,0,0,0,0,0,0,0,0,0,0,0,0,0,0,0.0,0.0,0.0,0.0,0.0,0.0,0.0,0.0,0.0,0.0,0.0,0.0
Fulham,game_state,1983550,against,+2 or better,0,0,0,0,0,0,0,0,0,0,0,0,0,0,0,0,0,0,0,0,0,0,0,0,0,0,0,0,0,0,0,0,0,0,0,0,0,0,0,0,0,0,0,0,0,0,0,0,0,0,0,0,0,0,0,0,0,0,0,0,0,0,0.0,0.0,0.0,0.0,0.0,0.0,0.0,0.0,0.0,0.0,0.0,0.0
Fulham,game_state,1983550,for,-2 or worse,43,2,35,32,35,12,12,11,19,13,0,0,0,0,2,0,0,10,7,7,3,2,28,0,0,0,2,2,0,0,2,0,2,0,1,1,0,1,0,0,0,2,0,1,0,5,1,6,1,0,1,2,0,2,0,5,2,4,1,1,0,5,7.0,36.0,100.0,78.32999999999998,576.8623658614426,429.765,0.0,0.0,0.0,0.0,0.0,2.0
Fulham,game_state,1983550,for,-1,628,13,484,420,467,197,122,165,189,231,8,1,14,2,50,31,0,108,81,79,35,39,405,5,7,5,9,4,3,2,3,6,2,2,1,1,0,1,0,0,0,20,8,20,13,71,29,91,42,0,15,4,14,30,4,44,44,22,13,8,6,104,124.0,514.0,1368.0,1341.375,8114.548511135427,5580.645,1.0,1.0,1.0,0.0,24.0,9.0
Fulham,game_state,1983550,for,Level,158,10,120,101,116,41,38,41,44,57,3,2,3,2,12,3,0,38,29,33,7,10,87,1,3,3,3,0,0,3,2,1,0,0,0,0,0,0,0,0,0,3,0,3,1,12,4,15,5,0,3,2,3,8,1,9,11,7,0,3,1,28,33.0,128.0,351.0,16.590000000000003,1994.1813026993025,1783.425,0.0,0.0,1.0,0.0,4.0,3.0
Fulham,game_state,1983550,for,+1,0,0,0,0,0,0,0,0,0,0,0,0,0,0,0,0,0,0,0,0,0,0,0,0,0,0,0,0,0,0,0,0,0,0,0,0,0,0,0,0,0,0,0,0,0,0,0,0,0,0,0,0,0,0,0,0,0,0,0,0,0,0,0.0,0.0,0.0,0.0,0.0,0.0,0.0,0.0,0.0,0.0,0.0,0.0
Fulham,game_state,1983550,for,+2 or better,0,0,0,0,0,0,0,0,0,0,0,0,0,0,0,0,0,0,0,0,0,0,0,0,0,0,0,0,0,0,0,0,0,0,0,0,0,0,0,0,0,0,0,0,0,0,0,0,0,0,0,0,0,0,0,0,0,0,0,0,0,0,0.0,0.0,0.0,0.0,0.0,0.0,0.0,0.0,0.0,0.0,0.0,0.0
Fulham,total,1983550,against,Season,609,38,394,322,376,162,98,134,174,148,9,5,11,5,61,24,1,100,67,68,33,49,326,4,14,8,18,6,5,7,13,5,6,0,3,3,0,3,0,0,0,21,14,24,10,85,49,109,59,0,23,7,22,47,11,56,69,35,8,7,12,118,148.0,421.0,1074.0,1322.16,6750.929302956061,6587.805,2.0,7.0,3.0,1.0,34.0,18.0
Fulham,total,1983550,for,Season,829,25,639,553,618,250,172,217,252,301,11,3,17,4,64,34,0,156,117,119,45,51,520,6,10,8,14,6,3,5,7,7,4,2,2,2,0,2,0,0,0,25,8,24,14,88,34,112,48,0,19,8,17,40,5,58,57,33,14,12,7,137,164.0,678.0,1819.0,1436.295,10685.592179696172,7793.835,1.0,1.0,2.0,0.0,28.0,14.0
Chelsea,time_block,1983550,against,0-15,132,3,99,83,95,40,21,38,26,57,1,0,4,0,11,8,0,11,4,7,1,3,92,2,0,0,0,0,0,0,0,0,0,0,0,0,0,0,0,0,0,5,1,5,2,12,8,17,10,0,4,2,1,5,0,6,6,3,0,0,3,24,28.0,117.0,316.0,74.33999999999999,1834.6278151432768,1422.855,0.0,0.0,1.0,0.0,3.0,0.0
Chelsea,time_block,1983550,against,16-30,158,11,118,101,114,41,34,43,46,55,3,1,4,2,7,1,0,35,28,29,10,8,89,2,5,4,6,2,1,3,4,2,1,1,1,1,0,1,0,0,0,4,0,2,0,17,7,19,7,0,6,2,3,10,1,14,13,8,4,1,1,27,33.0,113.0,298.0,84.42,1639.6600824406778,1887.69,0.0,0.0,1.0,0.0,5.0,6.0
Chelsea,time_block,1983550,against,31-45,146,3,117,105,116,43,43,31,55,50,1,1,1,1,12,8,0,30,24,27,9,12,90,0,1,1,1,0,0,1,0,1,0,0,0,0,0,0,0,0,0,3,0,3,3,10,1,13,4,0,1,0,4,6,1,5,10,2,0,3,0,21,22.0,123.0,375.0,110.56500000000001,2118.566581523458,989.94,0.0,0.0,0.0,0.0,5.0,1.0
Chelsea,time_block,1983550,against,46-60,130,5,100,91,97,42,33,25,57,34,3,1,4,1,9,4,0,33,27,25,12,13,75,1,0,0,2,2,0,0,2,0,2,0,1,1,0,1,0,0,0,5,3,4,1,16,8,20,9,0,3,2,2,5,0,9,7,4,3,1,2,15,23.0,109.0,304.0,269.53499999999997,1779.1395336639475,1202.46,0.0,0.0,0.0,0.0,3.0,2.0
Chelsea,time_block,1983550,against,61-75,90,1,69,58,64,32,14,23,23,35,0,0,0,0,7,4,0,17,14,15,4,8,54,0,1,0,1,0,1,0,0,1,0,0,0,0,0,0,0,0,0,2,2,3,2,15,6,18,8,0,3,1,4,3,1,11,7,8,2,4,1,18,18.0,69.0,162.0,356.99999999999994,1011.0634617338327,537.18,1.0,0.0,0.0,0.0,3.0,1.0
Chelsea,time_block,1983550,against,76+,173,2,136,115,132,52,27,57,45,70,3,0,4,0,18,9,0,30,20,16,9,7,120,1,3,3,4,2,1,1,1,3,1,1,0,0,0,0,0,0,0,6,2,7,6,18,4,25,10,0,2,1,3,11,2,13,14,8,5,3,0,32,40.0,147.0,364.0,540.4350000000001,2302.5347051909794,1753.71,0.0,1.0,0.0,0.0,9.0,4.0
Chelsea,time_block,1983550,for,0-15,109,5,75,65,74,28,22,25,41,24,0,0,0,0,11,4,1,20,14,12,8,9,63,1,4,2,5,2,0,3,3,2,2,0,1,1,0,1,0,0,0,2,0,5,3,10,2,15,5,0,2,2,6,8,2,10,14,6,1,3,0,17,24.0,81.0,172.0,16.17,1270.6533931942788,1211.07,1.0,3.0,1.0,0.0,5.0,5.0
Chelsea,time_block,1983550,for,16-30,103,8,54,43,52,20,12,22,23,20,2,2,2,2,6,2,0,19,15,14,5,5,40,0,2,2,2,0,1,1,2,0,0,0,0,0,0,0,0,0,0,5,4,2,2,17,10,19,12,0,5,4,4,8,2,12,12,6,0,1,1,23,25.0,58.0,162.0,131.985,935.339278623611,1050.315,0.0,0.0,1.0,1.0,6.0,2.0
Chelsea,time_block,1983550,for,31-45,126,6,92,83,90,34,24,34,46,37,2,1,4,1,7,5,0,19,14,13,6,12,79,2,4,2,6,3,1,2,4,2,3,0,1,1,0,1,0,0,0,2,0,3,0,11,8,14,8,0,5,0,1,10,3,8,11,6,0,0,3,18,27.0,105.0,283.0,278.25,1725.3945564706787,1514.205,1.0,1.0,1.0,0.0,5.0,7.0
Chelsea,time_block,1983550,for,46-60,68,8,40,31,39,17,11,12,13,18,0,0,0,0,9,5,0,10,6,10,2,4,30,0,3,2,3,1,1,1,3,0,1,0,1,1,0,1,0,0,0,5,3,4,3,15,7,19,10,0,3,0,3,5,0,8,8,5,3,2,1,16,18.0,35.0,115.0,274.995,684.6635505658467,667.695,0.0,1.0,0.0,0.0,6.0,2.0
Chelsea,time_block,1983550,for,61-75,102,8,72,62,67,29,16,27,37,25,4,1,4,1,9,4,0,17,11,13,7,13,59,0,0,0,1,0,1,0,0,1,0,0,0,0,0,0,0,0,0,2,2,3,1,15,9,18,10,0,3,0,2,4,2,8,6,7,2,1,4,15,20.0,78.0,197.0,419.05500000000006,1323.9149897831783,879.9,0.0,0.0,0.0,0.0,2.0,1.0
Chelsea,time_block,1983550,for,76+,101,3,61,38,54,34,13,14,14,24,1,1,1,1,19,4,0,15,7,6,5,6,55,1,1,0,1,0,1,0,1,0,0,0,0,0,0,0,0,0,0,5,5,7,1,17,13,24,14,0,5,1,6,12,2,10,18,5,2,0,3,29,34.0,64.0,145.0,201.70499999999998,810.9635343184679,1264.62,0.0,2.0,0.0,0.0,10.0,1.0
Chelsea,game_state,1983550,against,-2 or worse,0,0,0,0,0,0,0,0,0,0,0,0,0,0,0,0,0,0,0,0,0,0,0,0,0,0,0,0,0,0,0,0,0,0,0,0,0,0,0,0,0,0,0,0,0,0,0,0,0,0,0,0,0,0,0,0,0,0,0,0,0,0,0.0,0.0,0.0,0.0,0.0,0.0,0.0,0.0,0.0,0.0,0.0,0.0
Chelsea,game_state,1983550,against,-1,0,0,0,0,0,0,0,0,0,0,0,0,0,0,0,0,0,0,0,0,0,0,0,0,0,0,0,0,0,0,0,0,0,0,0,0,0,0,0,0,0,0,0,0,0,0,0,0,0,0,0,0,0,0,0,0,0,0,0,0,0,0,0.0,0.0,0.0,0.0,0.0,0.0,0.0,0.0,0.0,0.0,0.0,0.0
Chelsea,game_state,1983550,against,Level,158,10,120,101,116,41,38,41,44,57,3,2,3,2,12,3,0,38,29,33,7,10,87,1,3,3,3,0,0,3,2,1,0,0,0,0,0,0,0,0,0,3,0,3,1,12,4,15,5,0,3,2,3,8,1,9,11,7,0,3,1,28,33.0,128.0,351.0,16.590000000000003,1994.1813026993025,1783.425,0.0,0.0,1.0,0.0,4.0,3.0
Chelsea,game_state,1983550,against,+1,628,13,484,420,467,197,122,165,189,231,8,1,14,2,50,31,0,108,81,79,35,39,405,5,7,5,9,4,3,2,3,6,2,2,1,1,0,1,0,0,0,20,8,20,13,71,29,91,42,0,15,4,14,30,4,44,44,22,13,8,6,104,124.0,514.0,1368.0,1341.375,8114.548511135427,5580.645,1.0,1.0,1.0,0.0,24.0,9.0
Chelsea,game_state,1983550,against,+2 or better,43,2,35,32,35,12,12,11,19,13,0,0,0,0,2,0,0,10,7,7,3,2,28,0,0,0,2,2,0,0,2,0,2,0,1,1,0,1,0,0,0,2,0,1,0,5,1,6,1,0,1,2,0,2,0,5,2,4,1,1,0,5,7.0,36.0,100.0,78.32999999999998,576.8623658614426,429.765,0.0,0.0,0.0,0.0,0.0,2.0
Chelsea,game_state,1983550,for,-2 or worse,0,0,0,0,0,0,0,0,0,0,0,0,0,0,0,0,0,0,0,0,0,0,0,0,0,0,0,0,0,0,0,0,0,0,0,0,0,0,0,0,0,0,0,0,0,0,0,0,0,0,0,0,0,0,0,0,0,0,0,0,0,0,0.0,0.0,0.0,0.0,0.0,0.0,0.0,0.0,0.0,0.0,0.0,0.0
Chelsea,game_state,1983550,for,-1,0,0,0,0,0,0,0,0,0,0,0,0,0,0,0,0,0,0,0,0,0,0,0,0,0,0,0,0,0,0,0,0,0,0,0,0,0,0,0,0,0,0,0,0,0,0,0,0,0,0,0,0,0,0,0,0,0,0,0,0,0,0,0.0,0.0,0.0,0.0,0.0,0.0,0.0,0.0,0.0,0.0,0.0,0.0
Chelsea,game_state,1983550,for,Level,114,9,66,53,63,27,17,22,32,21,3,2,5,2,11,6,0,13,10,8,6,7,58,2,5,4,7,4,1,2,6,1,4,0,2,2,0,2,0,0,0,2,0,3,2,13,8,16,10,0,5,2,2,9,3,11,11,6,0,1,3,23,36.0,73.0,193.0,236.25,1266.3002214283142,1683.99,0.0,2.0,1.0,1.0,9.0,7.0
Chelsea,game_state,1983550,for,+1,477,28,318,262,304,130,80,108,142,120,6,3,6,3,48,17,1,84,56,59,26,41,259,2,9,4,11,2,4,5,7,4,2,0,1,1,0,1,0,0,0,18,13,20,7,68,38,88,45,0,17,5,19,36,8,44,55,28,8,6,8,90,107.0,337.0,854.0,1017.555,5324.261488562736,4790.835,2.0,5.0,2.0,0.0,22.0,11.0
Chelsea,game_state,1983550,for,+2 or better,18,1,10,7,9,5,1,4,0,7,0,0,0,0,2,1,0,3,1,1,1,1,9,0,0,0,0,0,0,0,0,0,0,0,0,0,0,0,0,0,0,1,1,1,1,4,3,5,4,0,1,0,1,2,0,1,3,1,0,0,1,5,5.0,11.0,27.0,68.35500000000002,160.36759296501094,112.98,0.0,0.0,0.0,0.0,3.0,0.0
Chelsea,total,1983550,against,Season,829,25,639,553,618,250,172,217,252,301,11,3,17,4,64,34,0,156,117,119,45,51,520,6,10,8,14,6,3,5,7,7,4,2,2,2,0,2,0,0,0,25,8,24,14,88,34,112,48,0,19,8,17,40,5,58,57,33,14,12,7,137,164.0,678.0,1819.0,1436.295,10685.592179696172,7793.835,1.0,1.0,2.0,0.0,28.0,14.0
Chelsea,total,1983550,for,Season,609,38,394,322,376,162,98,134,174,148,9,5,11,5,61,24,1,100,67,68,33,49,326,4,14,8,18,6,5,7,13,5,6,0,3,3,0,3,0,0,0,21,14,24,10,85,49,109,59,0,23,7,22,47,11,56,69,35,8,7,12,118,148.0,421.0,1074.0,1322.16,6750.929302956061,6587.805,2.0,7.0,3.0,1.0,34.0,18.0
Sunderland,time_block,1983551,against,0-15,103,1,66,50,63,33,16,17,23,27,2,1,2,1,10,2,0,20,15,12,7,5,54,0,2,1,2,1,0,1,1,1,1,0,0,0,0,0,0,0,0,4,0,7,4,17,5,24,9,1,2,1,3,7,3,11,10,8,2,3,2,26,30.0,75.0,220.0,186.16500000000002,1054.2079331182283,1200.78,0.0,0.0,1.0,0.0,7.0,2.0
Sunderland,time_block,1983551,against,16-30,82,5,38,33,35,14,13,11,19,14,2,1,2,1,4,4,0,7,5,6,3,4,32,0,3,3,3,1,2,0,3,0,1,0,1,1,0,1,0,0,0,7,5,7,5,23,15,30,20,0,7,2,8,5,0,14,13,7,3,2,3,10,16.0,44.0,159.0,341.77500000000003,926.0761366544216,639.66,0.0,0.0,0.0,0.0,4.0,3.0
Sunderland,time_block,1983551,against,31-45,81,3,56,42,52,28,11,17,10,32,1,0,1,0,10,5,0,12,5,4,3,4,52,0,0,0,0,0,0,0,0,0,0,0,0,0,0,0,0,0,0,3,1,2,1,15,5,17,6,0,4,1,4,5,0,11,9,7,4,2,0,20,23.0,61.0,148.0,190.05,877.290895261718,900.0600000000001,1.0,1.0,0.0,0.0,3.0,0.0
Sunderland,time_block,1983551,against,46-60,101,7,63,54,59,30,14,19,28,26,4,2,5,3,6,2,0,19,14,13,7,7,50,1,2,2,2,0,2,0,2,0,0,0,0,0,0,0,0,0,0,6,4,1,0,14,9,15,9,0,3,2,5,8,0,6,13,5,0,1,2,18,22.0,71.0,186.0,378.31500000000005,1256.3073020606796,980.49,0.0,1.0,1.0,0.0,4.0,2.0
Sunderland,time_block,1983551,against,61-75,66,4,37,25,34,17,13,7,2,23,2,0,4,0,7,1,0,8,2,3,0,2,34,1,0,0,1,0,1,0,1,0,0,0,0,0,0,0,0,0,0,1,1,2,0,10,7,12,7,0,3,2,6,9,2,9,15,6,1,1,3,13,22.0,44.0,147.0,70.875,548.611185537713,1025.01,0.0,0.0,0.0,0.0,5.0,1.0
Sunderland,time_block,1983551,against,76+,103,1,73,58,69,35,20,18,23,35,0,0,1,0,14,4,0,21,10,10,5,10,63,1,2,2,2,1,1,0,1,1,1,0,1,1,0,1,0,0,0,0,0,8,4,10,7,18,11,0,3,1,8,8,1,8,16,5,0,3,4,18,24.0,76.0,196.0,220.08,1160.234581864183,1003.6949999999999,0.0,1.0,1.0,1.0,6.0,2.0
Sunderland,time_block,1983551,for,0-15,106,3,66,49,61,26,14,26,6,43,1,0,2,0,11,4,1,11,4,3,3,2,63,1,1,1,2,0,1,1,1,1,0,0,0,0,0,0,0,0,0,2,2,7,3,15,11,22,14,0,6,1,5,5,0,9,10,8,0,2,3,22,31.0,79.0,188.0,206.22000000000003,1188.4962043893397,1351.56,0.0,1.0,0.0,0.0,3.0,2.0
Sunderland,time_block,1983551,for,16-30,128,3,96,89,94,39,24,33,47,42,3,1,5,2,11,8,1,30,24,22,9,10,74,2,3,2,3,1,1,1,2,1,1,0,0,0,0,0,0,0,0,5,3,7,2,21,6,28,8,0,1,2,0,5,0,11,5,6,5,3,2,16,23.0,106.0,264.0,158.76,1673.274226995667,1431.78,0.0,1.0,0.0,0.0,0.0,3.0
Sunderland,time_block,1983551,for,31-45,161,5,118,111,115,46,35,37,26,85,6,2,6,2,6,3,0,16,13,12,4,8,106,1,2,1,3,1,1,1,1,2,0,1,1,0,1,1,0,0,0,5,4,2,1,15,10,17,11,0,4,3,3,11,4,12,14,8,1,0,2,12,25.0,136.0,384.0,303.45,2075.7793041401137,1244.67,1.0,0.0,2.0,0.0,2.0,3.0
Sunderland,time_block,1983551,for,46-60,127,5,100,88,96,42,33,25,48,40,2,0,2,0,8,4,0,40,31,35,8,13,65,0,1,1,1,0,0,1,1,0,0,0,0,0,0,0,0,0,0,2,0,1,1,14,5,15,6,0,4,2,2,5,1,13,7,5,4,2,1,18,24.0,104.0,302.0,279.82500000000005,1537.7264444178138,1161.195,1.0,1.0,1.0,1.0,3.0,1.0
Sunderland,time_block,1983551,for,61-75,107,2,81,73,80,35,22,24,30,43,3,0,3,0,7,5,0,15,11,9,7,12,72,0,0,0,0,0,0,0,0,0,0,0,0,0,0,0,0,0,0,3,1,2,2,10,3,12,5,0,1,1,3,10,0,6,13,2,1,3,1,16,23.0,80.0,215.0,267.855,1267.7481243646798,1068.06,0.0,0.0,1.0,0.0,4.0,0.0
Sunderland,time_block,1983551,for,76+,121,0,96,79,92,46,21,29,36,43,4,0,5,0,14,8,0,27,16,13,10,12,83,1,1,0,2,1,0,1,0,2,0,1,0,0,0,0,0,0,0,1,0,8,4,10,3,18,7,0,0,0,0,4,0,4,4,4,0,4,3,21,31.0,108.0,295.0,378.105,1739.1720403910433,1476.195,0.0,0.0,1.0,0.0,5.0,2.0
Sunderland,game_state,1983551,against,-2 or worse,0,0,0,0,0,0,0,0,0,0,0,0,0,0,0,0,0,0,0,0,0,0,0,0,0,0,0,0,0,0,0,0,0,0,0,0,0,0,0,0,0,0,0,0,0,0,0,0,0,0,0,0,0,0,0,0,0,0,0,0,0,0,0.0,0.0,0.0,0.0,0.0,0.0,0.0,0.0,0.0,0.0,0.0,0.0
Sunderland,game_state,1983551,against,-1,95,4,52,44,48,23,12,17,19,25,3,1,3,1,7,5,0,8,6,4,5,5,48,0,3,3,3,0,3,0,2,1,0,0,0,0,0,0,0,0,0,4,2,8,4,22,12,30,16,0,8,1,7,6,1,17,13,9,5,2,2,13,17.0,59.0,170.0,266.49,1012.6861133196631,618.135,1.0,1.0,0.0,0.0,2.0,3.0
Sunderland,game_state,1983551,against,Level,441,17,281,218,264,134,75,72,86,132,8,3,12,4,44,13,0,79,45,44,20,27,237,3,6,5,7,3,3,1,6,1,3,0,2,2,0,2,0,0,0,17,9,19,10,67,36,86,46,1,14,8,27,36,5,42,63,29,5,10,12,92,120.0,312.0,886.0,1120.77,4810.0419211772805,5131.56,0.0,2.0,3.0,1.0,27.0,7.0
Sunderland,game_state,1983551,against,+1,0,0,0,0,0,0,0,0,0,0,0,0,0,0,0,0,0,0,0,0,0,0,0,0,0,0,0,0,0,0,0,0,0,0,0,0,0,0,0,0,0,0,0,0,0,0,0,0,0,0,0,0,0,0,0,0,0,0,0,0,0,0,0.0,0.0,0.0,0.0,0.0,0.0,0.0,0.0,0.0,0.0,0.0,0.0
Sunderland,game_state,1983551,against,+2 or better,0,0,0,0,0,0,0,0,0,0,0,0,0,0,0,0,0,0,0,0,0,0,0,0,0,0,0,0,0,0,0,0,0,0,0,0,0,0,0,0,0,0,0,0,0,0,0,0,0,0,0,0,0,0,0,0,0,0,0,0,0,0,0.0,0.0,0.0,0.0,0.0,0.0,0.0,0.0,0.0,0.0,0.0,0.0
Sunderland,game_state,1983551,for,-2 or worse,0,0,0,0,0,0,0,0,0,0,0,0,0,0,0,0,0,0,0,0,0,0,0,0,0,0,0,0,0,0,0,0,0,0,0,0,0,0,0,0,0,0,0,0,0,0,0,0,0,0,0,0,0,0,0,0,0,0,0,0,0,0,0.0,0.0,0.0,0.0,0.0,0.0,0.0,0.0,0.0,0.0,0.0,0.0
Sunderland,game_state,1983551,for,-1,168,4,119,112,115,50,27,42,54,58,8,2,9,3,11,10,0,38,33,26,14,13,93,2,4,2,6,2,1,3,2,4,1,1,1,0,1,1,0,0,0,7,5,8,4,21,9,29,13,0,2,1,2,5,2,9,7,7,2,2,2,16,32.0,134.0,388.0,451.18500000000006,2316.7678500832026,1841.07,0.0,1.0,1.0,0.0,0.0,6.0
Sunderland,game_state,1983551,for,Level,582,14,438,377,423,184,122,132,139,238,11,1,14,1,46,22,2,101,66,68,27,44,370,3,4,3,5,1,2,2,3,2,0,1,0,0,0,0,0,0,0,11,5,19,9,64,29,83,38,0,14,8,11,35,3,46,46,26,9,12,10,89,125.0,479.0,1260.0,1143.03,7165.428494615455,5892.39,2.0,2.0,4.0,1.0,17.0,5.0
Sunderland,game_state,1983551,for,+1,0,0,0,0,0,0,0,0,0,0,0,0,0,0,0,0,0,0,0,0,0,0,0,0,0,0,0,0,0,0,0,0,0,0,0,0,0,0,0,0,0,0,0,0,0,0,0,0,0,0,0,0,0,0,0,0,0,0,0,0,0,0,0.0,0.0,0.0,0.0,0.0,0.0,0.0,0.0,0.0,0.0,0.0,0.0
Sunderland,game_state,1983551,for,+2 or better,0,0,0,0,0,0,0,0,0,0,0,0,0,0,0,0,0,0,0,0,0,0,0,0,0,0,0,0,0,0,0,0,0,0,0,0,0,0,0,0,0,0,0,0,0,0,0,0,0,0,0,0,0,0,0,0,0,0,0,0,0,0,0.0,0.0,0.0,0.0,0.0,0.0,0.0,0.0,0.0,0.0,0.0,0.0
Sunderland,total,1983551,against,Season,536,21,333,262,312,157,87,89,105,157,11,4,15,5,51,18,0,87,51,48,25,32,285,3,9,8,10,3,6,1,8,2,3,0,2,2,0,2,0,0,0,21,11,27,14,89,48,116,62,1,22,9,34,42,6,59,76,38,10,12,14,105,137.0,371.0,1056.0,1387.26,5822.728034496944,5749.695,1.0,3.0,3.0,1.0,29.0,10.0
Sunderland,total,1983551,for,Season,750,18,557,489,538,234,149,174,193,296,19,3,23,4,57,32,2,139,99,94,41,57,463,5,8,5,11,3,3,5,5,6,1,2,1,0,1,1,0,0,0,18,10,27,13,85,38,112,51,0,16,9,13,40,5,55,53,33,11,14,12,105,157.0,613.0,1648.0,1594.2150000000001,9482.196344698657,7733.46,2.0,3.0,5.0,1.0,17.0,11.0
Ipswich,time_block,1983551,against,0-15,106,3,66,49,61,26,14,26,6,43,1,0,2,0,11,4,1,11,4,3,3,2,63,1,1,1,2,0,1,1,1,1,0,0,0,0,0,0,0,0,0,2,2,7,3,15,11,22,14,0,6,1,5,5,0,9,10,8,0,2,3,22,31.0,79.0,188.0,206.22000000000003,1188.4962043893397,1351.56,0.0,1.0,0.0,0.0,3.0,2.0
Ipswich,time_block,1983551,against,16-30,128,3,96,89,94,39,24,33,47,42,3,1,5,2,11,8,1,30,24,22,9,10,74,2,3,2,3,1,1,1,2,1,1,0,0,0,0,0,0,0,0,5,3,7,2,21,6,28,8,0,1,2,0,5,0,11,5,6,5,3,2,16,23.0,106.0,264.0,158.76,1673.274226995667,1431.78,0.0,1.0,0.0,0.0,0.0,3.0
Ipswich,time_block,1983551,against,31-45,161,5,118,111,115,46,35,37,26,85,6,2,6,2,6,3,0,16,13,12,4,8,106,1,2,1,3,1,1,1,1,2,0,1,1,0,1,1,0,0,0,5,4,2,1,15,10,17,11,0,4,3,3,11,4,12,14,8,1,0,2,12,25.0,136.0,384.0,303.45,2075.7793041401137,1244.67,1.0,0.0,2.0,0.0,2.0,3.0
Ipswich,time_block,1983551,against,46-60,127,5,100,88,96,42,33,25,48,40,2,0,2,0,8,4,0,40,31,35,8,13,65,0,1,1,1,0,0,1,1,0,0,0,0,0,0,0,0,0,0,2,0,1,1,14,5,15,6,0,4,2,2,5,1,13,7,5,4,2,1,18,24.0,104.0,302.0,279.82500000000005,1537.7264444178138,1161.195,1.0,1.0,1.0,1.0,3.0,1.0
Ipswich,time_block,1983551,against,61-75,107,2,81,73,80,35,22,24,30,43,3,0,3,0,7,5,0,15,11,9,7,12,72,0,0,0,0,0,0,0,0,0,0,0,0,0,0,0,0,0,0,3,1,2,2,10,3,12,5,0,1,1,3,10,0,6,13,2,1,3,1,16,23.0,80.0,215.0,267.855,1267.7481243646798,1068.06,0.0,0.0,1.0,0.0,4.0,0.0
Ipswich,time_block,1983551,against,76+,121,0,96,79,92,46,21,29,36,43,4,0,5,0,14,8,0,27,16,13,10,12,83,1,1,0,2,1,0,1,0,2,0,1,0,0,0,0,0,0,0,1,0,8,4,10,3,18,7,0,0,0,0,4,0,4,4,4,0,4,3,21,31.0,108.0,295.0,378.105,1739.1720403910433,1476.195,0.0,0.0,1.0,0.0,5.0,2.0
Ipswich,time_block,1983551,for,0-15,103,1,66,50,63,33,16,17,23,27,2,1,2,1,10,2,0,20,15,12,7,5,54,0,2,1,2,1,0,1,1,1,1,0,0,0,0,0,0,0,0,4,0,7,4,17,5,24,9,1,2,1,3,7,3,11,10,8,2,3,2,26,30.0,75.0,220.0,186.16500000000002,1054.2079331182283,1200.78,0.0,0.0,1.0,0.0,7.0,2.0
Ipswich,time_block,1983551,for,16-30,82,5,38,33,35,14,13,11,19,14,2,1,2,1,4,4,0,7,5,6,3,4,32,0,3,3,3,1,2,0,3,0,1,0,1,1,0,1,0,0,0,7,5,7,5,23,15,30,20,0,7,2,8,5,0,14,13,7,3,2,3,10,16.0,44.0,159.0,341.77500000000003,926.0761366544216,639.66,0.0,0.0,0.0,0.0,4.0,3.0
Ipswich,time_block,1983551,for,31-45,81,3,56,42,52,28,11,17,10,32,1,0,1,0,10,5,0,12,5,4,3,4,52,0,0,0,0,0,0,0,0,0,0,0,0,0,0,0,0,0,0,3,1,2,1,15,5,17,6,0,4,1,4,5,0,11,9,7,4,2,0,20,23.0,61.0,148.0,190.05,877.290895261718,900.0600000000001,1.0,1.0,0.0,0.0,3.0,0.0
Ipswich,time_block,1983551,for,46-60,101,7,63,54,59,30,14,19,28,26,4,2,5,3,6,2,0,19,14,13,7,7,50,1,2,2,2,0,2,0,2,0,0,0,0,0,0,0,0,0,0,6,4,1,0,14,9,15,9,0,3,2,5,8,0,6,13,5,0,1,2,18,22.0,71.0,186.0,378.31500000000005,1256.3073020606796,980.49,0.0,1.0,1.0,0.0,4.0,2.0
Ipswich,time_block,1983551,for,61-75,66,4,37,25,34,17,13,7,2,23,2,0,4,0,7,1,0,8,2,3,0,2,34,1,0,0,1,0,1,0,1,0,0,0,0,0,0,0,0,0,0,1,1,2,0,10,7,12,7,0,3,2,6,9,2,9,15,6,1,1,3,13,22.0,44.0,147.0,70.875,548.611185537713,1025.01,0.0,0.0,0.0,0.0,5.0,1.0
Ipswich,time_block,1983551,for,76+,103,1,73,58,69,35,20,18,23,35,0,0,1,0,14,4,0,21,10,10,5,10,63,1,2,2,2,1,1,0,1,1,1,0,1,1,0,1,0,0,0,0,0,8,4,10,7,18,11,0,3,1,8,8,1,8,16,5,0,3,4,18,24.0,76.0,196.0,220.08,1160.234581864183,1003.6949999999999,0.0,1.0,1.0,1.0,6.0,2.0
Ipswich,game_state,1983551,against,-2 or worse,0,0,0,0,0,0,0,0,0,0,0,0,0,0,0,0,0,0,0,0,0,0,0,0,0,0,0,0,0,0,0,0,0,0,0,0,0,0,0,0,0,0,0,0,0,0,0,0,0,0,0,0,0,0,0,0,0,0,0,0,0,0,0.0,0.0,0.0,0.0,0.0,0.0,0.0,0.0,0.0,0.0,0.0,0.0
Ipswich,game_state,1983551,against,-1,0,0,0,0,0,0,0,0,0,0,0,0,0,0,0,0,0,0,0,0,0,0,0,0,0,0,0,0,0,0,0,0,0,0,0,0,0,0,0,0,0,0,0,0,0,0,0,0,0,0,0,0,0,0,0,0,0,0,0,0,0,0,0.0,0.0,0.0,0.0,0.0,0.0,0.0,0.0,0.0,0.0,0.0,0.0
Ipswich,game_state,1983551,against,Level,582,14,438,377,423,184,122,132,139,238,11,1,14,1,46,22,2,101,66,68,27,44,370,3,4,3,5,1,2,2,3,2,0,1,0,0,0,0,0,0,0,11,5,19,9,64,29,83,38,0,14,8,11,35,3,46,46,26,9,12,10,89,125.0,479.0,1260.0,1143.03,7165.428494615455,5892.39,2.0,2.0,4.0,1.0,17.0,5.0
Ipswich,game_state,1983551,against,+1,168,4,119,112,115,50,27,42,54,58,8,2,9,3,11,10,0,38,33,26,14,13,93,2,4,2,6,2,1,3,2,4,1,1,1,0,1,1,0,0,0,7,5,8,4,21,9,29,13,0,2,1,2,5,2,9,7,7,2,2,2,16,32.0,134.0,388.0,451.18500000000006,2316.7678500832026,1841.07,0.0,1.0,1.0,0.0,0.0,6.0
Ipswich,game_state,1983551,against,+2 or better,0,0,0,0,0,0,0,0,0,0,0,0,0,0,0,0,0,0,0,0,0,0,0,0,0,0,0,0,0,0,0,0,0,0,0,0,0,0,0,0,0,0,0,0,0,0,0,0,0,0,0,0,0,0,0,0,0,0,0,0,0,0,0.0,0.0,0.0,0.0,0.0,0.0,0.0,0.0,0.0,0.0,0.0,0.0
Ipswich,game_state,1983551,for,-2 or worse,0,0,0,0,0,0,0,0,0,0,0,0,0,0,0,0,0,0,0,0,0,0,0,0,0,0,0,0,0,0,0,0,0,0,0,0,0,0,0,0,0,0,0,0,0,0,0,0,0,0,0,0,0,0,0,0,0,0,0,0,0,0,0.0,0.0,0.0,0.0,0.0,0.0,0.0,0.0,0.0,0.0,0.0,0.0
Ipswich,game_state,1983551,for,-1,0,0,0,0,0,0,0,0,0,0,0,0,0,0,0,0,0,0,0,0,0,0,0,0,0,0,0,0,0,0,0,0,0,0,0,0,0,0,0,0,0,0,0,0,0,0,0,0,0,0,0,0,0,0,0,0,0,0,0,0,0,0,0.0,0.0,0.0,0.0,0.0,0.0,0.0,0.0,0.0,0.0,0.0,0.0
Ipswich,game_state,1983551,for,Level,441,17,281,218,264,134,75,72,86,132,8,3,12,4,44,13,0,79,45,44,20,27,237,3,6,5,7,3,3,1,6,1,3,0,2,2,0,2,0,0,0,17,9,19,10,67,36,86,46,1,14,8,27,36,5,42,63,29,5,10,12,92,120.0,312.0,886.0,1120.77,4810.0419211772805,5131.56,0.0,2.0,3.0,1.0,27.0,7.0
Ipswich,game_state,1983551,for,+1,95,4,52,44,48,23,12,17,19,25,3,1,3,1,7,5,0,8,6,4,5,5,48,0,3,3,3,0,3,0,2,1,0,0,0,0,0,0,0,0,0,4,2,8,4,22,12,30,16,0,8,1,7,6,1,17,13,9,5,2,2,13,17.0,59.0,170.0,266.49,1012.6861133196631,618.135,1.0,1.0,0.0,0.0,2.0,3.0
Ipswich,game_state,1983551,for,+2 or better,0,0,0,0,0,0,0,0,0,0,0,0,0,0,0,0,0,0,0,0,0,0,0,0,0,0,0,0,0,0,0,0,0,0,0,0,0,0,0,0,0,0,0,0,0,0,0,0,0,0,0,0,0,0,0,0,0,0,0,0,0,0,0.0,0.0,0.0,0.0,0.0,0.0,0.0,0.0,0.0,0.0,0.0,0.0
Ipswich,total,1983551,against,Season,750,18,557,489,538,234,149,174,193,296,19,3,23,4,57,32,2,139,99,94,41,57,463,5,8,5,11,3,3,5,5,6,1,2,1,0,1,1,0,0,0,18,10,27,13,85,38,112,51,0,16,9,13,40,5,55,53,33,11,14,12,105,157.0,613.0,1648.0,1594.2150000000001,9482.196344698657,7733.46,2.0,3.0,5.0,1.0,17.0,11.0
Ipswich,total,1983551,for,Season,536,21,333,262,312,157,87,89,105,157,11,4,15,5,51,18,0,87,51,48,25,32,285,3,9,8,10,3,6,1,8,2,3,0,2,2,0,2,0,0,0,21,11,27,14,89,48,116,62,1,22,9,34,42,6,59,76,38,10,12,14,105,137.0,371.0,1056.0,1387.26,5822.728034496944,5749.695,1.0,3.0,3.0,1.0,29.0,10.0
Leeds,time_block,1983552,against,0-15,107,0,68,48,64,30,20,18,11,37,0,0,0,0,16,7,0,7,3,2,3,5,66,0,0,0,0,0,0,0,0,0,0,0,0,0,0,0,0,0,0,7,2,12,7,14,5,26,12,0,3,0,8,4,2,9,12,7,0,4,0,28,34.0,77.0,198.0,119.49000000000001,1257.7857316417726,1114.365,0.0,0.0,0.0,0.0,15.0,0.0
Leeds,time_block,1983552,against,16-30,74,4,46,33,44,17,12,17,14,19,2,0,3,0,8,3,0,8,4,6,2,2,40,0,1,1,2,1,1,0,1,1,1,0,0,0,0,0,0,0,0,1,1,7,3,7,3,14,6,0,1,0,4,6,1,5,10,3,1,2,1,17,23.0,55.0,129.0,147.94500000000005,888.806302684633,1179.3600000000001,0.0,0.0,0.0,0.0,3.0,2.0
Leeds,time_block,1983552,against,31-45,120,4,83,66,79,44,19,20,23,43,3,1,4,1,13,4,1,23,15,9,8,11,74,1,3,2,3,1,2,0,2,1,0,1,0,0,0,0,0,0,0,2,1,10,6,14,6,24,12,0,1,0,5,8,1,6,13,4,0,4,4,27,33.0,92.0,232.0,166.11,1405.7128371588894,1647.135,0.0,0.0,1.0,0.0,10.0,3.0
Leeds,time_block,1983552,against,46-60,103,4,73,57,68,39,13,21,32,25,3,1,3,1,14,6,0,32,22,21,9,14,52,0,2,1,1,0,1,0,1,0,0,0,0,0,0,0,0,0,0,4,1,10,5,12,3,22,8,0,0,1,2,6,2,8,8,5,3,2,2,21,27.0,82.0,210.0,387.87,1257.3627516754907,1103.445,1.0,1.0,1.0,0.0,5.0,2.0
Leeds,time_block,1983552,against,61-75,109,8,65,56,62,26,16,23,27,29,3,1,6,2,5,3,1,22,16,15,6,8,50,2,3,2,5,0,3,2,2,3,0,0,0,0,0,0,0,0,0,7,4,8,3,16,11,24,14,0,3,0,7,8,0,3,15,2,0,0,4,15,27.0,73.0,166.0,193.935,1162.4788835691286,1532.895,0.0,0.0,0.0,0.0,6.0,4.0
Leeds,time_block,1983552,against,76+,104,2,76,61,75,33,26,17,29,32,2,0,3,0,15,5,0,18,12,15,5,6,61,0,0,0,1,0,1,0,0,1,0,0,0,0,0,0,0,0,0,1,1,7,5,12,4,19,9,0,0,1,6,6,1,8,12,5,3,3,3,19,22.0,82.0,186.0,7.770000000000005,1234.050165275581,1082.445,0.0,0.0,0.0,0.0,3.0,1.0
Leeds,time_block,1983552,for,0-15,118,1,87,61,83,38,25,24,24,37,1,0,2,0,18,9,0,30,14,19,6,9,68,0,0,0,1,0,0,1,0,1,0,0,0,0,0,0,0,0,0,1,0,12,5,14,9,26,14,0,5,3,1,9,1,11,10,8,2,0,4,32,36.0,91.0,232.0,93.44999999999999,1374.118061534823,2141.37,0.0,0.0,3.0,0.0,2.0,1.0
Leeds,time_block,1983552,for,16-30,71,3,42,30,39,20,10,12,14,16,0,0,1,1,4,2,0,14,5,6,4,3,36,1,1,1,2,0,0,2,2,0,0,0,0,0,0,0,0,0,0,2,1,7,4,7,4,14,8,0,1,2,6,6,2,7,12,5,1,1,2,16,20.0,47.0,115.0,215.88000000000005,800.4292158675029,1040.97,0.0,0.0,0.0,0.0,1.0,2.0
Leeds,time_block,1983552,for,31-45,88,1,55,41,50,30,9,16,11,30,2,0,2,0,13,7,0,15,8,5,6,5,50,0,0,0,1,0,0,1,1,0,0,0,0,0,0,0,0,0,0,0,0,10,4,14,8,24,12,0,4,5,7,6,0,14,13,12,1,4,4,18,27.0,61.0,179.0,401.41499999999996,1015.3265600810164,1143.45,0.0,0.0,0.0,0.0,5.0,1.0
Leeds,time_block,1983552,for,46-60,95,3,64,50,60,36,14,14,11,39,0,0,0,0,8,4,0,14,6,6,3,6,58,0,2,1,4,1,2,1,1,3,0,1,0,0,0,0,0,0,0,3,3,10,5,12,9,22,14,0,4,0,7,7,0,7,14,5,1,2,2,15,26.0,65.0,158.0,408.03,1039.9283088641644,1218.63,1.0,1.0,1.0,0.0,4.0,4.0
Leeds,time_block,1983552,for,61-75,55,3,32,18,28,18,5,9,2,16,1,1,2,1,8,1,0,8,1,2,0,0,30,1,1,1,1,1,0,0,1,0,1,0,0,0,0,0,0,0,0,3,0,8,5,14,3,22,8,0,3,4,5,5,1,16,10,13,4,4,0,18,20.0,36.0,62.0,56.70000000000003,496.192667689048,954.66,0.0,0.0,1.0,0.0,2.0,1.0
Leeds,time_block,1983552,for,76+,73,4,46,32,41,23,8,15,14,18,1,1,1,1,7,1,0,11,4,4,3,5,42,0,1,1,2,1,0,1,1,1,0,1,1,0,1,1,0,0,0,3,3,7,2,12,8,19,10,0,2,1,7,3,1,8,10,4,1,3,3,16,21.0,51.0,123.0,136.81500000000003,761.999752020119,950.355,0.0,0.0,1.0,1.0,1.0,2.0
Leeds,game_state,1983552,against,-2 or worse,0,0,0,0,0,0,0,0,0,0,0,0,0,0,0,0,0,0,0,0,0,0,0,0,0,0,0,0,0,0,0,0,0,0,0,0,0,0,0,0,0,0,0,0,0,0,0,0,0,0,0,0,0,0,0,0,0,0,0,0,0,0,0.0,0.0,0.0,0.0,0.0,0.0,0.0,0.0,0.0,0.0,0.0,0.0
Leeds,game_state,1983552,against,-1,0,0,0,0,0,0,0,0,0,0,0,0,0,0,0,0,0,0,0,0,0,0,0,0,0,0,0,0,0,0,0,0,0,0,0,0,0,0,0,0,0,0,0,0,0,0,0,0,0,0,0,0,0,0,0,0,0,0,0,0,0,0,0.0,0.0,0.0,0.0,0.0,0.0,0.0,0.0,0.0,0.0,0.0,0.0
Leeds,game_state,1983552,against,Level,581,22,388,304,369,180,100,108,128,176,12,3,18,4,65,27,2,104,70,65,32,45,323,3,9,6,11,2,7,2,6,5,1,1,0,0,0,0,0,0,0,22,10,50,26,71,31,121,57,0,8,2,31,36,6,37,67,24,7,14,13,118,157.0,435.0,1057.0,1049.265,6841.385693105302,7183.47,1.0,1.0,2.0,0.0,41.0,11.0
Leeds,game_state,1983552,against,+1,36,0,23,17,23,9,6,8,8,9,1,0,1,0,6,1,0,6,2,3,1,1,20,0,0,0,1,0,1,0,0,1,0,0,0,0,0,0,0,0,0,0,0,4,3,4,1,8,4,0,0,0,1,2,1,2,3,2,0,1,1,9,9.0,26.0,64.0,-26.145000000000003,364.8109789001933,476.17499999999995,0.0,0.0,0.0,0.0,1.0,1.0
Leeds,game_state,1983552,against,+2 or better,0,0,0,0,0,0,0,0,0,0,0,0,0,0,0,0,0,0,0,0,0,0,0,0,0,0,0,0,0,0,0,0,0,0,0,0,0,0,0,0,0,0,0,0,0,0,0,0,0,0,0,0,0,0,0,0,0,0,0,0,0,0,0.0,0.0,0.0,0.0,0.0,0.0,0.0,0.0,0.0,0.0,0.0,0.0
Leeds,game_state,1983552,for,-2 or worse,0,0,0,0,0,0,0,0,0,0,0,0,0,0,0,0,0,0,0,0,0,0,0,0,0,0,0,0,0,0,0,0,0,0,0,0,0,0,0,0,0,0,0,0,0,0,0,0,0,0,0,0,0,0,0,0,0,0,0,0,0,0,0.0,0.0,0.0,0.0,0.0,0.0,0.0,0.0,0.0,0.0,0.0,0.0
Leeds,game_state,1983552,for,-1,0,0,0,0,0,0,0,0,0,0,0,0,0,0,0,0,0,0,0,0,0,0,0,0,0,0,0,0,0,0,0,0,0,0,0,0,0,0,0,0,0,0,0,0,0,0,0,0,0,0,0,0,0,0,0,0,0,0,0,0,0,0,0.0,0.0,0.0,0.0,0.0,0.0,0.0,0.0,0.0,0.0,0.0,0.0
Leeds,game_state,1983552,for,Level,485,15,320,231,297,160,71,89,75,156,5,2,8,3,55,24,0,89,37,41,21,28,279,2,5,4,11,3,2,6,6,5,1,2,1,0,1,1,0,0,0,12,7,50,24,69,38,119,62,0,17,15,28,35,5,60,63,45,10,13,14,109,144.0,345.0,862.0,1306.305,5469.132220634863,7247.94,1.0,1.0,6.0,1.0,15.0,11.0
Leeds,game_state,1983552,for,+1,15,0,6,1,4,5,0,1,1,0,0,0,0,0,3,0,0,3,1,1,1,0,5,0,0,0,0,0,0,0,0,0,0,0,0,0,0,0,0,0,0,0,0,4,1,4,3,8,4,0,2,0,5,1,0,3,6,2,0,1,1,6,6.0,6.0,7.0,5.984999999999996,18.862345421810442,201.495,0.0,0.0,0.0,0.0,0.0,0.0
Leeds,game_state,1983552,for,+2 or better,0,0,0,0,0,0,0,0,0,0,0,0,0,0,0,0,0,0,0,0,0,0,0,0,0,0,0,0,0,0,0,0,0,0,0,0,0,0,0,0,0,0,0,0,0,0,0,0,0,0,0,0,0,0,0,0,0,0,0,0,0,0,0.0,0.0,0.0,0.0,0.0,0.0,0.0,0.0,0.0,0.0,0.0,0.0
Leeds,total,1983552,against,Season,617,22,411,321,392,189,106,116,136,185,13,3,19,4,71,28,2,110,72,68,33,46,343,3,9,6,12,2,8,2,6,6,1,1,0,0,0,0,0,0,0,22,10,54,29,75,32,129,61,0,8,2,32,38,7,39,70,26,7,15,14,127,166.0,461.0,1121.0,1023.1200000000001,7206.196672005496,7659.6449999999995,1.0,1.0,2.0,0.0,42.0,12.0
Leeds,total,1983552,for,Season,500,15,326,232,301,165,71,90,76,156,5,2,8,3,58,24,0,92,38,42,22,28,284,2,5,4,11,3,2,6,6,5,1,2,1,0,1,1,0,0,0,12,7,54,25,73,41,127,66,0,19,15,33,36,5,63,69,47,10,14,15,115,150.0,351.0,869.0,1312.29,5487.994566056674,7449.435,1.0,1.0,6.0,1.0,15.0,11.0
Nottingham Forest,time_block,1983552,against,0-15,118,1,87,61,83,38,25,24,24,37,1,0,2,0,18,9,0,30,14,19,6,9,68,0,0,0,1,0,0,1,0,1,0,0,0,0,0,0,0,0,0,1,0,12,5,14,9,26,14,0,5,3,1,9,1,11,10,8,2,0,4,32,36.0,91.0,232.0,93.44999999999999,1374.118061534823,2141.37,0.0,0.0,3.0,0.0,2.0,1.0
Nottingham Forest,time_block,1983552,against,16-30,71,3,42,30,39,20,10,12,14,16,0,0,1,1,4,2,0,14,5,6,4,3,36,1,1,1,2,0,0,2,2,0,0,0,0,0,0,0,0,0,0,2,1,7,4,7,4,14,8,0,1,2,6,6,2,7,12,5,1,1,2,16,20.0,47.0,115.0,215.88000000000005,800.4292158675029,1040.97,0.0,0.0,0.0,0.0,1.0,2.0
Nottingham Forest,time_block,1983552,against,31-45,88,1,55,41,50,30,9,16,11,30,2,0,2,0,13,7,0,15,8,5,6,5,50,0,0,0,1,0,0,1,1,0,0,0,0,0,0,0,0,0,0,0,0,10,4,14,8,24,12,0,4,5,7,6,0,14,13,12,1,4,4,18,27.0,61.0,179.0,401.41499999999996,1015.3265600810164,1143.45,0.0,0.0,0.0,0.0,5.0,1.0
Nottingham Forest,time_block,1983552,against,46-60,95,3,64,50,60,36,14,14,11,39,0,0,0,0,8,4,0,14,6,6,3,6,58,0,2,1,4,1,2,1,1,3,0,1,0,0,0,0,0,0,0,3,3,10,5,12,9,22,14,0,4,0,7,7,0,7,14,5,1,2,2,15,26.0,65.0,158.0,408.03,1039.9283088641644,1218.63,1.0,1.0,1.0,0.0,4.0,4.0
Nottingham Forest,time_block,1983552,against,61-75,55,3,32,18,28,18,5,9,2,16,1,1,2,1,8,1,0,8,1,2,0,0,30,1,1,1,1,1,0,0,1,0,1,0,0,0,0,0,0,0,0,3,0,8,5,14,3,22,8,0,3,4,5,5,1,16,10,13,4,4,0,18,20.0,36.0,62.0,56.70000000000003,496.192667689048,954.66,0.0,0.0,1.0,0.0,2.0,1.0
Nottingham Forest,time_block,1983552,against,76+,73,4,46,32,41,23,8,15,14,18,1,1,1,1,7,1,0,11,4,4,3,5,42,0,1,1,2,1,0,1,1,1,0,1,1,0,1,1,0,0,0,3,3,7,2,12,8,19,10,0,2,1,7,3,1,8,10,4,1,3,3,16,21.0,51.0,123.0,136.81500000000003,761.999752020119,950.355,0.0,0.0,1.0,1.0,1.0,2.0
Nottingham Forest,time_block,1983552,for,0-15,107,0,68,48,64,30,20,18,11,37,0,0,0,0,16,7,0,7,3,2,3,5,66,0,0,0,0,0,0,0,0,0,0,0,0,0,0,0,0,0,0,7,2,12,7,14,5,26,12,0,3,0,8,4,2,9,12,7,0,4,0,28,34.0,77.0,198.0,119.49000000000001,1257.7857316417726,1114.365,0.0,0.0,0.0,0.0,15.0,0.0
Nottingham Forest,time_block,1983552,for,16-30,74,4,46,33,44,17,12,17,14,19,2,0,3,0,8,3,0,8,4,6,2,2,40,0,1,1,2,1,1,0,1,1,1,0,0,0,0,0,0,0,0,1,1,7,3,7,3,14,6,0,1,0,4,6,1,5,10,3,1,2,1,17,23.0,55.0,129.0,147.94500000000005,888.806302684633,1179.3600000000001,0.0,0.0,0.0,0.0,3.0,2.0
Nottingham Forest,time_block,1983552,for,31-45,120,4,83,66,79,44,19,20,23,43,3,1,4,1,13,4,1,23,15,9,8,11,74,1,3,2,3,1,2,0,2,1,0,1,0,0,0,0,0,0,0,2,1,10,6,14,6,24,12,0,1,0,5,8,1,6,13,4,0,4,4,27,33.0,92.0,232.0,166.11,1405.7128371588894,1647.135,0.0,0.0,1.0,0.0,10.0,3.0
Nottingham Forest,time_block,1983552,for,46-60,103,4,73,57,68,39,13,21,32,25,3,1,3,1,14,6,0,32,22,21,9,14,52,0,2,1,1,0,1,0,1,0,0,0,0,0,0,0,0,0,0,4,1,10,5,12,3,22,8,0,0,1,2,6,2,8,8,5,3,2,2,21,27.0,82.0,210.0,387.87,1257.3627516754907,1103.445,1.0,1.0,1.0,0.0,5.0,2.0
Nottingham Forest,time_block,1983552,for,61-75,109,8,65,56,62,26,16,23,27,29,3,1,6,2,5,3,1,22,16,15,6,8,50,2,3,2,5,0,3,2,2,3,0,0,0,0,0,0,0,0,0,7,4,8,3,16,11,24,14,0,3,0,7,8,0,3,15,2,0,0,4,15,27.0,73.0,166.0,193.935,1162.4788835691286,1532.895,0.0,0.0,0.0,0.0,6.0,4.0
Nottingham Forest,time_block,1983552,for,76+,104,2,76,61,75,33,26,17,29,32,2,0,3,0,15,5,0,18,12,15,5,6,61,0,0,0,1,0,1,0,0,1,0,0,0,0,0,0,0,0,0,1,1,7,5,12,4,19,9,0,0,1,6,6,1,8,12,5,3,3,3,19,22.0,82.0,186.0,7.770000000000005,1234.050165275581,1082.445,0.0,0.0,0.0,0.0,3.0,1.0
Nottingham Forest,game_state,1983552,against,-2 or worse,0,0,0,0,0,0,0,0,0,0,0,0,0,0,0,0,0,0,0,0,0,0,0,0,0,0,0,0,0,0,0,0,0,0,0,0,0,0,0,0,0,0,0,0,0,0,0,0,0,0,0,0,0,0,0,0,0,0,0,0,0,0,0.0,0.0,0.0,0.0,0.0,0.0,0.0,0.0,0.0,0.0,0.0,0.0
Nottingham Forest,game_state,1983552,against,-1,15,0,6,1,4,5,0,1,1,0,0,0,0,0,3,0,0,3,1,1,1,0,5,0,0,0,0,0,0,0,0,0,0,0,0,0,0,0,0,0,0,0,0,4,1,4,3,8,4,0,2,0,5,1,0,3,6,2,0,1,1,6,6.0,6.0,7.0,5.984999999999996,18.862345421810442,201.495,0.0,0.0,0.0,0.0,0.0,0.0
Nottingham Forest,game_state,1983552,against,Level,485,15,320,231,297,160,71,89,75,156,5,2,8,3,55,24,0,89,37,41,21,28,279,2,5,4,11,3,2,6,6,5,1,2,1,0,1,1,0,0,0,12,7,50,24,69,38,119,62,0,17,15,28,35,5,60,63,45,10,13,14,109,144.0,345.0,862.0,1306.305,5469.132220634863,7247.94,1.0,1.0,6.0,1.0,15.0,11.0
Nottingham Forest,game_state,1983552,against,+1,0,0,0,0,0,0,0,0,0,0,0,0,0,0,0,0,0,0,0,0,0,0,0,0,0,0,0,0,0,0,0,0,0,0,0,0,0,0,0,0,0,0,0,0,0,0,0,0,0,0,0,0,0,0,0,0,0,0,0,0,0,0,0.0,0.0,0.0,0.0,0.0,0.0,0.0,0.0,0.0,0.0,0.0,0.0
Nottingham Forest,game_state,1983552,against,+2 or better,0,0,0,0,0,0,0,0,0,0,0,0,0,0,0,0,0,0,0,0,0,0,0,0,0,0,0,0,0,0,0,0,0,0,0,0,0,0,0,0,0,0,0,0,0,0,0,0,0,0,0,0,0,0,0,0,0,0,0,0,0,0,0.0,0.0,0.0,0.0,0.0,0.0,0.0,0.0,0.0,0.0,0.0,0.0
Nottingham Forest,game_state,1983552,for,-2 or worse,0,0,0,0,0,0,0,0,0,0,0,0,0,0,0,0,0,0,0,0,0,0,0,0,0,0,0,0,0,0,0,0,0,0,0,0,0,0,0,0,0,0,0,0,0,0,0,0,0,0,0,0,0,0,0,0,0,0,0,0,0,0,0.0,0.0,0.0,0.0,0.0,0.0,0.0,0.0,0.0,0.0,0.0,0.0
Nottingham Forest,game_state,1983552,for,-1,36,0,23,17,23,9,6,8,8,9,1,0,1,0,6,1,0,6,2,3,1,1,20,0,0,0,1,0,1,0,0,1,0,0,0,0,0,0,0,0,0,0,0,4,3,4,1,8,4,0,0,0,1,2,1,2,3,2,0,1,1,9,9.0,26.0,64.0,-26.145000000000003,364.8109789001933,476.17499999999995,0.0,0.0,0.0,0.0,1.0,1.0
Nottingham Forest,game_state,1983552,for,Level,581,22,388,304,369,180,100,108,128,176,12,3,18,4,65,27,2,104,70,65,32,45,323,3,9,6,11,2,7,2,6,5,1,1,0,0,0,0,0,0,0,22,10,50,26,71,31,121,57,0,8,2,31,36,6,37,67,24,7,14,13,118,157.0,435.0,1057.0,1049.265,6841.385693105302,7183.47,1.0,1.0,2.0,0.0,41.0,11.0
Nottingham Forest,game_state,1983552,for,+1,0,0,0,0,0,0,0,0,0,0,0,0,0,0,0,0,0,0,0,0,0,0,0,0,0,0,0,0,0,0,0,0,0,0,0,0,0,0,0,0,0,0,0,0,0,0,0,0,0,0,0,0,0,0,0,0,0,0,0,0,0,0,0.0,0.0,0.0,0.0,0.0,0.0,0.0,0.0,0.0,0.0,0.0,0.0
Nottingham Forest,game_state,1983552,for,+2 or better,0,0,0,0,0,0,0,0,0,0,0,0,0,0,0,0,0,0,0,0,0,0,0,0,0,0,0,0,0,0,0,0,0,0,0,0,0,0,0,0,0,0,0,0,0,0,0,0,0,0,0,0,0,0,0,0,0,0,0,0,0,0,0.0,0.0,0.0,0.0,0.0,0.0,0.0,0.0,0.0,0.0,0.0,0.0
Nottingham Forest,total,1983552,against,Season,500,15,326,232,301,165,71,90,76,156,5,2,8,3,58,24,0,92,38,42,22,28,284,2,5,4,11,3,2,6,6,5,1,2,1,0,1,1,0,0,0,12,7,54,25,73,41,127,66,0,19,15,33,36,5,63,69,47,10,14,15,115,150.0,351.0,869.0,1312.29,5487.994566056674,7449.435,1.0,1.0,6.0,1.0,15.0,11.0
Nottingham Forest,total,1983552,for,Season,617,22,411,321,392,189,106,116,136,185,13,3,19,4,71,28,2,110,72,68,33,46,343,3,9,6,12,2,8,2,6,6,1,1,0,0,0,0,0,0,0,22,10,54,29,75,32,129,61,0,8,2,32,38,7,39,70,26,7,15,14,127,166.0,461.0,1121.0,1023.1200000000001,7206.196672005496,7659.6449999999995,1.0,1.0,2.0,0.0,42.0,12.0
Tottenham,time_block,1983553,against,0-15,120,7,87,74,85,38,17,32,38,36,2,1,4,3,9,6,1,28,20,21,5,12,66,2,4,3,5,1,2,2,3,2,1,0,1,1,0,1,0,0,0,5,1,8,6,12,5,20,11,0,3,2,0,9,0,8,9,5,0,3,1,19,25.0,95.0,274.0,347.13000000000005,1678.8572651641932,1471.05,1.0,0.0,3.0,0.0,1.0,5.0
Tottenham,time_block,1983553,against,16-30,101,4,69,63,62,29,16,24,25,38,2,0,3,1,8,5,0,13,12,9,7,10,60,0,1,1,1,0,1,0,1,0,0,0,0,0,0,0,0,0,0,3,1,5,4,14,6,19,10,0,1,3,2,8,0,7,10,5,0,3,4,16,21.0,74.0,209.0,230.36999999999995,1179.6155039287812,992.355,0.0,0.0,0.0,0.0,2.0,1.0
Tottenham,time_block,1983553,against,31-45,105,3,79,63,75,37,18,24,11,52,3,2,3,2,11,6,1,19,10,8,7,8,71,0,3,2,5,2,2,1,3,2,1,1,1,1,0,1,0,0,0,2,0,6,4,18,7,24,11,0,4,3,2,13,1,17,15,11,7,2,3,18,26.0,84.0,231.0,296.52,1486.7171707735122,1223.355,0.0,0.0,1.0,1.0,4.0,5.0
Tottenham,time_block,1983553,against,46-60,68,13,30,23,28,15,7,8,5,18,2,0,3,1,6,4,0,12,7,7,3,3,23,1,2,2,6,2,2,2,6,0,2,0,1,1,0,1,0,0,0,3,1,5,1,12,4,17,5,0,1,3,6,3,2,11,9,6,4,1,2,13,25.0,35.0,106.0,223.545,656.5134683966332,1508.115,0.0,0.0,0.0,0.0,5.0,6.0
Tottenham,time_block,1983553,against,61-75,82,5,46,33,43,23,11,12,14,19,2,1,3,2,9,2,0,19,12,12,3,5,34,1,2,2,2,1,1,0,1,1,1,0,0,0,0,0,0,0,0,5,2,5,2,18,9,23,11,0,4,4,2,12,1,12,14,6,1,2,3,22,27.0,54.0,134.0,107.72999999999999,758.4066676955744,1344.525,0.0,0.0,3.0,2.0,9.0,3.0
Tottenham,time_block,1983553,against,76+,89,7,49,40,45,26,7,16,19,21,3,0,5,2,5,2,0,15,13,13,2,9,36,3,6,6,7,2,3,2,6,1,2,0,0,0,0,0,0,0,0,2,1,7,6,17,8,24,14,0,6,1,4,12,2,15,16,10,0,6,1,17,26.0,53.0,146.0,329.385,892.9491560488285,1244.04,0.0,1.0,2.0,0.0,6.0,6.0
Tottenham,time_block,1983553,for,0-15,75,0,44,38,38,19,9,16,6,32,1,0,1,0,6,4,0,6,5,3,2,2,41,0,1,0,2,0,1,1,0,2,0,0,0,0,0,0,0,0,0,4,0,8,2,13,5,21,7,0,2,2,6,6,2,8,12,4,1,1,3,16,20.0,46.0,118.0,222.915,732.637174847076,689.9549999999999,0.0,0.0,0.0,0.0,4.0,2.0
Tottenham,time_block,1983553,for,16-30,114,1,92,79,86,38,26,28,38,41,1,0,1,0,9,3,1,26,18,23,6,10,69,0,0,0,0,0,0,0,0,0,0,0,0,0,0,0,0,0,0,1,0,5,1,14,7,19,8,0,4,0,4,7,2,11,11,9,1,4,3,16,18.0,97.0,244.0,221.97,1453.5129684576038,633.36,0.0,0.0,2.0,0.0,3.0,0.0
Tottenham,time_block,1983553,for,31-45,141,2,110,93,106,40,27,43,48,45,1,0,1,0,8,3,0,37,29,29,11,15,81,0,0,0,1,0,1,0,0,1,0,0,0,0,0,0,0,0,0,11,7,6,2,18,10,24,12,0,1,2,3,9,1,7,12,6,0,3,2,24,24.0,112.0,319.0,271.32000000000005,1601.7145385444057,955.185,0.0,0.0,0.0,0.0,3.0,1.0
Tottenham,time_block,1983553,for,46-60,124,6,88,78,86,35,23,30,54,24,3,2,3,2,2,1,0,29,24,26,7,13,62,1,3,2,3,3,0,0,2,1,2,1,0,0,0,0,0,0,0,5,4,5,4,12,7,17,11,0,2,0,6,6,1,6,12,3,1,2,1,13,23.0,105.0,292.0,288.435,1584.6447537845613,1117.7250000000001,3.0,0.0,0.0,0.0,6.0,4.0
Tottenham,time_block,1983553,for,61-75,124,3,90,78,86,32,20,38,44,34,3,0,3,0,5,2,0,22,19,16,7,12,74,1,1,1,1,1,0,0,1,0,1,0,0,0,0,0,0,0,0,3,1,5,3,18,9,23,12,0,6,0,2,7,0,11,9,8,2,3,2,19,24.0,87.0,239.0,222.81000000000003,1260.8670381917398,1019.13,0.0,0.0,3.0,0.0,7.0,0.0
Tottenham,time_block,1983553,for,76+,171,5,125,116,115,46,27,52,78,38,3,1,5,1,3,1,0,38,34,29,15,15,96,1,1,0,2,0,1,1,1,1,0,0,0,0,0,0,0,0,0,6,0,7,1,20,9,27,10,0,3,0,3,4,2,7,7,5,1,1,6,21,29.0,135.0,351.0,485.62499999999994,1942.0596480057345,1338.12,1.0,0.0,3.0,0.0,2.0,2.0
Tottenham,game_state,1983553,against,-2 or worse,329,27,194,150,181,96,39,59,47,103,10,3,14,7,30,14,1,64,42,40,15,25,154,5,13,12,18,5,8,5,15,3,5,0,1,1,0,1,0,0,0,12,4,23,13,63,26,86,39,0,13,10,14,38,6,52,52,30,12,11,9,69,101.0,216.0,587.0,946.365,3613.107173522491,5107.725,0.0,1.0,5.0,2.0,24.0,18.0
Tottenham,game_state,1983553,against,-1,135,5,93,82,85,42,23,28,28,54,2,0,3,1,12,8,0,17,12,9,7,10,84,0,1,1,3,2,1,0,2,1,1,1,1,1,0,1,0,0,0,3,1,10,7,18,8,28,15,0,3,5,2,11,0,13,13,9,0,5,4,22,30.0,99.0,279.0,357.94499999999994,1682.6249116848767,1433.8799999999999,0.0,0.0,1.0,1.0,3.0,3.0
Tottenham,game_state,1983553,against,Level,101,7,73,64,72,30,14,29,37,27,2,1,4,3,6,3,1,25,20,21,5,12,52,2,4,3,5,1,2,2,3,2,1,0,1,1,0,1,0,0,0,5,1,3,3,10,5,13,8,0,3,1,0,8,0,5,8,4,0,1,1,14,19.0,80.0,234.0,230.37000000000003,1357.3271468001553,1241.835,1.0,0.0,3.0,0.0,0.0,5.0
Tottenham,game_state,1983553,against,+1,0,0,0,0,0,0,0,0,0,0,0,0,0,0,0,0,0,0,0,0,0,0,0,0,0,0,0,0,0,0,0,0,0,0,0,0,0,0,0,0,0,0,0,0,0,0,0,0,0,0,0,0,0,0,0,0,0,0,0,0,0,0,0.0,0.0,0.0,0.0,0.0,0.0,0.0,0.0,0.0,0.0,0.0,0.0
Tottenham,game_state,1983553,against,+2 or better,0,0,0,0,0,0,0,0,0,0,0,0,0,0,0,0,0,0,0,0,0,0,0,0,0,0,0,0,0,0,0,0,0,0,0,0,0,0,0,0,0,0,0,0,0,0,0,0,0,0,0,0,0,0,0,0,0,0,0,0,0,0,0.0,0.0,0.0,0.0,0.0,0.0,0.0,0.0,0.0,0.0,0.0,0.0
Tottenham,game_state,1983553,for,-2 or worse,548,16,405,358,385,151,95,159,224,134,10,3,12,3,18,7,0,126,106,100,40,55,305,3,5,3,7,4,2,1,4,3,3,1,0,0,0,0,0,0,0,24,12,23,10,66,35,89,45,0,12,2,14,24,4,31,38,22,4,9,11,74,98.0,432.0,1185.0,1261.365,6304.275958033627,4385.535,4.0,0.0,6.0,0.0,17.0,7.0
Tottenham,game_state,1983553,for,-1,147,1,109,94,102,45,30,34,40,54,1,0,1,0,10,3,1,29,20,25,6,11,84,0,0,0,1,0,0,1,0,1,0,0,0,0,0,0,0,0,0,5,0,10,3,21,9,31,12,0,4,1,7,11,2,12,18,10,1,4,5,25,27.0,113.0,291.0,275.73,1689.7680439027695,1064.805,0.0,0.0,2.0,0.0,5.0,1.0
Tottenham,game_state,1983553,for,Level,54,0,35,30,30,14,7,14,4,26,1,0,1,0,5,4,0,3,3,1,2,1,34,0,1,0,1,0,1,0,0,1,0,0,0,0,0,0,0,0,0,1,0,3,0,8,3,11,3,0,2,1,3,4,2,7,7,3,1,1,1,10,13.0,37.0,87.0,175.98,581.3921198947241,303.135,0.0,0.0,0.0,0.0,3.0,1.0
Tottenham,game_state,1983553,for,+1,0,0,0,0,0,0,0,0,0,0,0,0,0,0,0,0,0,0,0,0,0,0,0,0,0,0,0,0,0,0,0,0,0,0,0,0,0,0,0,0,0,0,0,0,0,0,0,0,0,0,0,0,0,0,0,0,0,0,0,0,0,0,0.0,0.0,0.0,0.0,0.0,0.0,0.0,0.0,0.0,0.0,0.0,0.0
Tottenham,game_state,1983553,for,+2 or better,0,0,0,0,0,0,0,0,0,0,0,0,0,0,0,0,0,0,0,0,0,0,0,0,0,0,0,0,0,0,0,0,0,0,0,0,0,0,0,0,0,0,0,0,0,0,0,0,0,0,0,0,0,0,0,0,0,0,0,0,0,0,0.0,0.0,0.0,0.0,0.0,0.0,0.0,0.0,0.0,0.0,0.0,0.0
Tottenham,total,1983553,against,Season,565,39,360,296,338,168,76,116,112,184,14,4,21,11,48,25,2,106,74,70,27,47,290,7,18,16,26,8,11,7,20,6,7,1,3,3,0,3,0,0,0,20,6,36,23,91,39,127,62,0,19,16,16,57,6,70,73,43,12,17,14,105,150.0,395.0,1100.0,1534.68,6653.059232007523,7783.44,1.0,1.0,9.0,3.0,27.0,26.0
Tottenham,total,1983553,for,Season,749,17,549,482,517,210,132,207,268,214,12,3,14,3,33,14,1,158,129,126,48,67,423,3,6,3,9,4,3,2,4,5,3,1,0,0,0,0,0,0,0,30,12,36,13,95,47,131,60,0,18,4,24,39,8,50,63,35,6,14,17,109,138.0,582.0,1563.0,1713.075,8575.43612183112,5753.475,4.0,0.0,8.0,0.0,25.0,9.0
Brentford,time_block,1983553,against,0-15,75,0,44,38,38,19,9,16,6,32,1,0,1,0,6,4,0,6,5,3,2,2,41,0,1,0,2,0,1,1,0,2,0,0,0,0,0,0,0,0,0,4,0,8,2,13,5,21,7,0,2,2,6,6,2,8,12,4,1,1,3,16,20.0,46.0,118.0,222.915,732.637174847076,689.9549999999999,0.0,0.0,0.0,0.0,4.0,2.0
Brentford,time_block,1983553,against,16-30,114,1,92,79,86,38,26,28,38,41,1,0,1,0,9,3,1,26,18,23,6,10,69,0,0,0,0,0,0,0,0,0,0,0,0,0,0,0,0,0,0,1,0,5,1,14,7,19,8,0,4,0,4,7,2,11,11,9,1,4,3,16,18.0,97.0,244.0,221.97,1453.5129684576038,633.36,0.0,0.0,2.0,0.0,3.0,0.0
Brentford,time_block,1983553,against,31-45,141,2,110,93,106,40,27,43,48,45,1,0,1,0,8,3,0,37,29,29,11,15,81,0,0,0,1,0,1,0,0,1,0,0,0,0,0,0,0,0,0,11,7,6,2,18,10,24,12,0,1,2,3,9,1,7,12,6,0,3,2,24,24.0,112.0,319.0,271.32000000000005,1601.7145385444057,955.185,0.0,0.0,0.0,0.0,3.0,1.0
Brentford,time_block,1983553,against,46-60,124,6,88,78,86,35,23,30,54,24,3,2,3,2,2,1,0,29,24,26,7,13,62,1,3,2,3,3,0,0,2,1,2,1,0,0,0,0,0,0,0,5,4,5,4,12,7,17,11,0,2,0,6,6,1,6,12,3,1,2,1,13,23.0,105.0,292.0,288.435,1584.6447537845613,1117.7250000000001,3.0,0.0,0.0,0.0,6.0,4.0
Brentford,time_block,1983553,against,61-75,124,3,90,78,86,32,20,38,44,34,3,0,3,0,5,2,0,22,19,16,7,12,74,1,1,1,1,1,0,0,1,0,1,0,0,0,0,0,0,0,0,3,1,5,3,18,9,23,12,0,6,0,2,7,0,11,9,8,2,3,2,19,24.0,87.0,239.0,222.81000000000003,1260.8670381917398,1019.13,0.0,0.0,3.0,0.0,7.0,0.0
Brentford,time_block,1983553,against,76+,171,5,125,116,115,46,27,52,78,38,3,1,5,1,3,1,0,38,34,29,15,15,96,1,1,0,2,0,1,1,1,1,0,0,0,0,0,0,0,0,0,6,0,7,1,20,9,27,10,0,3,0,3,4,2,7,7,5,1,1,6,21,29.0,135.0,351.0,485.62499999999994,1942.0596480057345,1338.12,1.0,0.0,3.0,0.0,2.0,2.0
Brentford,time_block,1983553,for,0-15,120,7,87,74,85,38,17,32,38,36,2,1,4,3,9,6,1,28,20,21,5,12,66,2,4,3,5,1,2,2,3,2,1,0,1,1,0,1,0,0,0,5,1,8,6,12,5,20,11,0,3,2,0,9,0,8,9,5,0,3,1,19,25.0,95.0,274.0,347.13000000000005,1678.8572651641932,1471.05,1.0,0.0,3.0,0.0,1.0,5.0
Brentford,time_block,1983553,for,16-30,101,4,69,63,62,29,16,24,25,38,2,0,3,1,8,5,0,13,12,9,7,10,60,0,1,1,1,0,1,0,1,0,0,0,0,0,0,0,0,0,0,3,1,5,4,14,6,19,10,0,1,3,2,8,0,7,10,5,0,3,4,16,21.0,74.0,209.0,230.36999999999995,1179.6155039287812,992.355,0.0,0.0,0.0,0.0,2.0,1.0
Brentford,time_block,1983553,for,31-45,105,3,79,63,75,37,18,24,11,52,3,2,3,2,11,6,1,19,10,8,7,8,71,0,3,2,5,2,2,1,3,2,1,1,1,1,0,1,0,0,0,2,0,6,4,18,7,24,11,0,4,3,2,13,1,17,15,11,7,2,3,18,26.0,84.0,231.0,296.52,1486.7171707735122,1223.355,0.0,0.0,1.0,1.0,4.0,5.0
Brentford,time_block,1983553,for,46-60,68,13,30,23,28,15,7,8,5,18,2,0,3,1,6,4,0,12,7,7,3,3,23,1,2,2,6,2,2,2,6,0,2,0,1,1,0,1,0,0,0,3,1,5,1,12,4,17,5,0,1,3,6,3,2,11,9,6,4,1,2,13,25.0,35.0,106.0,223.545,656.5134683966332,1508.115,0.0,0.0,0.0,0.0,5.0,6.0
Brentford,time_block,1983553,for,61-75,82,5,46,33,43,23,11,12,14,19,2,1,3,2,9,2,0,19,12,12,3,5,34,1,2,2,2,1,1,0,1,1,1,0,0,0,0,0,0,0,0,5,2,5,2,18,9,23,11,0,4,4,2,12,1,12,14,6,1,2,3,22,27.0,54.0,134.0,107.72999999999999,758.4066676955744,1344.525,0.0,0.0,3.0,2.0,9.0,3.0
Brentford,time_block,1983553,for,76+,89,7,49,40,45,26,7,16,19,21,3,0,5,2,5,2,0,15,13,13,2,9,36,3,6,6,7,2,3,2,6,1,2,0,0,0,0,0,0,0,0,2,1,7,6,17,8,24,14,0,6,1,4,12,2,15,16,10,0,6,1,17,26.0,53.0,146.0,329.385,892.9491560488285,1244.04,0.0,1.0,2.0,0.0,6.0,6.0
Brentford,game_state,1983553,against,-2 or worse,0,0,0,0,0,0,0,0,0,0,0,0,0,0,0,0,0,0,0,0,0,0,0,0,0,0,0,0,0,0,0,0,0,0,0,0,0,0,0,0,0,0,0,0,0,0,0,0,0,0,0,0,0,0,0,0,0,0,0,0,0,0,0.0,0.0,0.0,0.0,0.0,0.0,0.0,0.0,0.0,0.0,0.0,0.0
Brentford,game_state,1983553,against,-1,0,0,0,0,0,0,0,0,0,0,0,0,0,0,0,0,0,0,0,0,0,0,0,0,0,0,0,0,0,0,0,0,0,0,0,0,0,0,0,0,0,0,0,0,0,0,0,0,0,0,0,0,0,0,0,0,0,0,0,0,0,0,0.0,0.0,0.0,0.0,0.0,0.0,0.0,0.0,0.0,0.0,0.0,0.0
Brentford,game_state,1983553,against,Level,54,0,35,30,30,14,7,14,4,26,1,0,1,0,5,4,0,3,3,1,2,1,34,0,1,0,1,0,1,0,0,1,0,0,0,0,0,0,0,0,0,1,0,3,0,8,3,11,3,0,2,1,3,4,2,7,7,3,1,1,1,10,13.0,37.0,87.0,175.98,581.3921198947241,303.135,0.0,0.0,0.0,0.0,3.0,1.0
Brentford,game_state,1983553,against,+1,147,1,109,94,102,45,30,34,40,54,1,0,1,0,10,3,1,29,20,25,6,11,84,0,0,0,1,0,0,1,0,1,0,0,0,0,0,0,0,0,0,5,0,10,3,21,9,31,12,0,4,1,7,11,2,12,18,10,1,4,5,25,27.0,113.0,291.0,275.73,1689.7680439027695,1064.805,0.0,0.0,2.0,0.0,5.0,1.0
Brentford,game_state,1983553,against,+2 or better,548,16,405,358,385,151,95,159,224,134,10,3,12,3,18,7,0,126,106,100,40,55,305,3,5,3,7,4,2,1,4,3,3,1,0,0,0,0,0,0,0,24,12,23,10,66,35,89,45,0,12,2,14,24,4,31,38,22,4,9,11,74,98.0,432.0,1185.0,1261.365,6304.275958033627,4385.535,4.0,0.0,6.0,0.0,17.0,7.0
Brentford,game_state,1983553,for,-2 or worse,0,0,0,0,0,0,0,0,0,0,0,0,0,0,0,0,0,0,0,0,0,0,0,0,0,0,0,0,0,0,0,0,0,0,0,0,0,0,0,0,0,0,0,0,0,0,0,0,0,0,0,0,0,0,0,0,0,0,0,0,0,0,0.0,0.0,0.0,0.0,0.0,0.0,0.0,0.0,0.0,0.0,0.0,0.0
Brentford,game_state,1983553,for,-1,0,0,0,0,0,0,0,0,0,0,0,0,0,0,0,0,0,0,0,0,0,0,0,0,0,0,0,0,0,0,0,0,0,0,0,0,0,0,0,0,0,0,0,0,0,0,0,0,0,0,0,0,0,0,0,0,0,0,0,0,0,0,0.0,0.0,0.0,0.0,0.0,0.0,0.0,0.0,0.0,0.0,0.0,0.0
Brentford,game_state,1983553,for,Level,101,7,73,64,72,30,14,29,37,27,2,1,4,3,6,3,1,25,20,21,5,12,52,2,4,3,5,1,2,2,3,2,1,0,1,1,0,1,0,0,0,5,1,3,3,10,5,13,8,0,3,1,0,8,0,5,8,4,0,1,1,14,19.0,80.0,234.0,230.37000000000003,1357.3271468001553,1241.835,1.0,0.0,3.0,0.0,0.0,5.0
Brentford,game_state,1983553,for,+1,135,5,93,82,85,42,23,28,28,54,2,0,3,1,12,8,0,17,12,9,7,10,84,0,1,1,3,2,1,0,2,1,1,1,1,1,0,1,0,0,0,3,1,10,7,18,8,28,15,0,3,5,2,11,0,13,13,9,0,5,4,22,30.0,99.0,279.0,357.94499999999994,1682.6249116848767,1433.8799999999999,0.0,0.0,1.0,1.0,3.0,3.0
Brentford,game_state,1983553,for,+2 or better,329,27,194,150,181,96,39,59,47,103,10,3,14,7,30,14,1,64,42,40,15,25,154,5,13,12,18,5,8,5,15,3,5,0,1,1,0,1,0,0,0,12,4,23,13,63,26,86,39,0,13,10,14,38,6,52,52,30,12,11,9,69,101.0,216.0,587.0,946.365,3613.107173522491,5107.725,0.0,1.0,5.0,2.0,24.0,18.0
Brentford,total,1983553,against,Season,749,17,549,482,517,210,132,207,268,214,12,3,14,3,33,14,1,158,129,126,48,67,423,3,6,3,9,4,3,2,4,5,3,1,0,0,0,0,0,0,0,30,12,36,13,95,47,131,60,0,18,4,24,39,8,50,63,35,6,14,17,109,138.0,582.0,1563.0,1713.075,8575.43612183112,5753.475,4.0,0.0,8.0,0.0,25.0,9.0
Brentford,total,1983553,for,Season,565,39,360,296,338,168,76,116,112,184,14,4,21,11,48,25,2,106,74,70,27,47,290,7,18,16,26,8,11,7,20,6,7,1,3,3,0,3,0,0,0,20,6,36,23,91,39,127,62,0,19,16,16,57,6,70,73,43,12,17,14,105,150.0,395.0,1100.0,1534.68,6653.059232007523,7783.44,1.0,1.0,9.0,3.0,27.0,26.0
Aston Villa,time_block,1983554,against,0-15,94,1,71,67,66,27,13,31,16,51,1,0,1,0,5,4,0,9,7,5,4,7,66,0,0,0,1,0,1,0,1,0,0,0,1,1,0,0,0,0,0,1,1,1,1,15,4,16,5,0,1,1,2,3,2,11,5,9,2,5,2,12,15.0,72.0,187.0,277.2,1254.1679654872366,657.51,0.0,0.0,1.0,1.0,1.0,1.0
Aston Villa,time_block,1983554,against,16-30,112,8,80,70,77,29,17,34,23,47,4,1,5,2,7,6,0,16,9,13,4,8,67,1,2,2,4,3,1,0,3,1,3,0,3,3,0,3,0,0,0,1,1,4,3,17,7,21,10,0,5,1,1,5,5,16,6,11,3,2,1,15,22.0,86.0,262.0,302.19,1435.6302420553302,1332.87,0.0,0.0,4.0,1.0,1.0,4.0
Aston Villa,time_block,1983554,against,31-45,159,8,127,116,123,50,32,45,65,51,3,0,4,0,3,3,0,31,26,29,9,20,98,1,3,2,5,1,2,2,3,2,1,0,0,0,0,0,0,0,0,1,1,4,3,12,9,16,12,0,5,0,4,7,0,8,11,6,1,2,3,12,28.0,139.0,334.0,294.21,2027.9959824850687,1516.83,0.0,0.0,2.0,1.0,2.0,5.0
Aston Villa,time_block,1983554,against,46-60,153,13,124,117,120,41,26,57,87,30,7,1,9,2,7,6,0,55,50,45,18,20,79,3,4,3,6,1,4,1,5,1,1,0,0,0,0,0,0,0,0,0,0,3,1,7,4,10,5,0,3,2,0,4,1,7,4,6,1,0,1,10,25.0,128.0,325.0,292.84499999999997,2057.593135910172,1559.7749999999999,2.0,0.0,2.0,0.0,3.0,6.0
Aston Villa,time_block,1983554,against,61-75,138,2,106,99,103,40,24,42,55,44,1,0,1,0,7,4,0,26,21,19,11,11,87,0,2,1,2,0,2,0,0,2,0,0,0,0,0,0,0,0,0,1,0,5,4,11,8,16,12,0,6,3,4,7,2,12,11,9,0,1,2,13,19.0,108.0,285.0,252.84,1691.9863028987645,907.62,0.0,0.0,2.0,0.0,3.0,2.0
Aston Villa,time_block,1983554,against,76+,172,6,139,132,136,58,30,51,85,47,2,1,3,1,8,7,0,55,49,47,16,25,92,0,2,2,3,1,2,0,3,0,1,0,0,0,0,0,0,0,0,7,1,6,4,15,4,21,8,0,1,3,2,7,0,6,9,6,0,2,2,20,24.0,146.0,427.0,538.545,2505.872069699968,1256.01,1.0,1.0,1.0,0.0,2.0,3.0
Aston Villa,time_block,1983554,for,0-15,95,2,69,59,62,21,24,24,22,37,1,0,1,0,7,4,0,13,10,8,4,3,61,1,1,1,3,0,3,0,1,2,0,0,0,0,0,0,1,1,0,3,2,1,0,16,11,17,11,0,4,0,0,2,1,8,2,8,1,2,5,13,24.0,74.0,196.0,49.35000000000002,1269.4426755965364,1060.71,0.0,0.0,1.0,0.0,4.0,4.0
Aston Villa,time_block,1983554,for,16-30,72,0,36,28,32,12,12,12,9,19,0,0,0,0,2,1,0,5,3,4,1,0,32,0,1,0,1,0,1,0,0,1,0,0,0,0,0,0,0,0,0,5,3,4,1,17,10,21,11,0,5,1,5,3,2,10,8,4,1,1,2,15,21.0,39.0,122.0,68.14499999999998,648.6828423170522,768.495,0.0,0.0,1.0,0.0,8.0,1.0
Aston Villa,time_block,1983554,for,31-45,89,0,59,49,53,22,16,21,28,21,2,0,2,0,8,2,0,12,9,7,5,4,52,0,0,0,0,0,0,0,0,0,0,0,0,0,0,0,0,0,0,2,1,4,1,12,3,16,4,0,0,3,5,4,3,10,9,4,1,3,2,16,20.0,63.0,176.0,128.41500000000002,878.7983385984903,749.49,0.0,0.0,1.0,0.0,4.0,0.0
Aston Villa,time_block,1983554,for,46-60,53,2,26,17,24,13,3,10,5,12,0,0,0,0,4,2,0,6,3,3,2,3,23,0,1,0,1,0,1,0,0,1,0,0,0,0,0,0,0,0,0,3,1,3,2,8,3,11,5,0,2,2,7,2,0,5,9,2,0,1,0,14,18.0,28.0,114.0,281.61,513.0252364290487,416.325,1.0,0.0,0.0,0.0,10.0,1.0
Aston Villa,time_block,1983554,for,61-75,56,1,32,24,26,13,3,16,12,12,0,0,1,1,3,0,0,6,5,5,1,2,27,1,1,1,1,0,1,0,1,0,0,0,0,0,0,0,0,0,0,2,0,5,1,11,3,16,4,0,2,2,1,2,1,7,3,4,0,2,1,16,19.0,37.0,115.0,44.099999999999994,523.9514255171442,715.68,0.0,0.0,0.0,0.0,4.0,1.0
Aston Villa,time_block,1983554,for,76+,46,0,20,8,15,14,4,2,4,4,0,0,0,0,10,2,0,7,3,4,0,1,16,0,0,0,0,0,0,0,0,0,0,0,0,0,0,0,0,0,0,2,0,6,2,13,8,19,10,0,6,0,5,4,0,9,9,0,1,2,2,15,18.0,24.0,62.0,150.255,313.08229507380804,490.98,0.0,0.0,0.0,0.0,8.0,0.0
Aston Villa,game_state,1983554,against,-2 or worse,727,34,571,530,555,216,129,226,314,216,17,3,22,5,31,25,0,182,154,152,58,84,419,5,12,9,19,5,11,3,13,6,5,0,2,2,0,2,0,0,0,9,2,22,15,60,31,82,46,0,20,9,11,30,8,48,41,37,4,7,9,69,116.0,602.0,1618.0,1582.98,9591.814112958007,6510.63,3.0,1.0,11.0,2.0,11.0,19.0
Aston Villa,game_state,1983554,against,-1,55,3,41,38,38,17,7,17,14,24,1,0,1,0,3,3,0,9,8,6,4,5,35,0,1,1,1,1,0,0,1,0,1,0,1,1,0,1,0,0,0,1,1,1,1,10,4,11,5,0,1,0,0,1,1,7,1,5,2,3,2,8,11.0,42.0,110.0,254.625,741.5954476795249,512.82,0.0,0.0,0.0,0.0,1.0,1.0
Aston Villa,game_state,1983554,against,Level,46,1,35,33,32,12,6,17,3,30,0,0,0,0,3,2,0,1,0,0,0,2,35,0,0,0,1,0,1,0,1,0,0,0,1,1,0,0,0,0,0,1,1,0,0,7,1,7,1,0,0,1,2,2,1,5,4,5,1,2,0,5,6.0,35.0,92.0,120.225,639.8361378990079,207.16500000000002,0.0,0.0,1.0,1.0,0.0,1.0
Aston Villa,game_state,1983554,against,+1,0,0,0,0,0,0,0,0,0,0,0,0,0,0,0,0,0,0,0,0,0,0,0,0,0,0,0,0,0,0,0,0,0,0,0,0,0,0,0,0,0,0,0,0,0,0,0,0,0,0,0,0,0,0,0,0,0,0,0,0,0,0,0.0,0.0,0.0,0.0,0.0,0.0,0.0,0.0,0.0,0.0,0.0,0.0
Aston Villa,game_state,1983554,against,+2 or better,0,0,0,0,0,0,0,0,0,0,0,0,0,0,0,0,0,0,0,0,0,0,0,0,0,0,0,0,0,0,0,0,0,0,0,0,0,0,0,0,0,0,0,0,0,0,0,0,0,0,0,0,0,0,0,0,0,0,0,0,0,0,0.0,0.0,0.0,0.0,0.0,0.0,0.0,0.0,0.0,0.0,0.0,0.0
Aston Villa,game_state,1983554,for,-2 or worse,310,3,169,123,147,72,38,59,57,66,2,0,3,1,27,7,0,35,22,22,9,10,147,1,2,1,2,0,2,0,1,1,0,0,0,0,0,0,0,0,0,13,4,22,7,59,26,81,33,0,15,8,23,15,6,40,38,14,2,9,7,75,94.0,187.0,578.0,636.3000000000001,2807.043793426555,3049.2,1.0,0.0,2.0,0.0,34.0,2.0
Aston Villa,game_state,1983554,for,-1,41,0,28,22,24,12,9,7,4,18,0,0,0,0,4,2,0,5,3,2,2,0,26,0,1,0,1,0,1,0,0,1,0,0,0,0,0,0,0,0,0,2,2,1,0,10,6,11,6,0,1,0,0,1,0,4,1,3,1,2,3,8,14.0,30.0,70.0,64.15500000000002,442.23681593516915,507.57,0.0,0.0,0.0,0.0,3.0,1.0
Aston Villa,game_state,1983554,for,Level,60,2,45,40,41,11,15,19,19,21,1,0,1,0,3,2,0,9,8,7,2,3,38,1,1,1,3,0,3,0,1,2,0,0,0,0,0,0,1,1,0,2,1,0,0,8,6,8,6,0,3,0,0,1,1,5,1,5,1,0,2,6,12.0,48.0,137.0,21.42000000000001,897.7022041703556,644.91,0.0,0.0,1.0,0.0,1.0,4.0
Aston Villa,game_state,1983554,for,+1,0,0,0,0,0,0,0,0,0,0,0,0,0,0,0,0,0,0,0,0,0,0,0,0,0,0,0,0,0,0,0,0,0,0,0,0,0,0,0,0,0,0,0,0,0,0,0,0,0,0,0,0,0,0,0,0,0,0,0,0,0,0,0.0,0.0,0.0,0.0,0.0,0.0,0.0,0.0,0.0,0.0,0.0,0.0
Aston Villa,game_state,1983554,for,+2 or better,0,0,0,0,0,0,0,0,0,0,0,0,0,0,0,0,0,0,0,0,0,0,0,0,0,0,0,0,0,0,0,0,0,0,0,0,0,0,0,0,0,0,0,0,0,0,0,0,0,0,0,0,0,0,0,0,0,0,0,0,0,0,0.0,0.0,0.0,0.0,0.0,0.0,0.0,0.0,0.0,0.0,0.0,0.0
Aston Villa,total,1983554,against,Season,828,38,647,601,625,245,142,260,331,270,18,3,23,5,37,30,0,192,162,158,62,91,489,5,13,10,21,6,12,3,15,6,6,0,4,4,0,3,0,0,0,11,4,23,16,77,36,100,52,0,21,10,13,33,10,60,46,47,7,12,11,82,133.0,679.0,1820.0,1957.83,10973.24569853654,7230.615,3.0,1.0,12.0,3.0,12.0,21.0
Aston Villa,total,1983554,for,Season,411,5,242,185,212,95,62,85,80,105,3,0,4,1,34,11,0,49,33,31,13,13,211,2,4,2,6,0,6,0,2,4,0,0,0,0,0,0,1,1,0,17,7,23,7,77,38,100,45,0,19,8,23,17,7,49,40,22,4,11,12,89,120.0,265.0,785.0,721.875,4146.9828135320795,4201.68,1.0,0.0,3.0,0.0,38.0,7.0
Brighton,time_block,1983554,against,0-15,95,2,69,59,62,21,24,24,22,37,1,0,1,0,7,4,0,13,10,8,4,3,61,1,1,1,3,0,3,0,1,2,0,0,0,0,0,0,1,1,0,3,2,1,0,16,11,17,11,0,4,0,0,2,1,8,2,8,1,2,5,13,24.0,74.0,196.0,49.35000000000002,1269.4426755965364,1060.71,0.0,0.0,1.0,0.0,4.0,4.0
Brighton,time_block,1983554,against,16-30,72,0,36,28,32,12,12,12,9,19,0,0,0,0,2,1,0,5,3,4,1,0,32,0,1,0,1,0,1,0,0,1,0,0,0,0,0,0,0,0,0,5,3,4,1,17,10,21,11,0,5,1,5,3,2,10,8,4,1,1,2,15,21.0,39.0,122.0,68.14499999999998,648.6828423170522,768.495,0.0,0.0,1.0,0.0,8.0,1.0
Brighton,time_block,1983554,against,31-45,89,0,59,49,53,22,16,21,28,21,2,0,2,0,8,2,0,12,9,7,5,4,52,0,0,0,0,0,0,0,0,0,0,0,0,0,0,0,0,0,0,2,1,4,1,12,3,16,4,0,0,3,5,4,3,10,9,4,1,3,2,16,20.0,63.0,176.0,128.41500000000002,878.7983385984903,749.49,0.0,0.0,1.0,0.0,4.0,0.0
Brighton,time_block,1983554,against,46-60,53,2,26,17,24,13,3,10,5,12,0,0,0,0,4,2,0,6,3,3,2,3,23,0,1,0,1,0,1,0,0,1,0,0,0,0,0,0,0,0,0,3,1,3,2,8,3,11,5,0,2,2,7,2,0,5,9,2,0,1,0,14,18.0,28.0,114.0,281.61,513.0252364290487,416.325,1.0,0.0,0.0,0.0,10.0,1.0
Brighton,time_block,1983554,against,61-75,56,1,32,24,26,13,3,16,12,12,0,0,1,1,3,0,0,6,5,5,1,2,27,1,1,1,1,0,1,0,1,0,0,0,0,0,0,0,0,0,0,2,0,5,1,11,3,16,4,0,2,2,1,2,1,7,3,4,0,2,1,16,19.0,37.0,115.0,44.099999999999994,523.9514255171442,715.68,0.0,0.0,0.0,0.0,4.0,1.0
Brighton,time_block,1983554,against,76+,46,0,20,8,15,14,4,2,4,4,0,0,0,0,10,2,0,7,3,4,0,1,16,0,0,0,0,0,0,0,0,0,0,0,0,0,0,0,0,0,0,2,0,6,2,13,8,19,10,0,6,0,5,4,0,9,9,0,1,2,2,15,18.0,24.0,62.0,150.255,313.08229507380804,490.98,0.0,0.0,0.0,0.0,8.0,0.0
Brighton,time_block,1983554,for,0-15,94,1,71,67,66,27,13,31,16,51,1,0,1,0,5,4,0,9,7,5,4,7,66,0,0,0,1,0,1,0,1,0,0,0,1,1,0,0,0,0,0,1,1,1,1,15,4,16,5,0,1,1,2,3,2,11,5,9,2,5,2,12,15.0,72.0,187.0,277.2,1254.1679654872366,657.51,0.0,0.0,1.0,1.0,1.0,1.0
Brighton,time_block,1983554,for,16-30,112,8,80,70,77,29,17,34,23,47,4,1,5,2,7,6,0,16,9,13,4,8,67,1,2,2,4,3,1,0,3,1,3,0,3,3,0,3,0,0,0,1,1,4,3,17,7,21,10,0,5,1,1,5,5,16,6,11,3,2,1,15,22.0,86.0,262.0,302.19,1435.6302420553302,1332.87,0.0,0.0,4.0,1.0,1.0,4.0
Brighton,time_block,1983554,for,31-45,159,8,127,116,123,50,32,45,65,51,3,0,4,0,3,3,0,31,26,29,9,20,98,1,3,2,5,1,2,2,3,2,1,0,0,0,0,0,0,0,0,1,1,4,3,12,9,16,12,0,5,0,4,7,0,8,11,6,1,2,3,12,28.0,139.0,334.0,294.21,2027.9959824850687,1516.83,0.0,0.0,2.0,1.0,2.0,5.0
Brighton,time_block,1983554,for,46-60,153,13,124,117,120,41,26,57,87,30,7,1,9,2,7,6,0,55,50,45,18,20,79,3,4,3,6,1,4,1,5,1,1,0,0,0,0,0,0,0,0,0,0,3,1,7,4,10,5,0,3,2,0,4,1,7,4,6,1,0,1,10,25.0,128.0,325.0,292.84499999999997,2057.593135910172,1559.7749999999999,2.0,0.0,2.0,0.0,3.0,6.0
Brighton,time_block,1983554,for,61-75,138,2,106,99,103,40,24,42,55,44,1,0,1,0,7,4,0,26,21,19,11,11,87,0,2,1,2,0,2,0,0,2,0,0,0,0,0,0,0,0,0,1,0,5,4,11,8,16,12,0,6,3,4,7,2,12,11,9,0,1,2,13,19.0,108.0,285.0,252.84,1691.9863028987645,907.62,0.0,0.0,2.0,0.0,3.0,2.0
Brighton,time_block,1983554,for,76+,172,6,139,132,136,58,30,51,85,47,2,1,3,1,8,7,0,55,49,47,16,25,92,0,2,2,3,1,2,0,3,0,1,0,0,0,0,0,0,0,0,7,1,6,4,15,4,21,8,0,1,3,2,7,0,6,9,6,0,2,2,20,24.0,146.0,427.0,538.545,2505.872069699968,1256.01,1.0,1.0,1.0,0.0,2.0,3.0
Brighton,game_state,1983554,against,-2 or worse,0,0,0,0,0,0,0,0,0,0,0,0,0,0,0,0,0,0,0,0,0,0,0,0,0,0,0,0,0,0,0,0,0,0,0,0,0,0,0,0,0,0,0,0,0,0,0,0,0,0,0,0,0,0,0,0,0,0,0,0,0,0,0.0,0.0,0.0,0.0,0.0,0.0,0.0,0.0,0.0,0.0,0.0,0.0
Brighton,game_state,1983554,against,-1,0,0,0,0,0,0,0,0,0,0,0,0,0,0,0,0,0,0,0,0,0,0,0,0,0,0,0,0,0,0,0,0,0,0,0,0,0,0,0,0,0,0,0,0,0,0,0,0,0,0,0,0,0,0,0,0,0,0,0,0,0,0,0.0,0.0,0.0,0.0,0.0,0.0,0.0,0.0,0.0,0.0,0.0,0.0
Brighton,game_state,1983554,against,Level,60,2,45,40,41,11,15,19,19,21,1,0,1,0,3,2,0,9,8,7,2,3,38,1,1,1,3,0,3,0,1,2,0,0,0,0,0,0,1,1,0,2,1,0,0,8,6,8,6,0,3,0,0,1,1,5,1,5,1,0,2,6,12.0,48.0,137.0,21.42000000000001,897.7022041703556,644.91,0.0,0.0,1.0,0.0,1.0,4.0
Brighton,game_state,1983554,against,+1,41,0,28,22,24,12,9,7,4,18,0,0,0,0,4,2,0,5,3,2,2,0,26,0,1,0,1,0,1,0,0,1,0,0,0,0,0,0,0,0,0,2,2,1,0,10,6,11,6,0,1,0,0,1,0,4,1,3,1,2,3,8,14.0,30.0,70.0,64.15500000000002,442.23681593516915,507.57,0.0,0.0,0.0,0.0,3.0,1.0
Brighton,game_state,1983554,against,+2 or better,310,3,169,123,147,72,38,59,57,66,2,0,3,1,27,7,0,35,22,22,9,10,147,1,2,1,2,0,2,0,1,1,0,0,0,0,0,0,0,0,0,13,4,22,7,59,26,81,33,0,15,8,23,15,6,40,38,14,2,9,7,75,94.0,187.0,578.0,636.3000000000001,2807.043793426555,3049.2,1.0,0.0,2.0,0.0,34.0,2.0
Brighton,game_state,1983554,for,-2 or worse,0,0,0,0,0,0,0,0,0,0,0,0,0,0,0,0,0,0,0,0,0,0,0,0,0,0,0,0,0,0,0,0,0,0,0,0,0,0,0,0,0,0,0,0,0,0,0,0,0,0,0,0,0,0,0,0,0,0,0,0,0,0,0.0,0.0,0.0,0.0,0.0,0.0,0.0,0.0,0.0,0.0,0.0,0.0
Brighton,game_state,1983554,for,-1,0,0,0,0,0,0,0,0,0,0,0,0,0,0,0,0,0,0,0,0,0,0,0,0,0,0,0,0,0,0,0,0,0,0,0,0,0,0,0,0,0,0,0,0,0,0,0,0,0,0,0,0,0,0,0,0,0,0,0,0,0,0,0.0,0.0,0.0,0.0,0.0,0.0,0.0,0.0,0.0,0.0,0.0,0.0
Brighton,game_state,1983554,for,Level,46,1,35,33,32,12,6,17,3,30,0,0,0,0,3,2,0,1,0,0,0,2,35,0,0,0,1,0,1,0,1,0,0,0,1,1,0,0,0,0,0,1,1,0,0,7,1,7,1,0,0,1,2,2,1,5,4,5,1,2,0,5,6.0,35.0,92.0,120.225,639.8361378990079,207.16500000000002,0.0,0.0,1.0,1.0,0.0,1.0
Brighton,game_state,1983554,for,+1,55,3,41,38,38,17,7,17,14,24,1,0,1,0,3,3,0,9,8,6,4,5,35,0,1,1,1,1,0,0,1,0,1,0,1,1,0,1,0,0,0,1,1,1,1,10,4,11,5,0,1,0,0,1,1,7,1,5,2,3,2,8,11.0,42.0,110.0,254.625,741.5954476795249,512.82,0.0,0.0,0.0,0.0,1.0,1.0
Brighton,game_state,1983554,for,+2 or better,727,34,571,530,555,216,129,226,314,216,17,3,22,5,31,25,0,182,154,152,58,84,419,5,12,9,19,5,11,3,13,6,5,0,2,2,0,2,0,0,0,9,2,22,15,60,31,82,46,0,20,9,11,30,8,48,41,37,4,7,9,69,116.0,602.0,1618.0,1582.98,9591.814112958007,6510.63,3.0,1.0,11.0,2.0,11.0,19.0
Brighton,total,1983554,against,Season,411,5,242,185,212,95,62,85,80,105,3,0,4,1,34,11,0,49,33,31,13,13,211,2,4,2,6,0,6,0,2,4,0,0,0,0,0,0,1,1,0,17,7,23,7,77,38,100,45,0,19,8,23,17,7,49,40,22,4,11,12,89,120.0,265.0,785.0,721.875,4146.9828135320795,4201.68,1.0,0.0,3.0,0.0,38.0,7.0
Brighton,total,1983554,for,Season,828,38,647,601,625,245,142,260,331,270,18,3,23,5,37,30,0,192,162,158,62,91,489,5,13,10,21,6,12,3,15,6,6,0,4,4,0,3,0,0,0,11,4,23,16,77,36,100,52,0,21,10,13,33,10,60,46,47,7,12,11,82,133.0,679.0,1820.0,1957.83,10973.24569853654,7230.615,3.0,1.0,12.0,3.0,12.0,21.0
Man City,time_block,1983555,against,0-15,72,1,52,42,50,21,17,14,21,21,1,0,2,0,8,6,1,18,9,13,5,6,39,1,0,0,1,1,0,0,1,0,1,0,0,0,0,0,0,0,0,0,0,4,3,7,3,11,6,0,2,4,3,5,0,10,8,9,0,4,1,11,16.0,56.0,153.0,135.55500000000004,992.9125808405361,952.35,0.0,0.0,0.0,0.0,0.0,1.0
Man City,time_block,1983555,against,16-30,90,2,66,51,61,31,24,11,18,33,1,0,1,0,13,5,0,12,10,9,6,9,57,0,1,1,1,1,0,0,1,0,1,0,1,1,0,1,0,0,0,0,0,4,2,11,6,15,8,0,3,0,3,5,3,9,8,5,2,1,3,19,20.0,70.0,193.0,14.700000000000001,1142.0804518307848,712.425,0.0,0.0,0.0,0.0,7.0,1.0
Man City,time_block,1983555,against,31-45,87,1,46,32,43,27,10,9,8,24,0,0,0,0,12,6,0,8,3,5,1,5,41,0,2,1,2,1,1,0,1,1,1,0,0,0,0,0,0,0,0,4,1,7,3,17,7,24,10,0,4,2,14,11,0,9,25,4,2,1,2,23,24.0,47.0,135.0,330.33000000000004,850.8605675874271,747.81,0.0,1.0,0.0,0.0,7.0,2.0
Man City,time_block,1983555,against,46-60,71,0,51,41,45,20,19,12,6,35,0,0,0,0,9,4,0,3,1,3,0,0,48,0,0,0,0,0,0,0,0,0,0,0,0,0,0,0,0,0,0,2,1,3,0,10,5,13,5,0,2,2,4,3,0,8,7,7,1,3,2,14,16.0,54.0,125.0,21.31499999999999,871.86745901548,481.74,0.0,0.0,0.0,0.0,3.0,0.0
Man City,time_block,1983555,against,61-75,62,0,44,34,42,21,12,11,3,31,1,0,1,0,11,8,0,0,0,0,0,3,44,0,0,0,0,0,0,0,0,0,0,0,0,0,0,0,0,0,0,0,0,5,3,4,2,9,5,1,1,2,3,6,2,7,9,5,0,2,0,13,15.0,46.0,175.0,155.085,892.6116769164407,418.95,0.0,0.0,0.0,0.0,5.0,0.0
Man City,time_block,1983555,against,76+,118,2,85,70,82,38,28,19,39,31,1,0,4,1,16,5,0,20,12,7,8,9,78,2,1,1,1,1,0,0,1,0,1,0,0,0,0,0,0,0,0,3,0,3,0,13,7,16,7,0,4,3,2,7,1,9,9,4,1,0,3,22,26.0,92.0,222.0,76.44,1434.0200264870762,1364.16,0.0,0.0,0.0,0.0,3.0,1.0
Man City,time_block,1983555,for,0-15,170,6,141,131,137,51,37,53,43,88,2,2,4,3,7,5,2,22,20,17,10,10,124,1,3,3,3,1,1,1,3,0,1,0,0,0,0,0,0,0,0,1,0,4,1,8,4,12,5,0,0,1,2,6,0,2,8,1,0,1,4,15,24.0,149.0,427.0,320.56499999999994,2404.5716191390743,953.61,1.0,1.0,0.0,0.0,6.0,3.0
Man City,time_block,1983555,for,16-30,96,4,72,62,71,23,16,33,28,34,2,0,3,0,5,2,1,22,17,18,5,6,54,1,0,0,0,0,0,0,0,0,0,0,0,0,0,0,0,0,0,6,2,4,2,13,5,17,7,0,2,0,2,10,2,7,12,7,0,3,1,17,23.0,76.0,233.0,238.14000000000001,1211.5569971453237,1365.105,1.0,1.0,3.0,0.0,0.0,0.0
Man City,time_block,1983555,for,31-45,192,10,146,128,142,53,26,67,91,37,6,2,8,3,8,4,3,68,56,61,13,18,85,2,1,1,3,1,1,1,2,1,1,0,0,0,0,0,0,0,0,5,2,7,4,19,10,26,14,0,7,2,1,9,1,13,10,13,1,2,1,27,36.0,167.0,476.0,519.54,2611.650112206021,2099.79,0.0,0.0,3.0,0.0,2.0,3.0
Man City,time_block,1983555,for,46-60,134,5,105,93,101,38,27,40,49,44,4,1,5,2,5,1,1,22,16,18,6,12,87,2,1,1,1,0,1,0,1,0,0,0,0,0,0,0,0,0,0,2,1,3,3,11,5,14,8,0,1,3,0,7,0,7,7,7,1,2,3,18,22.0,103.0,294.0,144.58499999999995,1525.7521581560804,1172.01,0.0,2.0,2.0,0.0,2.0,1.0
Man City,time_block,1983555,for,61-75,146,9,133,121,131,44,28,61,71,50,1,0,2,0,3,2,1,33,28,28,9,18,105,1,3,2,4,2,1,1,3,1,2,0,0,0,0,0,0,0,0,0,0,5,2,3,2,8,4,0,0,0,0,7,1,1,7,1,0,0,2,13,20.0,137.0,362.0,269.85,1848.207831772042,1104.915,3.0,1.0,0.0,0.0,0.0,4.0
Man City,time_block,1983555,for,76+,94,3,61,49,59,30,14,17,21,28,1,0,2,1,10,4,1,13,11,9,5,6,52,1,2,2,2,2,0,0,2,0,2,0,2,2,0,2,0,0,0,3,1,3,3,13,6,16,9,0,5,2,6,7,0,10,13,5,0,3,0,19,22.0,66.0,197.0,342.93,1158.3917103612337,802.095,1.0,0.0,0.0,0.0,5.0,2.0
Man City,game_state,1983555,against,-2 or worse,0,0,0,0,0,0,0,0,0,0,0,0,0,0,0,0,0,0,0,0,0,0,0,0,0,0,0,0,0,0,0,0,0,0,0,0,0,0,0,0,0,0,0,0,0,0,0,0,0,0,0,0,0,0,0,0,0,0,0,0,0,0,0.0,0.0,0.0,0.0,0.0,0.0,0.0,0.0,0.0,0.0,0.0,0.0
Man City,game_state,1983555,against,-1,297,2,193,146,179,94,55,44,34,112,1,0,4,1,41,20,0,24,11,12,7,14,181,2,3,2,3,2,1,0,2,1,2,0,0,0,0,0,0,0,0,8,2,19,7,44,21,63,28,1,11,7,23,26,2,31,49,19,4,7,7,68,77.0,203.0,569.0,563.5350000000001,3394.289427541987,2706.48,0.0,1.0,0.0,0.0,21.0,3.0
Man City,game_state,1983555,against,Level,191,4,144,121,137,58,54,32,59,62,3,0,4,0,23,12,1,35,23,25,12,16,119,1,1,1,2,2,0,0,2,0,2,0,1,1,0,1,0,0,0,1,0,7,4,16,7,23,11,0,3,6,6,10,4,19,16,15,2,4,4,29,35.0,154.0,420.0,153.09,2700.2896542604753,1791.51,0.0,0.0,0.0,0.0,2.0,2.0
Man City,game_state,1983555,against,+1,12,0,7,3,7,6,1,0,2,1,0,0,0,0,5,2,0,2,1,0,1,2,7,0,0,0,0,0,0,0,0,0,0,0,0,0,0,0,0,0,0,0,0,0,0,2,2,2,2,0,2,0,0,1,0,2,1,0,0,0,0,5,5.0,8.0,14.0,16.80000000000001,89.7736808752824,179.445,0.0,0.0,0.0,0.0,2.0,0.0
Man City,game_state,1983555,against,+2 or better,0,0,0,0,0,0,0,0,0,0,0,0,0,0,0,0,0,0,0,0,0,0,0,0,0,0,0,0,0,0,0,0,0,0,0,0,0,0,0,0,0,0,0,0,0,0,0,0,0,0,0,0,0,0,0,0,0,0,0,0,0,0,0.0,0.0,0.0,0.0,0.0,0.0,0.0,0.0,0.0,0.0,0.0,0.0
Man City,game_state,1983555,for,-2 or worse,0,0,0,0,0,0,0,0,0,0,0,0,0,0,0,0,0,0,0,0,0,0,0,0,0,0,0,0,0,0,0,0,0,0,0,0,0,0,0,0,0,0,0,0,0,0,0,0,0,0,0,0,0,0,0,0,0,0,0,0,0,0,0.0,0.0,0.0,0.0,0.0,0.0,0.0,0.0,0.0,0.0,0.0,0.0
Man City,game_state,1983555,for,-1,547,28,435,384,423,158,93,184,227,157,13,3,18,6,25,11,5,136,111,115,33,54,320,6,6,5,9,4,3,2,7,2,4,0,1,1,0,1,0,0,0,11,4,19,12,47,23,66,35,0,12,5,4,30,3,29,34,26,2,7,7,73,99.0,463.0,1280.0,1167.495,6899.895621131066,5411.385,5.0,3.0,7.0,0.0,8.0,9.0
Man City,game_state,1983555,for,Level,273,9,216,195,212,76,54,86,72,123,3,2,6,3,10,5,4,39,32,33,13,14,183,2,4,4,4,2,1,1,4,0,2,0,1,1,0,1,0,0,0,5,2,7,3,18,9,25,12,0,3,3,5,15,1,11,20,8,0,4,4,32,44.0,228.0,692.0,624.855,3746.0762329237964,1930.005,1.0,2.0,1.0,0.0,7.0,4.0
Man City,game_state,1983555,for,+1,12,0,7,5,6,5,1,1,4,1,0,0,0,0,3,2,0,5,5,3,2,2,4,0,0,0,0,0,0,0,0,0,0,0,0,0,0,0,0,0,0,1,0,0,0,2,0,2,0,0,0,0,2,1,0,0,3,0,0,0,0,4,4.0,7.0,17.0,43.26,114.15857472491206,156.135,0.0,0.0,0.0,0.0,0.0,0.0
Man City,game_state,1983555,for,+2 or better,0,0,0,0,0,0,0,0,0,0,0,0,0,0,0,0,0,0,0,0,0,0,0,0,0,0,0,0,0,0,0,0,0,0,0,0,0,0,0,0,0,0,0,0,0,0,0,0,0,0,0,0,0,0,0,0,0,0,0,0,0,0,0.0,0.0,0.0,0.0,0.0,0.0,0.0,0.0,0.0,0.0,0.0,0.0
Man City,total,1983555,against,Season,500,6,344,270,323,158,110,76,95,175,4,0,8,1,69,34,1,61,35,37,20,32,307,3,4,3,5,4,1,0,4,1,4,0,1,1,0,1,0,0,0,9,2,26,11,62,30,88,41,1,16,13,29,37,6,52,66,34,6,11,11,102,117.0,365.0,1003.0,733.4250000000001,6184.352762677745,4677.435,0.0,1.0,0.0,0.0,25.0,5.0
Man City,total,1983555,for,Season,832,37,658,584,641,239,148,271,303,281,16,5,24,9,38,18,9,180,148,151,48,70,507,8,10,9,13,6,4,3,11,2,6,0,2,2,0,2,0,0,0,17,6,26,15,67,32,93,47,0,15,8,11,46,4,40,57,34,2,11,11,109,147.0,698.0,1989.0,1835.61,10760.130428779776,7497.525,6.0,5.0,8.0,0.0,15.0,13.0
Bournemouth,time_block,1983555,against,0-15,170,6,141,131,137,51,37,53,43,88,2,2,4,3,7,5,2,22,20,17,10,10,124,1,3,3,3,1,1,1,3,0,1,0,0,0,0,0,0,0,0,1,0,4,1,8,4,12,5,0,0,1,2,6,0,2,8,1,0,1,4,15,24.0,149.0,427.0,320.56499999999994,2404.5716191390743,953.61,1.0,1.0,0.0,0.0,6.0,3.0
Bournemouth,time_block,1983555,against,16-30,96,4,72,62,71,23,16,33,28,34,2,0,3,0,5,2,1,22,17,18,5,6,54,1,0,0,0,0,0,0,0,0,0,0,0,0,0,0,0,0,0,6,2,4,2,13,5,17,7,0,2,0,2,10,2,7,12,7,0,3,1,17,23.0,76.0,233.0,238.14000000000001,1211.5569971453237,1365.105,1.0,1.0,3.0,0.0,0.0,0.0
Bournemouth,time_block,1983555,against,31-45,192,10,146,128,142,53,26,67,91,37,6,2,8,3,8,4,3,68,56,61,13,18,85,2,1,1,3,1,1,1,2,1,1,0,0,0,0,0,0,0,0,5,2,7,4,19,10,26,14,0,7,2,1,9,1,13,10,13,1,2,1,27,36.0,167.0,476.0,519.54,2611.650112206021,2099.79,0.0,0.0,3.0,0.0,2.0,3.0
Bournemouth,time_block,1983555,against,46-60,134,5,105,93,101,38,27,40,49,44,4,1,5,2,5,1,1,22,16,18,6,12,87,2,1,1,1,0,1,0,1,0,0,0,0,0,0,0,0,0,0,2,1,3,3,11,5,14,8,0,1,3,0,7,0,7,7,7,1,2,3,18,22.0,103.0,294.0,144.58499999999995,1525.7521581560804,1172.01,0.0,2.0,2.0,0.0,2.0,1.0
Bournemouth,time_block,1983555,against,61-75,146,9,133,121,131,44,28,61,71,50,1,0,2,0,3,2,1,33,28,28,9,18,105,1,3,2,4,2,1,1,3,1,2,0,0,0,0,0,0,0,0,0,0,5,2,3,2,8,4,0,0,0,0,7,1,1,7,1,0,0,2,13,20.0,137.0,362.0,269.85,1848.207831772042,1104.915,3.0,1.0,0.0,0.0,0.0,4.0
Bournemouth,time_block,1983555,against,76+,94,3,61,49,59,30,14,17,21,28,1,0,2,1,10,4,1,13,11,9,5,6,52,1,2,2,2,2,0,0,2,0,2,0,2,2,0,2,0,0,0,3,1,3,3,13,6,16,9,0,5,2,6,7,0,10,13,5,0,3,0,19,22.0,66.0,197.0,342.93,1158.3917103612337,802.095,1.0,0.0,0.0,0.0,5.0,2.0
Bournemouth,time_block,1983555,for,0-15,72,1,52,42,50,21,17,14,21,21,1,0,2,0,8,6,1,18,9,13,5,6,39,1,0,0,1,1,0,0,1,0,1,0,0,0,0,0,0,0,0,0,0,4,3,7,3,11,6,0,2,4,3,5,0,10,8,9,0,4,1,11,16.0,56.0,153.0,135.55500000000004,992.9125808405361,952.35,0.0,0.0,0.0,0.0,0.0,1.0
Bournemouth,time_block,1983555,for,16-30,90,2,66,51,61,31,24,11,18,33,1,0,1,0,13,5,0,12,10,9,6,9,57,0,1,1,1,1,0,0,1,0,1,0,1,1,0,1,0,0,0,0,0,4,2,11,6,15,8,0,3,0,3,5,3,9,8,5,2,1,3,19,20.0,70.0,193.0,14.700000000000001,1142.0804518307848,712.425,0.0,0.0,0.0,0.0,7.0,1.0
Bournemouth,time_block,1983555,for,31-45,87,1,46,32,43,27,10,9,8,24,0,0,0,0,12,6,0,8,3,5,1,5,41,0,2,1,2,1,1,0,1,1,1,0,0,0,0,0,0,0,0,4,1,7,3,17,7,24,10,0,4,2,14,11,0,9,25,4,2,1,2,23,24.0,47.0,135.0,330.33000000000004,850.8605675874271,747.81,0.0,1.0,0.0,0.0,7.0,2.0
Bournemouth,time_block,1983555,for,46-60,71,0,51,41,45,20,19,12,6,35,0,0,0,0,9,4,0,3,1,3,0,0,48,0,0,0,0,0,0,0,0,0,0,0,0,0,0,0,0,0,0,2,1,3,0,10,5,13,5,0,2,2,4,3,0,8,7,7,1,3,2,14,16.0,54.0,125.0,21.31499999999999,871.86745901548,481.74,0.0,0.0,0.0,0.0,3.0,0.0
Bournemouth,time_block,1983555,for,61-75,62,0,44,34,42,21,12,11,3,31,1,0,1,0,11,8,0,0,0,0,0,3,44,0,0,0,0,0,0,0,0,0,0,0,0,0,0,0,0,0,0,0,0,5,3,4,2,9,5,1,1,2,3,6,2,7,9,5,0,2,0,13,15.0,46.0,175.0,155.085,892.6116769164407,418.95,0.0,0.0,0.0,0.0,5.0,0.0
Bournemouth,time_block,1983555,for,76+,118,2,85,70,82,38,28,19,39,31,1,0,4,1,16,5,0,20,12,7,8,9,78,2,1,1,1,1,0,0,1,0,1,0,0,0,0,0,0,0,0,3,0,3,0,13,7,16,7,0,4,3,2,7,1,9,9,4,1,0,3,22,26.0,92.0,222.0,76.44,1434.0200264870762,1364.16,0.0,0.0,0.0,0.0,3.0,1.0
Bournemouth,game_state,1983555,against,-2 or worse,0,0,0,0,0,0,0,0,0,0,0,0,0,0,0,0,0,0,0,0,0,0,0,0,0,0,0,0,0,0,0,0,0,0,0,0,0,0,0,0,0,0,0,0,0,0,0,0,0,0,0,0,0,0,0,0,0,0,0,0,0,0,0.0,0.0,0.0,0.0,0.0,0.0,0.0,0.0,0.0,0.0,0.0,0.0
Bournemouth,game_state,1983555,against,-1,12,0,7,5,6,5,1,1,4,1,0,0,0,0,3,2,0,5,5,3,2,2,4,0,0,0,0,0,0,0,0,0,0,0,0,0,0,0,0,0,0,1,0,0,0,2,0,2,0,0,0,0,2,1,0,0,3,0,0,0,0,4,4.0,7.0,17.0,43.26,114.15857472491206,156.135,0.0,0.0,0.0,0.0,0.0,0.0
Bournemouth,game_state,1983555,against,Level,273,9,216,195,212,76,54,86,72,123,3,2,6,3,10,5,4,39,32,33,13,14,183,2,4,4,4,2,1,1,4,0,2,0,1,1,0,1,0,0,0,5,2,7,3,18,9,25,12,0,3,3,5,15,1,11,20,8,0,4,4,32,44.0,228.0,692.0,624.855,3746.0762329237964,1930.005,1.0,2.0,1.0,0.0,7.0,4.0
Bournemouth,game_state,1983555,against,+1,547,28,435,384,423,158,93,184,227,157,13,3,18,6,25,11,5,136,111,115,33,54,320,6,6,5,9,4,3,2,7,2,4,0,1,1,0,1,0,0,0,11,4,19,12,47,23,66,35,0,12,5,4,30,3,29,34,26,2,7,7,73,99.0,463.0,1280.0,1167.495,6899.895621131066,5411.385,5.0,3.0,7.0,0.0,8.0,9.0
Bournemouth,game_state,1983555,against,+2 or better,0,0,0,0,0,0,0,0,0,0,0,0,0,0,0,0,0,0,0,0,0,0,0,0,0,0,0,0,0,0,0,0,0,0,0,0,0,0,0,0,0,0,0,0,0,0,0,0,0,0,0,0,0,0,0,0,0,0,0,0,0,0,0.0,0.0,0.0,0.0,0.0,0.0,0.0,0.0,0.0,0.0,0.0,0.0
Bournemouth,game_state,1983555,for,-2 or worse,0,0,0,0,0,0,0,0,0,0,0,0,0,0,0,0,0,0,0,0,0,0,0,0,0,0,0,0,0,0,0,0,0,0,0,0,0,0,0,0,0,0,0,0,0,0,0,0,0,0,0,0,0,0,0,0,0,0,0,0,0,0,0.0,0.0,0.0,0.0,0.0,0.0,0.0,0.0,0.0,0.0,0.0,0.0
Bournemouth,game_state,1983555,for,-1,12,0,7,3,7,6,1,0,2,1,0,0,0,0,5,2,0,2,1,0,1,2,7,0,0,0,0,0,0,0,0,0,0,0,0,0,0,0,0,0,0,0,0,0,0,2,2,2,2,0,2,0,0,1,0,2,1,0,0,0,0,5,5.0,8.0,14.0,16.80000000000001,89.7736808752824,179.445,0.0,0.0,0.0,0.0,2.0,0.0
Bournemouth,game_state,1983555,for,Level,191,4,144,121,137,58,54,32,59,62,3,0,4,0,23,12,1,35,23,25,12,16,119,1,1,1,2,2,0,0,2,0,2,0,1,1,0,1,0,0,0,1,0,7,4,16,7,23,11,0,3,6,6,10,4,19,16,15,2,4,4,29,35.0,154.0,420.0,153.09,2700.2896542604753,1791.51,0.0,0.0,0.0,0.0,2.0,2.0
Bournemouth,game_state,1983555,for,+1,297,2,193,146,179,94,55,44,34,112,1,0,4,1,41,20,0,24,11,12,7,14,181,2,3,2,3,2,1,0,2,1,2,0,0,0,0,0,0,0,0,8,2,19,7,44,21,63,28,1,11,7,23,26,2,31,49,19,4,7,7,68,77.0,203.0,569.0,563.5350000000001,3394.289427541987,2706.48,0.0,1.0,0.0,0.0,21.0,3.0
Bournemouth,game_state,1983555,for,+2 or better,0,0,0,0,0,0,0,0,0,0,0,0,0,0,0,0,0,0,0,0,0,0,0,0,0,0,0,0,0,0,0,0,0,0,0,0,0,0,0,0,0,0,0,0,0,0,0,0,0,0,0,0,0,0,0,0,0,0,0,0,0,0,0.0,0.0,0.0,0.0,0.0,0.0,0.0,0.0,0.0,0.0,0.0,0.0
Bournemouth,total,1983555,against,Season,832,37,658,584,641,239,148,271,303,281,16,5,24,9,38,18,9,180,148,151,48,70,507,8,10,9,13,6,4,3,11,2,6,0,2,2,0,2,0,0,0,17,6,26,15,67,32,93,47,0,15,8,11,46,4,40,57,34,2,11,11,109,147.0,698.0,1989.0,1835.61,10760.130428779776,7497.525,6.0,5.0,8.0,0.0,15.0,13.0
Bournemouth,total,1983555,for,Season,500,6,344,270,323,158,110,76,95,175,4,0,8,1,69,34,1,61,35,37,20,32,307,3,4,3,5,4,1,0,4,1,4,0,1,1,0,1,0,0,0,9,2,26,11,62,30,88,41,1,16,13,29,37,6,52,66,34,6,11,11,102,117.0,365.0,1003.0,733.4250000000001,6184.352762677745,4677.435,0.0,1.0,0.0,0.0,25.0,5.0
Everton,time_block,1983556,against,0-15,113,4,78,61,77,34,27,17,16,45,2,1,5,1,12,5,0,17,10,8,6,8,70,2,2,1,2,1,1,0,2,0,1,0,0,0,0,0,0,0,0,0,0,8,5,8,5,16,10,0,4,2,5,7,2,10,12,7,1,1,1,20,29.0,90.0,298.0,154.14,1406.9378995257487,1453.935,0.0,0.0,0.0,0.0,4.0,2.0
Everton,time_block,1983556,against,16-30,90,3,60,51,56,27,11,22,24,27,0,0,0,0,6,1,0,18,14,13,6,7,47,0,2,1,2,1,1,0,0,2,0,1,0,0,0,0,0,0,0,0,0,5,3,5,3,10,6,0,1,1,6,5,1,5,11,4,0,2,2,15,20.0,67.0,172.0,362.565,1026.4785322017453,787.8149999999999,0.0,2.0,2.0,0.0,2.0,2.0
Everton,time_block,1983556,against,31-45,121,3,84,73,82,40,23,21,29,44,1,0,2,0,12,6,0,31,24,18,10,12,66,1,3,1,3,1,1,1,2,1,1,0,1,1,0,1,0,0,0,3,0,4,4,17,4,21,8,0,3,3,6,10,0,10,16,8,1,3,1,24,29.0,90.0,274.0,487.4100000000001,1525.5796337480824,1224.93,0.0,2.0,0.0,0.0,6.0,3.0
Everton,time_block,1983556,against,46-60,103,3,74,58,67,35,17,22,21,37,2,1,4,1,10,3,0,17,9,8,6,8,66,2,1,1,1,0,0,1,1,0,0,0,0,0,0,0,0,0,0,2,1,5,1,16,10,21,11,0,2,1,0,8,1,6,8,4,1,1,7,21,28.0,82.0,190.0,161.70000000000002,1134.1119837929762,1301.685,0.0,0.0,0.0,0.0,3.0,1.0
Everton,time_block,1983556,against,61-75,125,8,91,78,89,38,25,28,44,34,3,1,5,3,10,5,0,18,12,15,7,13,76,2,3,3,3,1,1,1,3,0,1,0,0,0,0,0,0,0,0,2,0,5,4,9,2,14,6,0,2,0,6,8,0,5,14,3,1,2,0,20,26.0,100.0,246.0,367.815,1553.8490336064672,1257.165,2.0,0.0,0.0,0.0,6.0,3.0
Everton,time_block,1983556,against,76+,111,7,66,53,63,33,15,18,30,23,2,0,7,1,7,2,0,28,22,20,10,9,46,3,3,3,6,1,1,4,5,1,1,0,0,0,0,0,0,0,0,4,4,12,7,16,13,28,20,0,6,2,3,9,3,14,12,9,1,2,3,16,35.0,76.0,165.0,312.47999999999996,1145.8961512082549,1723.68,1.0,1.0,1.0,0.0,7.0,6.0
Everton,time_block,1983556,for,0-15,76,3,38,27,35,19,11,8,13,14,2,0,4,1,8,2,0,11,5,9,1,3,29,2,2,1,3,1,1,1,2,1,1,0,0,0,0,0,0,0,0,2,1,8,3,9,3,17,6,0,1,3,6,6,3,8,12,6,0,1,1,19,26.0,46.0,94.0,54.075000000000045,646.4513562820674,1332.345,0.0,1.0,0.0,0.0,3.0,3.0
Everton,time_block,1983556,for,16-30,78,5,47,36,43,22,11,14,22,14,0,0,2,0,10,4,0,16,10,5,6,3,42,1,3,0,5,3,2,0,1,4,1,2,0,0,0,0,0,0,0,3,0,5,2,7,2,12,4,0,0,1,4,4,2,5,8,4,0,2,2,18,24.0,55.0,149.0,163.37999999999997,780.1670873187051,1051.26,0.0,2.0,0.0,0.0,4.0,5.0
Everton,time_block,1983556,for,31-45,121,4,77,61,72,35,14,28,36,25,5,1,6,1,14,2,0,28,21,18,8,9,59,1,1,1,1,0,1,0,1,0,0,0,0,0,0,0,0,0,0,4,1,4,0,18,13,22,13,0,9,1,3,10,1,12,13,5,0,1,3,25,31.0,88.0,253.0,305.34000000000003,1274.2494462031784,1320.27,1.0,1.0,1.0,0.0,5.0,1.0
Everton,time_block,1983556,for,46-60,56,2,26,18,25,14,2,10,6,12,0,0,0,0,3,0,0,9,4,4,2,2,22,0,1,1,1,1,0,0,1,0,1,0,0,0,0,0,0,0,0,4,1,5,4,17,6,22,10,0,4,2,8,9,1,15,17,11,1,7,1,12,19.0,29.0,70.0,232.47,367.6125316225507,805.77,0.0,0.0,2.0,1.0,4.0,1.0
Everton,time_block,1983556,for,61-75,97,1,63,54,61,33,13,17,19,35,3,0,4,0,8,3,0,24,19,16,6,11,47,1,0,0,0,0,0,0,0,0,0,0,0,0,0,0,0,0,0,2,1,5,1,9,7,14,8,0,4,3,4,9,0,7,13,3,0,0,2,16,25.0,69.0,171.0,385.875,1019.4210839550765,1050.5249999999999,0.0,0.0,0.0,0.0,4.0,0.0
Everton,time_block,1983556,for,76+,101,6,62,46,58,30,8,24,19,27,2,0,4,0,7,0,0,22,12,17,2,8,45,2,1,0,3,1,2,0,2,1,1,0,1,1,0,1,0,0,0,4,1,12,5,16,3,28,8,0,0,1,4,10,1,9,14,8,4,3,2,25,30.0,68.0,188.0,398.37,808.9149240959916,1494.78,0.0,2.0,1.0,0.0,6.0,3.0
Everton,game_state,1983556,against,-2 or worse,0,0,0,0,0,0,0,0,0,0,0,0,0,0,0,0,0,0,0,0,0,0,0,0,0,0,0,0,0,0,0,0,0,0,0,0,0,0,0,0,0,0,0,0,0,0,0,0,0,0,0,0,0,0,0,0,0,0,0,0,0,0,0.0,0.0,0.0,0.0,0.0,0.0,0.0,0.0,0.0,0.0,0.0,0.0
Everton,game_state,1983556,against,-1,362,18,250,205,238,113,61,76,101,104,6,2,14,5,32,14,0,69,48,46,26,31,204,7,7,7,10,2,2,6,9,1,2,0,0,0,0,0,0,0,0,10,5,25,16,44,23,69,39,0,9,3,11,28,4,24,39,16,3,5,9,66,94.0,275.0,659.0,986.475,4194.477223370022,4475.94,3.0,1.0,1.0,0.0,15.0,10.0
Everton,game_state,1983556,against,Level,301,10,203,169,196,94,57,52,63,106,4,1,9,1,25,8,0,60,43,36,19,26,167,3,7,3,7,3,3,1,4,3,2,1,1,1,0,1,0,0,0,1,0,14,8,27,14,41,22,0,9,6,15,19,3,26,34,19,2,6,5,50,73.0,230.0,686.0,859.635,3598.376010713252,3273.27,0.0,4.0,2.0,0.0,13.0,7.0
Everton,game_state,1983556,against,+1,0,0,0,0,0,0,0,0,0,0,0,0,0,0,0,0,0,0,0,0,0,0,0,0,0,0,0,0,0,0,0,0,0,0,0,0,0,0,0,0,0,0,0,0,0,0,0,0,0,0,0,0,0,0,0,0,0,0,0,0,0,0,0.0,0.0,0.0,0.0,0.0,0.0,0.0,0.0,0.0,0.0,0.0,0.0
Everton,game_state,1983556,against,+2 or better,0,0,0,0,0,0,0,0,0,0,0,0,0,0,0,0,0,0,0,0,0,0,0,0,0,0,0,0,0,0,0,0,0,0,0,0,0,0,0,0,0,0,0,0,0,0,0,0,0,0,0,0,0,0,0,0,0,0,0,0,0,0,0.0,0.0,0.0,0.0,0.0,0.0,0.0,0.0,0.0,0.0,0.0,0.0
Everton,game_state,1983556,for,-2 or worse,0,0,0,0,0,0,0,0,0,0,0,0,0,0,0,0,0,0,0,0,0,0,0,0,0,0,0,0,0,0,0,0,0,0,0,0,0,0,0,0,0,0,0,0,0,0,0,0,0,0,0,0,0,0,0,0,0,0,0,0,0,0,0.0,0.0,0.0,0.0,0.0,0.0,0.0,0.0,0.0,0.0,0.0,0.0
Everton,game_state,1983556,for,-1,280,8,171,132,163,86,30,55,45,87,6,0,10,0,26,4,0,55,33,37,8,21,134,4,3,2,4,2,2,0,3,1,2,0,1,1,0,1,0,0,0,9,3,25,9,45,21,70,30,0,13,5,15,31,3,35,46,23,5,9,5,58,83.0,189.0,474.0,971.5649999999999,2461.422721660418,3737.895,0.0,2.0,2.0,1.0,15.0,4.0
Everton,game_state,1983556,for,Level,249,13,142,110,131,67,29,46,70,40,6,1,10,2,24,7,0,55,38,32,17,15,110,3,5,1,9,4,4,1,4,5,2,2,0,0,0,0,0,0,0,10,2,14,6,31,13,45,19,0,5,6,14,17,5,21,31,14,0,5,6,57,72.0,166.0,451.0,567.945,2435.3937078171516,3317.055,1.0,4.0,2.0,0.0,11.0,9.0
Everton,game_state,1983556,for,+1,0,0,0,0,0,0,0,0,0,0,0,0,0,0,0,0,0,0,0,0,0,0,0,0,0,0,0,0,0,0,0,0,0,0,0,0,0,0,0,0,0,0,0,0,0,0,0,0,0,0,0,0,0,0,0,0,0,0,0,0,0,0,0.0,0.0,0.0,0.0,0.0,0.0,0.0,0.0,0.0,0.0,0.0,0.0
Everton,game_state,1983556,for,+2 or better,0,0,0,0,0,0,0,0,0,0,0,0,0,0,0,0,0,0,0,0,0,0,0,0,0,0,0,0,0,0,0,0,0,0,0,0,0,0,0,0,0,0,0,0,0,0,0,0,0,0,0,0,0,0,0,0,0,0,0,0,0,0,0.0,0.0,0.0,0.0,0.0,0.0,0.0,0.0,0.0,0.0,0.0,0.0
Everton,total,1983556,against,Season,663,28,453,374,434,207,118,128,164,210,10,3,23,6,57,22,0,129,91,82,45,57,371,10,14,10,17,5,5,7,13,4,4,1,1,1,0,1,0,0,0,11,5,39,24,71,37,110,61,0,18,9,26,47,7,50,73,35,5,11,14,116,167.0,505.0,1345.0,1846.1100000000001,7792.853234083274,7749.21,3.0,5.0,3.0,0.0,28.0,17.0
Everton,total,1983556,for,Season,529,21,313,242,294,153,59,101,115,127,12,1,20,2,50,11,0,110,71,69,25,36,244,7,8,3,13,6,6,1,7,6,4,2,1,1,0,1,0,0,0,19,5,39,15,76,34,115,49,0,18,11,29,48,8,56,77,37,5,14,11,115,155.0,355.0,925.0,1539.51,4896.81642947757,7054.95,1.0,6.0,4.0,1.0,26.0,13.0
Bournemouth,time_block,1983556,against,0-15,76,3,38,27,35,19,11,8,13,14,2,0,4,1,8,2,0,11,5,9,1,3,29,2,2,1,3,1,1,1,2,1,1,0,0,0,0,0,0,0,0,2,1,8,3,9,3,17,6,0,1,3,6,6,3,8,12,6,0,1,1,19,26.0,46.0,94.0,54.075000000000045,646.4513562820674,1332.345,0.0,1.0,0.0,0.0,3.0,3.0
Bournemouth,time_block,1983556,against,16-30,78,5,47,36,43,22,11,14,22,14,0,0,2,0,10,4,0,16,10,5,6,3,42,1,3,0,5,3,2,0,1,4,1,2,0,0,0,0,0,0,0,3,0,5,2,7,2,12,4,0,0,1,4,4,2,5,8,4,0,2,2,18,24.0,55.0,149.0,163.37999999999997,780.1670873187051,1051.26,0.0,2.0,0.0,0.0,4.0,5.0
Bournemouth,time_block,1983556,against,31-45,121,4,77,61,72,35,14,28,36,25,5,1,6,1,14,2,0,28,21,18,8,9,59,1,1,1,1,0,1,0,1,0,0,0,0,0,0,0,0,0,0,4,1,4,0,18,13,22,13,0,9,1,3,10,1,12,13,5,0,1,3,25,31.0,88.0,253.0,305.34000000000003,1274.2494462031784,1320.27,1.0,1.0,1.0,0.0,5.0,1.0
Bournemouth,time_block,1983556,against,46-60,56,2,26,18,25,14,2,10,6,12,0,0,0,0,3,0,0,9,4,4,2,2,22,0,1,1,1,1,0,0,1,0,1,0,0,0,0,0,0,0,0,4,1,5,4,17,6,22,10,0,4,2,8,9,1,15,17,11,1,7,1,12,19.0,29.0,70.0,232.47,367.6125316225507,805.77,0.0,0.0,2.0,1.0,4.0,1.0
Bournemouth,time_block,1983556,against,61-75,97,1,63,54,61,33,13,17,19,35,3,0,4,0,8,3,0,24,19,16,6,11,47,1,0,0,0,0,0,0,0,0,0,0,0,0,0,0,0,0,0,2,1,5,1,9,7,14,8,0,4,3,4,9,0,7,13,3,0,0,2,16,25.0,69.0,171.0,385.875,1019.4210839550765,1050.5249999999999,0.0,0.0,0.0,0.0,4.0,0.0
Bournemouth,time_block,1983556,against,76+,101,6,62,46,58,30,8,24,19,27,2,0,4,0,7,0,0,22,12,17,2,8,45,2,1,0,3,1,2,0,2,1,1,0,1,1,0,1,0,0,0,4,1,12,5,16,3,28,8,0,0,1,4,10,1,9,14,8,4,3,2,25,30.0,68.0,188.0,398.37,808.9149240959916,1494.78,0.0,2.0,1.0,0.0,6.0,3.0
Bournemouth,time_block,1983556,for,0-15,113,4,78,61,77,34,27,17,16,45,2,1,5,1,12,5,0,17,10,8,6,8,70,2,2,1,2,1,1,0,2,0,1,0,0,0,0,0,0,0,0,0,0,8,5,8,5,16,10,0,4,2,5,7,2,10,12,7,1,1,1,20,29.0,90.0,298.0,154.14,1406.9378995257487,1453.935,0.0,0.0,0.0,0.0,4.0,2.0
Bournemouth,time_block,1983556,for,16-30,90,3,60,51,56,27,11,22,24,27,0,0,0,0,6,1,0,18,14,13,6,7,47,0,2,1,2,1,1,0,0,2,0,1,0,0,0,0,0,0,0,0,0,5,3,5,3,10,6,0,1,1,6,5,1,5,11,4,0,2,2,15,20.0,67.0,172.0,362.565,1026.4785322017453,787.8149999999999,0.0,2.0,2.0,0.0,2.0,2.0
Bournemouth,time_block,1983556,for,31-45,121,3,84,73,82,40,23,21,29,44,1,0,2,0,12,6,0,31,24,18,10,12,66,1,3,1,3,1,1,1,2,1,1,0,1,1,0,1,0,0,0,3,0,4,4,17,4,21,8,0,3,3,6,10,0,10,16,8,1,3,1,24,29.0,90.0,274.0,487.4100000000001,1525.5796337480824,1224.93,0.0,2.0,0.0,0.0,6.0,3.0
Bournemouth,time_block,1983556,for,46-60,103,3,74,58,67,35,17,22,21,37,2,1,4,1,10,3,0,17,9,8,6,8,66,2,1,1,1,0,0,1,1,0,0,0,0,0,0,0,0,0,0,2,1,5,1,16,10,21,11,0,2,1,0,8,1,6,8,4,1,1,7,21,28.0,82.0,190.0,161.70000000000002,1134.1119837929762,1301.685,0.0,0.0,0.0,0.0,3.0,1.0
Bournemouth,time_block,1983556,for,61-75,125,8,91,78,89,38,25,28,44,34,3,1,5,3,10,5,0,18,12,15,7,13,76,2,3,3,3,1,1,1,3,0,1,0,0,0,0,0,0,0,0,2,0,5,4,9,2,14,6,0,2,0,6,8,0,5,14,3,1,2,0,20,26.0,100.0,246.0,367.815,1553.8490336064672,1257.165,2.0,0.0,0.0,0.0,6.0,3.0
Bournemouth,time_block,1983556,for,76+,111,7,66,53,63,33,15,18,30,23,2,0,7,1,7,2,0,28,22,20,10,9,46,3,3,3,6,1,1,4,5,1,1,0,0,0,0,0,0,0,0,4,4,12,7,16,13,28,20,0,6,2,3,9,3,14,12,9,1,2,3,16,35.0,76.0,165.0,312.47999999999996,1145.8961512082549,1723.68,1.0,1.0,1.0,0.0,7.0,6.0
Bournemouth,game_state,1983556,against,-2 or worse,0,0,0,0,0,0,0,0,0,0,0,0,0,0,0,0,0,0,0,0,0,0,0,0,0,0,0,0,0,0,0,0,0,0,0,0,0,0,0,0,0,0,0,0,0,0,0,0,0,0,0,0,0,0,0,0,0,0,0,0,0,0,0.0,0.0,0.0,0.0,0.0,0.0,0.0,0.0,0.0,0.0,0.0,0.0
Bournemouth,game_state,1983556,against,-1,0,0,0,0,0,0,0,0,0,0,0,0,0,0,0,0,0,0,0,0,0,0,0,0,0,0,0,0,0,0,0,0,0,0,0,0,0,0,0,0,0,0,0,0,0,0,0,0,0,0,0,0,0,0,0,0,0,0,0,0,0,0,0.0,0.0,0.0,0.0,0.0,0.0,0.0,0.0,0.0,0.0,0.0,0.0
Bournemouth,game_state,1983556,against,Level,249,13,142,110,131,67,29,46,70,40,6,1,10,2,24,7,0,55,38,32,17,15,110,3,5,1,9,4,4,1,4,5,2,2,0,0,0,0,0,0,0,10,2,14,6,31,13,45,19,0,5,6,14,17,5,21,31,14,0,5,6,57,72.0,166.0,451.0,567.945,2435.3937078171516,3317.055,1.0,4.0,2.0,0.0,11.0,9.0
Bournemouth,game_state,1983556,against,+1,280,8,171,132,163,86,30,55,45,87,6,0,10,0,26,4,0,55,33,37,8,21,134,4,3,2,4,2,2,0,3,1,2,0,1,1,0,1,0,0,0,9,3,25,9,45,21,70,30,0,13,5,15,31,3,35,46,23,5,9,5,58,83.0,189.0,474.0,971.5649999999999,2461.422721660418,3737.895,0.0,2.0,2.0,1.0,15.0,4.0
Bournemouth,game_state,1983556,against,+2 or better,0,0,0,0,0,0,0,0,0,0,0,0,0,0,0,0,0,0,0,0,0,0,0,0,0,0,0,0,0,0,0,0,0,0,0,0,0,0,0,0,0,0,0,0,0,0,0,0,0,0,0,0,0,0,0,0,0,0,0,0,0,0,0.0,0.0,0.0,0.0,0.0,0.0,0.0,0.0,0.0,0.0,0.0,0.0
Bournemouth,game_state,1983556,for,-2 or worse,0,0,0,0,0,0,0,0,0,0,0,0,0,0,0,0,0,0,0,0,0,0,0,0,0,0,0,0,0,0,0,0,0,0,0,0,0,0,0,0,0,0,0,0,0,0,0,0,0,0,0,0,0,0,0,0,0,0,0,0,0,0,0.0,0.0,0.0,0.0,0.0,0.0,0.0,0.0,0.0,0.0,0.0,0.0
Bournemouth,game_state,1983556,for,-1,0,0,0,0,0,0,0,0,0,0,0,0,0,0,0,0,0,0,0,0,0,0,0,0,0,0,0,0,0,0,0,0,0,0,0,0,0,0,0,0,0,0,0,0,0,0,0,0,0,0,0,0,0,0,0,0,0,0,0,0,0,0,0.0,0.0,0.0,0.0,0.0,0.0,0.0,0.0,0.0,0.0,0.0,0.0
Bournemouth,game_state,1983556,for,Level,301,10,203,169,196,94,57,52,63,106,4,1,9,1,25,8,0,60,43,36,19,26,167,3,7,3,7,3,3,1,4,3,2,1,1,1,0,1,0,0,0,1,0,14,8,27,14,41,22,0,9,6,15,19,3,26,34,19,2,6,5,50,73.0,230.0,686.0,859.635,3598.376010713252,3273.27,0.0,4.0,2.0,0.0,13.0,7.0
Bournemouth,game_state,1983556,for,+1,362,18,250,205,238,113,61,76,101,104,6,2,14,5,32,14,0,69,48,46,26,31,204,7,7,7,10,2,2,6,9,1,2,0,0,0,0,0,0,0,0,10,5,25,16,44,23,69,39,0,9,3,11,28,4,24,39,16,3,5,9,66,94.0,275.0,659.0,986.475,4194.477223370022,4475.94,3.0,1.0,1.0,0.0,15.0,10.0
Bournemouth,game_state,1983556,for,+2 or better,0,0,0,0,0,0,0,0,0,0,0,0,0,0,0,0,0,0,0,0,0,0,0,0,0,0,0,0,0,0,0,0,0,0,0,0,0,0,0,0,0,0,0,0,0,0,0,0,0,0,0,0,0,0,0,0,0,0,0,0,0,0,0.0,0.0,0.0,0.0,0.0,0.0,0.0,0.0,0.0,0.0,0.0,0.0
Bournemouth,total,1983556,against,Season,529,21,313,242,294,153,59,101,115,127,12,1,20,2,50,11,0,110,71,69,25,36,244,7,8,3,13,6,6,1,7,6,4,2,1,1,0,1,0,0,0,19,5,39,15,76,34,115,49,0,18,11,29,48,8,56,77,37,5,14,11,115,155.0,355.0,925.0,1539.51,4896.81642947757,7054.95,1.0,6.0,4.0,1.0,26.0,13.0
Bournemouth,total,1983556,for,Season,663,28,453,374,434,207,118,128,164,210,10,3,23,6,57,22,0,129,91,82,45,57,371,10,14,10,17,5,5,7,13,4,4,1,1,1,0,1,0,0,0,11,5,39,24,71,37,110,61,0,18,9,26,47,7,50,73,35,5,11,14,116,167.0,505.0,1345.0,1846.1100000000001,7792.853234083274,7749.21,3.0,5.0,3.0,0.0,28.0,17.0
Crystal Palace,time_block,1983557,against,0-15,160,8,126,120,121,41,30,55,59,61,3,0,3,0,5,4,0,27,25,22,9,9,104,1,3,2,4,2,1,1,3,1,1,1,0,0,0,0,0,0,0,5,1,4,4,10,2,14,6,0,0,0,7,4,1,2,11,1,0,1,1,14,21.0,134.0,415.0,507.57,2358.785636468029,934.605,3.0,0.0,0.0,0.0,2.0,5.0
Crystal Palace,time_block,1983557,against,16-30,118,7,88,84,88,32,23,33,56,28,2,1,4,1,5,4,0,22,20,18,8,11,70,1,3,3,4,1,3,0,3,1,1,0,1,1,0,1,0,0,0,2,1,3,1,15,4,18,5,0,2,1,2,7,0,8,9,5,2,3,1,13,19.0,100.0,304.0,141.32999999999998,1682.4828160345153,1016.085,1.0,1.0,0.0,0.0,2.0,3.0
Crystal Palace,time_block,1983557,against,31-45,156,7,122,107,117,46,24,52,71,36,2,1,2,1,10,6,0,42,33,39,12,14,83,0,3,3,3,2,1,0,3,0,2,0,0,0,0,0,0,0,0,12,6,4,3,23,11,27,14,0,3,1,3,6,1,10,9,8,3,2,2,22,24.0,127.0,444.0,431.65500000000003,2137.52125359459,1099.56,0.0,0.0,2.0,0.0,2.0,3.0
Crystal Palace,time_block,1983557,against,46-60,129,6,101,91,100,34,33,34,47,44,1,0,3,1,7,3,0,21,18,17,6,11,84,2,4,2,5,2,1,2,3,2,1,1,2,1,1,2,1,1,0,6,1,4,1,15,4,19,5,0,3,2,0,6,1,11,6,9,2,3,0,16,24.0,102.0,263.0,90.61500000000001,1580.4555265747617,1352.61,1.0,0.0,2.0,2.0,4.0,6.0
Crystal Palace,time_block,1983557,against,61-75,173,3,145,133,142,53,43,49,62,71,1,1,2,2,5,3,0,33,25,29,9,14,116,1,0,0,0,0,0,0,0,0,0,0,0,0,0,0,0,0,0,7,4,2,2,17,10,19,12,0,4,2,1,6,0,8,7,6,1,1,2,19,21.0,168.0,425.0,402.36,2667.9370085285946,935.76,0.0,0.0,0.0,0.0,1.0,0.0
Crystal Palace,time_block,1983557,against,76+,243,4,206,196,203,64,62,80,83,113,0,0,1,0,8,5,2,32,26,26,12,17,180,1,2,1,2,1,1,0,1,1,1,0,1,1,0,1,0,0,0,7,4,1,1,14,8,15,9,0,2,3,2,5,2,8,7,6,0,1,2,19,24.0,195.0,540.0,253.68000000000004,3300.0612916902064,1341.795,0.0,1.0,0.0,0.0,0.0,2.0
Crystal Palace,time_block,1983557,for,0-15,86,6,47,39,46,26,11,10,16,23,2,0,4,0,9,5,0,17,12,10,4,7,37,2,2,1,3,0,2,1,2,1,0,0,0,0,0,0,0,0,0,0,0,4,0,10,8,14,8,0,7,2,5,5,0,11,10,5,1,1,1,10,25.0,55.0,149.0,207.585,963.5334556501101,1417.92,0.0,0.0,0.0,0.0,4.0,3.0
Crystal Palace,time_block,1983557,for,16-30,95,0,68,59,64,32,16,20,9,50,1,0,2,0,4,2,0,5,2,1,1,4,67,0,0,0,0,0,0,0,0,0,0,0,0,0,0,0,0,0,0,3,2,3,2,14,10,17,12,0,5,1,3,4,0,8,7,2,1,1,3,15,17.0,72.0,159.0,147.62999999999997,1070.3019935010584,604.695,0.0,0.0,0.0,0.0,3.0,0.0
Crystal Palace,time_block,1983557,for,31-45,93,5,48,40,47,23,9,16,12,28,6,3,7,4,3,2,0,8,6,3,3,5,45,0,4,3,4,1,3,0,3,1,1,0,0,0,0,0,0,0,0,4,3,4,1,22,11,26,12,0,6,3,5,12,1,18,17,8,6,2,2,15,24.0,56.0,153.0,333.06,865.6724201598533,945.42,0.0,0.0,1.0,0.0,7.0,4.0
Crystal Palace,time_block,1983557,for,46-60,68,2,37,27,34,18,9,10,10,17,1,0,1,0,3,0,0,6,4,4,2,5,33,0,1,1,2,0,2,0,1,1,0,0,1,1,0,0,0,0,0,3,2,4,3,16,11,20,14,0,6,1,3,3,0,8,6,5,1,0,3,16,21.0,40.0,110.0,1.259999999999991,629.6944400660453,896.175,0.0,0.0,2.0,1.0,5.0,2.0
Crystal Palace,time_block,1983557,for,61-75,72,1,48,39,47,23,11,14,10,29,4,0,4,0,7,2,0,10,7,4,4,4,44,0,0,0,0,0,0,0,0,0,0,0,0,0,0,0,0,0,0,4,1,2,0,17,7,19,7,0,5,2,1,6,2,15,7,9,4,2,1,13,17.0,54.0,166.0,200.76,874.8179713377739,584.22,0.0,0.0,0.0,0.0,4.0,0.0
Crystal Palace,time_block,1983557,for,76+,68,0,43,32,40,21,5,17,7,25,0,0,0,0,6,2,0,7,4,2,3,4,41,0,0,0,0,0,0,0,0,0,0,0,0,0,0,0,0,0,0,1,0,1,0,14,6,15,6,0,5,2,4,2,1,14,6,7,4,2,1,15,18.0,49.0,94.0,201.075,686.3403885906075,785.085,0.0,0.0,0.0,0.0,1.0,0.0
Crystal Palace,game_state,1983557,against,-2 or worse,428,7,359,335,353,123,105,131,145,190,1,1,3,2,15,8,2,66,51,55,21,31,304,2,2,1,2,1,1,0,1,1,1,0,1,1,0,1,1,1,0,15,8,3,3,35,18,38,21,0,6,6,3,13,2,20,16,15,3,3,4,41,49.0,371.0,988.0,675.0450000000001,6064.513494683737,2349.585,0.0,1.0,0.0,0.0,4.0,3.0
Crystal Palace,game_state,1983557,against,-1,389,19,303,276,297,106,80,117,174,102,4,1,8,2,20,13,0,84,71,74,26,36,229,3,9,7,11,4,5,2,8,3,3,1,2,1,1,2,0,0,0,19,8,11,5,49,19,60,24,0,8,3,5,17,2,25,22,19,5,7,3,48,63.0,321.0,988.0,644.595,5303.9444017389305,3396.225,2.0,1.0,4.0,2.0,5.0,11.0
Crystal Palace,game_state,1983557,against,Level,162,9,126,120,121,41,30,55,59,61,4,1,4,1,5,4,0,27,25,22,9,9,104,1,4,3,5,3,1,1,4,1,2,1,1,1,0,1,0,0,0,5,1,4,4,10,2,14,6,0,0,0,7,4,1,2,11,1,0,1,1,14,21.0,134.0,415.0,507.57,2358.785636468029,934.605,3.0,0.0,0.0,0.0,2.0,5.0
Crystal Palace,game_state,1983557,against,+1,0,0,0,0,0,0,0,0,0,0,0,0,0,0,0,0,0,0,0,0,0,0,0,0,0,0,0,0,0,0,0,0,0,0,0,0,0,0,0,0,0,0,0,0,0,0,0,0,0,0,0,0,0,0,0,0,0,0,0,0,0,0,0.0,0.0,0.0,0.0,0.0,0.0,0.0,0.0,0.0,0.0,0.0,0.0
Crystal Palace,game_state,1983557,against,+2 or better,0,0,0,0,0,0,0,0,0,0,0,0,0,0,0,0,0,0,0,0,0,0,0,0,0,0,0,0,0,0,0,0,0,0,0,0,0,0,0,0,0,0,0,0,0,0,0,0,0,0,0,0,0,0,0,0,0,0,0,0,0,0,0.0,0.0,0.0,0.0,0.0,0.0,0.0,0.0,0.0,0.0,0.0,0.0
Crystal Palace,game_state,1983557,for,-2 or worse,158,1,102,79,98,49,21,32,19,60,5,0,5,0,15,4,0,19,11,7,7,10,95,0,0,0,1,0,1,0,0,1,0,0,1,1,0,0,0,0,0,8,3,3,0,36,17,39,17,0,11,4,5,10,3,30,15,17,8,4,3,32,41.0,115.0,308.0,416.01,1819.6653326371638,1696.59,0.0,0.0,1.0,0.0,5.0,1.0
Crystal Palace,game_state,1983557,for,-1,238,7,142,118,134,68,29,45,29,89,7,3,9,4,8,4,0,17,12,7,6,12,135,0,5,4,5,1,4,0,4,1,1,0,0,0,0,0,0,0,0,7,5,11,6,47,28,58,34,0,16,5,11,17,1,33,28,14,8,3,7,42,56.0,156.0,374.0,467.775,2307.161881018175,2119.005,0.0,0.0,2.0,1.0,15.0,5.0
Crystal Palace,game_state,1983557,for,Level,86,6,47,39,46,26,11,10,16,23,2,0,4,0,9,5,0,17,12,10,4,7,37,2,2,1,3,0,2,1,2,1,0,0,0,0,0,0,0,0,0,0,0,4,0,10,8,14,8,0,7,2,5,5,0,11,10,5,1,1,1,10,25.0,55.0,149.0,207.585,963.5334556501101,1417.92,0.0,0.0,0.0,0.0,4.0,3.0
Crystal Palace,game_state,1983557,for,+1,0,0,0,0,0,0,0,0,0,0,0,0,0,0,0,0,0,0,0,0,0,0,0,0,0,0,0,0,0,0,0,0,0,0,0,0,0,0,0,0,0,0,0,0,0,0,0,0,0,0,0,0,0,0,0,0,0,0,0,0,0,0,0.0,0.0,0.0,0.0,0.0,0.0,0.0,0.0,0.0,0.0,0.0,0.0
Crystal Palace,game_state,1983557,for,+2 or better,0,0,0,0,0,0,0,0,0,0,0,0,0,0,0,0,0,0,0,0,0,0,0,0,0,0,0,0,0,0,0,0,0,0,0,0,0,0,0,0,0,0,0,0,0,0,0,0,0,0,0,0,0,0,0,0,0,0,0,0,0,0,0.0,0.0,0.0,0.0,0.0,0.0,0.0,0.0,0.0,0.0,0.0,0.0
Crystal Palace,total,1983557,against,Season,979,35,788,731,771,270,215,303,378,353,9,3,15,5,40,25,2,177,147,151,56,76,637,6,15,11,18,8,7,3,13,5,6,2,4,3,1,4,1,1,0,39,17,18,12,94,39,112,51,0,14,9,15,34,5,47,49,35,8,11,8,103,133.0,826.0,2391.0,1827.21,13727.243532890696,6680.415,5.0,2.0,4.0,2.0,11.0,19.0
Crystal Palace,total,1983557,for,Season,482,14,291,236,278,143,61,87,64,172,14,3,18,4,32,13,0,53,35,24,17,29,267,2,7,5,9,1,7,1,6,3,1,0,1,1,0,0,0,0,0,15,8,18,6,93,53,111,59,0,34,11,21,32,4,74,53,36,17,8,11,84,122.0,326.0,831.0,1091.37,5090.360669305449,5233.515,0.0,0.0,3.0,1.0,24.0,9.0
Man City,time_block,1983557,against,0-15,86,6,47,39,46,26,11,10,16,23,2,0,4,0,9,5,0,17,12,10,4,7,37,2,2,1,3,0,2,1,2,1,0,0,0,0,0,0,0,0,0,0,0,4,0,10,8,14,8,0,7,2,5,5,0,11,10,5,1,1,1,10,25.0,55.0,149.0,207.585,963.5334556501101,1417.92,0.0,0.0,0.0,0.0,4.0,3.0
Man City,time_block,1983557,against,16-30,95,0,68,59,64,32,16,20,9,50,1,0,2,0,4,2,0,5,2,1,1,4,67,0,0,0,0,0,0,0,0,0,0,0,0,0,0,0,0,0,0,3,2,3,2,14,10,17,12,0,5,1,3,4,0,8,7,2,1,1,3,15,17.0,72.0,159.0,147.62999999999997,1070.3019935010584,604.695,0.0,0.0,0.0,0.0,3.0,0.0
Man City,time_block,1983557,against,31-45,93,5,48,40,47,23,9,16,12,28,6,3,7,4,3,2,0,8,6,3,3,5,45,0,4,3,4,1,3,0,3,1,1,0,0,0,0,0,0,0,0,4,3,4,1,22,11,26,12,0,6,3,5,12,1,18,17,8,6,2,2,15,24.0,56.0,153.0,333.06,865.6724201598533,945.42,0.0,0.0,1.0,0.0,7.0,4.0
Man City,time_block,1983557,against,46-60,68,2,37,27,34,18,9,10,10,17,1,0,1,0,3,0,0,6,4,4,2,5,33,0,1,1,2,0,2,0,1,1,0,0,1,1,0,0,0,0,0,3,2,4,3,16,11,20,14,0,6,1,3,3,0,8,6,5,1,0,3,16,21.0,40.0,110.0,1.259999999999991,629.6944400660453,896.175,0.0,0.0,2.0,1.0,5.0,2.0
Man City,time_block,1983557,against,61-75,72,1,48,39,47,23,11,14,10,29,4,0,4,0,7,2,0,10,7,4,4,4,44,0,0,0,0,0,0,0,0,0,0,0,0,0,0,0,0,0,0,4,1,2,0,17,7,19,7,0,5,2,1,6,2,15,7,9,4,2,1,13,17.0,54.0,166.0,200.76,874.8179713377739,584.22,0.0,0.0,0.0,0.0,4.0,0.0
Man City,time_block,1983557,against,76+,68,0,43,32,40,21,5,17,7,25,0,0,0,0,6,2,0,7,4,2,3,4,41,0,0,0,0,0,0,0,0,0,0,0,0,0,0,0,0,0,0,1,0,1,0,14,6,15,6,0,5,2,4,2,1,14,6,7,4,2,1,15,18.0,49.0,94.0,201.075,686.3403885906075,785.085,0.0,0.0,0.0,0.0,1.0,0.0
Man City,time_block,1983557,for,0-15,160,8,126,120,121,41,30,55,59,61,3,0,3,0,5,4,0,27,25,22,9,9,104,1,3,2,4,2,1,1,3,1,1,1,0,0,0,0,0,0,0,5,1,4,4,10,2,14,6,0,0,0,7,4,1,2,11,1,0,1,1,14,21.0,134.0,415.0,507.57,2358.785636468029,934.605,3.0,0.0,0.0,0.0,2.0,5.0
Man City,time_block,1983557,for,16-30,118,7,88,84,88,32,23,33,56,28,2,1,4,1,5,4,0,22,20,18,8,11,70,1,3,3,4,1,3,0,3,1,1,0,1,1,0,1,0,0,0,2,1,3,1,15,4,18,5,0,2,1,2,7,0,8,9,5,2,3,1,13,19.0,100.0,304.0,141.32999999999998,1682.4828160345153,1016.085,1.0,1.0,0.0,0.0,2.0,3.0
Man City,time_block,1983557,for,31-45,156,7,122,107,117,46,24,52,71,36,2,1,2,1,10,6,0,42,33,39,12,14,83,0,3,3,3,2,1,0,3,0,2,0,0,0,0,0,0,0,0,12,6,4,3,23,11,27,14,0,3,1,3,6,1,10,9,8,3,2,2,22,24.0,127.0,444.0,431.65500000000003,2137.52125359459,1099.56,0.0,0.0,2.0,0.0,2.0,3.0
Man City,time_block,1983557,for,46-60,129,6,101,91,100,34,33,34,47,44,1,0,3,1,7,3,0,21,18,17,6,11,84,2,4,2,5,2,1,2,3,2,1,1,2,1,1,2,1,1,0,6,1,4,1,15,4,19,5,0,3,2,0,6,1,11,6,9,2,3,0,16,24.0,102.0,263.0,90.61500000000001,1580.4555265747617,1352.61,1.0,0.0,2.0,2.0,4.0,6.0
Man City,time_block,1983557,for,61-75,173,3,145,133,142,53,43,49,62,71,1,1,2,2,5,3,0,33,25,29,9,14,116,1,0,0,0,0,0,0,0,0,0,0,0,0,0,0,0,0,0,7,4,2,2,17,10,19,12,0,4,2,1,6,0,8,7,6,1,1,2,19,21.0,168.0,425.0,402.36,2667.9370085285946,935.76,0.0,0.0,0.0,0.0,1.0,0.0
Man City,time_block,1983557,for,76+,243,4,206,196,203,64,62,80,83,113,0,0,1,0,8,5,2,32,26,26,12,17,180,1,2,1,2,1,1,0,1,1,1,0,1,1,0,1,0,0,0,7,4,1,1,14,8,15,9,0,2,3,2,5,2,8,7,6,0,1,2,19,24.0,195.0,540.0,253.68000000000004,3300.0612916902064,1341.795,0.0,1.0,0.0,0.0,0.0,2.0
Man City,game_state,1983557,against,-2 or worse,0,0,0,0,0,0,0,0,0,0,0,0,0,0,0,0,0,0,0,0,0,0,0,0,0,0,0,0,0,0,0,0,0,0,0,0,0,0,0,0,0,0,0,0,0,0,0,0,0,0,0,0,0,0,0,0,0,0,0,0,0,0,0.0,0.0,0.0,0.0,0.0,0.0,0.0,0.0,0.0,0.0,0.0,0.0
Man City,game_state,1983557,against,-1,0,0,0,0,0,0,0,0,0,0,0,0,0,0,0,0,0,0,0,0,0,0,0,0,0,0,0,0,0,0,0,0,0,0,0,0,0,0,0,0,0,0,0,0,0,0,0,0,0,0,0,0,0,0,0,0,0,0,0,0,0,0,0.0,0.0,0.0,0.0,0.0,0.0,0.0,0.0,0.0,0.0,0.0,0.0
Man City,game_state,1983557,against,Level,86,6,47,39,46,26,11,10,16,23,2,0,4,0,9,5,0,17,12,10,4,7,37,2,2,1,3,0,2,1,2,1,0,0,0,0,0,0,0,0,0,0,0,4,0,10,8,14,8,0,7,2,5,5,0,11,10,5,1,1,1,10,25.0,55.0,149.0,207.585,963.5334556501101,1417.92,0.0,0.0,0.0,0.0,4.0,3.0
Man City,game_state,1983557,against,+1,238,7,142,118,134,68,29,45,29,89,7,3,9,4,8,4,0,17,12,7,6,12,135,0,5,4,5,1,4,0,4,1,1,0,0,0,0,0,0,0,0,7,5,11,6,47,28,58,34,0,16,5,11,17,1,33,28,14,8,3,7,42,56.0,156.0,374.0,467.775,2307.161881018175,2119.005,0.0,0.0,2.0,1.0,15.0,5.0
Man City,game_state,1983557,against,+2 or better,158,1,102,79,98,49,21,32,19,60,5,0,5,0,15,4,0,19,11,7,7,10,95,0,0,0,1,0,1,0,0,1,0,0,1,1,0,0,0,0,0,8,3,3,0,36,17,39,17,0,11,4,5,10,3,30,15,17,8,4,3,32,41.0,115.0,308.0,416.01,1819.6653326371638,1696.59,0.0,0.0,1.0,0.0,5.0,1.0
Man City,game_state,1983557,for,-2 or worse,0,0,0,0,0,0,0,0,0,0,0,0,0,0,0,0,0,0,0,0,0,0,0,0,0,0,0,0,0,0,0,0,0,0,0,0,0,0,0,0,0,0,0,0,0,0,0,0,0,0,0,0,0,0,0,0,0,0,0,0,0,0,0.0,0.0,0.0,0.0,0.0,0.0,0.0,0.0,0.0,0.0,0.0,0.0
Man City,game_state,1983557,for,-1,0,0,0,0,0,0,0,0,0,0,0,0,0,0,0,0,0,0,0,0,0,0,0,0,0,0,0,0,0,0,0,0,0,0,0,0,0,0,0,0,0,0,0,0,0,0,0,0,0,0,0,0,0,0,0,0,0,0,0,0,0,0,0.0,0.0,0.0,0.0,0.0,0.0,0.0,0.0,0.0,0.0,0.0,0.0
Man City,game_state,1983557,for,Level,162,9,126,120,121,41,30,55,59,61,4,1,4,1,5,4,0,27,25,22,9,9,104,1,4,3,5,3,1,1,4,1,2,1,1,1,0,1,0,0,0,5,1,4,4,10,2,14,6,0,0,0,7,4,1,2,11,1,0,1,1,14,21.0,134.0,415.0,507.57,2358.785636468029,934.605,3.0,0.0,0.0,0.0,2.0,5.0
Man City,game_state,1983557,for,+1,389,19,303,276,297,106,80,117,174,102,4,1,8,2,20,13,0,84,71,74,26,36,229,3,9,7,11,4,5,2,8,3,3,1,2,1,1,2,0,0,0,19,8,11,5,49,19,60,24,0,8,3,5,17,2,25,22,19,5,7,3,48,63.0,321.0,988.0,644.595,5303.9444017389305,3396.225,2.0,1.0,4.0,2.0,5.0,11.0
Man City,game_state,1983557,for,+2 or better,428,7,359,335,353,123,105,131,145,190,1,1,3,2,15,8,2,66,51,55,21,31,304,2,2,1,2,1,1,0,1,1,1,0,1,1,0,1,1,1,0,15,8,3,3,35,18,38,21,0,6,6,3,13,2,20,16,15,3,3,4,41,49.0,371.0,988.0,675.0450000000001,6064.513494683737,2349.585,0.0,1.0,0.0,0.0,4.0,3.0
Man City,total,1983557,against,Season,482,14,291,236,278,143,61,87,64,172,14,3,18,4,32,13,0,53,35,24,17,29,267,2,7,5,9,1,7,1,6,3,1,0,1,1,0,0,0,0,0,15,8,18,6,93,53,111,59,0,34,11,21,32,4,74,53,36,17,8,11,84,122.0,326.0,831.0,1091.37,5090.360669305449,5233.515,0.0,0.0,3.0,1.0,24.0,9.0
Man City,total,1983557,for,Season,979,35,788,731,771,270,215,303,378,353,9,3,15,5,40,25,2,177,147,151,56,76,637,6,15,11,18,8,7,3,13,5,6,2,4,3,1,4,1,1,0,39,17,18,12,94,39,112,51,0,14,9,15,34,5,47,49,35,8,11,8,103,133.0,826.0,2391.0,1827.21,13727.243532890696,6680.415,5.0,2.0,4.0,2.0,11.0,19.0
Arsenal,time_block,1983558,against,0-15,89,2,62,44,57,27,13,22,15,29,0,0,0,0,11,4,0,14,7,8,4,4,54,0,1,0,2,0,2,0,0,2,0,0,0,0,0,0,0,0,0,2,1,4,2,9,4,13,6,0,2,1,3,8,0,6,11,2,1,2,1,23,30.0,70.0,154.0,325.185,864.1661534846089,1005.585,0.0,1.0,0.0,0.0,7.0,2.0
Arsenal,time_block,1983558,against,16-30,51,1,27,21,24,16,4,7,13,8,3,0,4,0,5,2,0,13,9,6,6,5,21,1,1,0,1,0,1,0,1,0,0,0,0,0,0,0,0,0,0,0,0,7,1,9,5,16,6,0,3,0,7,1,0,6,8,2,0,3,2,7,16.0,36.0,79.0,237.615,468.12492433015467,737.94,0.0,0.0,0.0,0.0,0.0,1.0
Arsenal,time_block,1983558,against,31-45,74,1,50,40,47,16,16,18,18,22,3,1,3,1,6,2,0,12,7,7,3,2,43,0,0,0,0,0,0,0,0,0,0,0,0,0,0,0,0,0,0,2,1,2,1,9,5,11,6,0,3,0,4,6,2,8,10,4,1,2,1,13,16.0,57.0,202.0,167.05499999999998,1059.709939224942,674.52,1.0,0.0,0.0,0.0,2.0,1.0
Arsenal,time_block,1983558,against,46-60,58,2,43,38,42,19,7,17,21,17,1,0,1,0,5,3,0,8,7,6,4,8,37,0,1,0,1,0,1,0,1,0,0,0,0,0,0,0,0,0,0,2,2,1,1,9,6,10,7,0,4,0,1,3,1,8,4,4,0,3,0,7,10.0,43.0,120.0,185.84999999999997,622.4687131812717,276.57,0.0,0.0,0.0,0.0,3.0,0.0
Arsenal,time_block,1983558,against,61-75,102,7,73,62,70,34,15,24,29,33,2,0,2,0,5,3,1,27,21,21,7,8,52,0,1,1,3,0,1,2,1,2,0,0,0,0,0,0,0,0,0,4,1,3,2,14,5,17,7,0,3,1,1,10,0,8,11,7,2,2,1,20,24.0,77.0,272.0,428.71500000000003,1308.1583467853204,1160.67,0.0,0.0,3.0,2.0,4.0,3.0
Arsenal,time_block,1983558,against,76+,120,3,84,68,81,38,21,25,38,30,0,0,1,0,8,0,0,26,16,12,10,11,72,1,0,0,0,0,0,0,0,0,0,0,0,0,0,0,0,0,0,1,0,6,2,20,6,26,8,0,5,1,6,12,5,20,18,12,4,5,1,28,28.0,88.0,256.0,370.23,1495.076887121549,1259.895,1.0,0.0,0.0,0.0,7.0,0.0
Arsenal,time_block,1983558,for,0-15,118,7,87,73,84,36,17,34,37,36,0,0,1,0,7,1,0,29,20,20,7,8,67,1,2,0,3,0,2,1,2,1,0,0,0,0,0,0,0,0,0,4,1,4,2,10,5,14,7,0,2,2,5,9,2,8,14,7,1,1,2,19,25.0,91.0,278.0,284.97,1276.5735754355258,1260.525,0.0,0.0,1.0,1.0,4.0,3.0
Arsenal,time_block,1983558,for,16-30,94,2,68,61,65,32,15,21,23,38,2,0,5,1,5,2,0,20,15,10,6,9,58,2,1,1,1,0,1,0,1,0,0,0,0,0,0,0,0,0,0,2,0,7,6,9,4,16,10,0,1,1,4,4,0,4,8,3,0,2,3,13,21.0,76.0,226.0,373.8,1262.0250093467566,1059.345,0.0,0.0,0.0,0.0,2.0,1.0
Arsenal,time_block,1983558,for,31-45,120,3,93,84,90,37,26,30,34,50,6,2,6,2,5,2,0,20,16,17,5,15,76,0,0,0,0,0,0,0,0,0,0,0,0,0,0,0,0,0,0,3,1,2,1,9,4,11,5,0,1,1,2,5,0,4,7,3,1,1,2,12,19.0,107.0,358.0,271.32,1692.6525617349153,990.15,1.0,0.0,0.0,0.0,1.0,0.0
Arsenal,time_block,1983558,for,46-60,104,3,85,80,81,32,17,36,55,25,2,0,2,0,3,2,0,29,25,24,6,11,61,0,1,1,2,1,1,0,1,1,1,0,1,1,0,1,0,0,0,4,0,1,0,10,3,11,3,0,0,1,1,4,1,4,5,3,2,0,3,10,14.0,94.0,316.0,365.085,1531.9084687842355,645.645,1.0,0.0,0.0,0.0,0.0,2.0
Arsenal,time_block,1983558,for,61-75,128,4,93,85,90,37,29,27,45,40,1,0,1,0,5,3,0,27,23,23,7,11,70,0,1,0,1,1,0,0,1,0,1,0,0,0,0,0,0,0,0,4,2,3,1,13,8,16,9,0,4,2,6,11,0,8,17,2,1,1,2,14,20.0,93.0,274.0,329.80500000000006,1390.4701583927604,793.59,0.0,0.0,2.0,0.0,5.0,1.0
Arsenal,time_block,1983558,for,76+,149,2,104,82,98,42,31,31,38,44,0,0,1,0,15,5,0,31,20,20,7,10,84,1,0,0,0,0,0,0,0,0,0,0,0,0,0,0,0,0,0,5,4,6,4,20,14,26,18,0,5,2,2,11,1,9,13,3,0,1,5,31,40.0,112.0,322.0,250.95000000000002,1723.3214816886284,1606.395,1.0,1.0,1.0,0.0,10.0,0.0
Arsenal,game_state,1983558,against,-2 or worse,0,0,0,0,0,0,0,0,0,0,0,0,0,0,0,0,0,0,0,0,0,0,0,0,0,0,0,0,0,0,0,0,0,0,0,0,0,0,0,0,0,0,0,0,0,0,0,0,0,0,0,0,0,0,0,0,0,0,0,0,0,0,0.0,0.0,0.0,0.0,0.0,0.0,0.0,0.0,0.0,0.0,0.0,0.0
Arsenal,game_state,1983558,against,-1,0,0,0,0,0,0,0,0,0,0,0,0,0,0,0,0,0,0,0,0,0,0,0,0,0,0,0,0,0,0,0,0,0,0,0,0,0,0,0,0,0,0,0,0,0,0,0,0,0,0,0,0,0,0,0,0,0,0,0,0,0,0,0.0,0.0,0.0,0.0,0.0,0.0,0.0,0.0,0.0,0.0,0.0,0.0
Arsenal,game_state,1983558,against,Level,266,6,176,138,164,77,38,61,66,72,7,1,8,1,26,11,0,47,30,27,17,19,149,1,3,0,4,0,4,0,2,2,0,0,0,0,0,0,0,0,0,6,4,14,5,35,20,49,25,0,12,1,15,18,3,27,33,11,2,9,4,49,71.0,200.0,535.0,937.4399999999999,2951.9782877271023,2642.115,1.0,1.0,0.0,0.0,12.0,4.0
Arsenal,game_state,1983558,against,+1,228,10,163,135,157,73,38,52,68,67,2,0,3,0,14,3,1,53,37,33,17,19,130,1,1,1,3,0,1,2,1,2,0,0,0,0,0,0,0,0,0,5,1,9,4,35,11,44,15,0,8,2,7,22,5,29,29,20,6,8,2,49,53.0,171.0,548.0,777.21,2865.726676400744,2473.065,1.0,0.0,3.0,2.0,11.0,3.0
Arsenal,game_state,1983558,against,+2 or better,0,0,0,0,0,0,0,0,0,0,0,0,0,0,0,0,0,0,0,0,0,0,0,0,0,0,0,0,0,0,0,0,0,0,0,0,0,0,0,0,0,0,0,0,0,0,0,0,0,0,0,0,0,0,0,0,0,0,0,0,0,0,0.0,0.0,0.0,0.0,0.0,0.0,0.0,0.0,0.0,0.0,0.0,0.0
Arsenal,game_state,1983558,for,-2 or worse,0,0,0,0,0,0,0,0,0,0,0,0,0,0,0,0,0,0,0,0,0,0,0,0,0,0,0,0,0,0,0,0,0,0,0,0,0,0,0,0,0,0,0,0,0,0,0,0,0,0,0,0,0,0,0,0,0,0,0,0,0,0,0.0,0.0,0.0,0.0,0.0,0.0,0.0,0.0,0.0,0.0,0.0,0.0
Arsenal,game_state,1983558,for,-1,0,0,0,0,0,0,0,0,0,0,0,0,0,0,0,0,0,0,0,0,0,0,0,0,0,0,0,0,0,0,0,0,0,0,0,0,0,0,0,0,0,0,0,0,0,0,0,0,0,0,0,0,0,0,0,0,0,0,0,0,0,0,0.0,0.0,0.0,0.0,0.0,0.0,0.0,0.0,0.0,0.0,0.0,0.0
Arsenal,game_state,1983558,for,Level,431,15,330,295,318,136,74,120,147,148,10,2,14,3,20,7,0,97,75,70,23,42,260,3,4,2,6,1,4,1,4,2,1,0,1,1,0,1,0,0,0,12,2,14,9,36,15,50,24,0,4,5,12,21,3,20,33,16,4,4,9,53,77.0,361.0,1160.0,1270.29,5662.650087259442,3840.48,2.0,0.0,1.0,1.0,7.0,6.0
Arsenal,game_state,1983558,for,+1,282,6,200,170,190,80,61,59,85,85,1,0,2,0,20,8,0,59,44,44,15,22,156,1,1,0,1,1,0,0,1,0,1,0,0,0,0,0,0,0,0,10,6,9,5,35,23,44,28,0,9,4,8,23,1,17,31,5,1,2,8,46,62.0,212.0,614.0,605.64,3214.3011681233793,2515.17,1.0,1.0,3.0,0.0,15.0,1.0
Arsenal,game_state,1983558,for,+2 or better,0,0,0,0,0,0,0,0,0,0,0,0,0,0,0,0,0,0,0,0,0,0,0,0,0,0,0,0,0,0,0,0,0,0,0,0,0,0,0,0,0,0,0,0,0,0,0,0,0,0,0,0,0,0,0,0,0,0,0,0,0,0,0.0,0.0,0.0,0.0,0.0,0.0,0.0,0.0,0.0,0.0,0.0,0.0
Arsenal,total,1983558,against,Season,494,16,339,273,321,150,76,113,134,139,9,1,11,1,40,14,1,100,67,60,34,38,279,2,4,1,7,0,5,2,3,4,0,0,0,0,0,0,0,0,0,11,5,23,9,70,31,93,40,0,20,3,22,40,8,56,62,31,8,17,6,98,124.0,371.0,1083.0,1714.6499999999999,5817.704964127846,5115.18,2.0,1.0,3.0,2.0,23.0,7.0
Arsenal,total,1983558,for,Season,713,21,530,465,508,216,135,179,232,233,11,2,16,3,40,15,0,156,119,114,38,64,416,4,5,2,7,2,4,1,5,2,2,0,1,1,0,1,0,0,0,22,8,23,14,71,38,94,52,0,13,9,20,44,4,37,64,21,5,6,17,99,139.0,573.0,1774.0,1875.93,8876.951255382823,6355.65,3.0,1.0,4.0,1.0,22.0,7.0
Aston Villa,time_block,1983558,against,0-15,118,7,87,73,84,36,17,34,37,36,0,0,1,0,7,1,0,29,20,20,7,8,67,1,2,0,3,0,2,1,2,1,0,0,0,0,0,0,0,0,0,4,1,4,2,10,5,14,7,0,2,2,5,9,2,8,14,7,1,1,2,19,25.0,91.0,278.0,284.97,1276.5735754355258,1260.525,0.0,0.0,1.0,1.0,4.0,3.0
Aston Villa,time_block,1983558,against,16-30,94,2,68,61,65,32,15,21,23,38,2,0,5,1,5,2,0,20,15,10,6,9,58,2,1,1,1,0,1,0,1,0,0,0,0,0,0,0,0,0,0,2,0,7,6,9,4,16,10,0,1,1,4,4,0,4,8,3,0,2,3,13,21.0,76.0,226.0,373.8,1262.0250093467566,1059.345,0.0,0.0,0.0,0.0,2.0,1.0
Aston Villa,time_block,1983558,against,31-45,120,3,93,84,90,37,26,30,34,50,6,2,6,2,5,2,0,20,16,17,5,15,76,0,0,0,0,0,0,0,0,0,0,0,0,0,0,0,0,0,0,3,1,2,1,9,4,11,5,0,1,1,2,5,0,4,7,3,1,1,2,12,19.0,107.0,358.0,271.32,1692.6525617349153,990.15,1.0,0.0,0.0,0.0,1.0,0.0
Aston Villa,time_block,1983558,against,46-60,104,3,85,80,81,32,17,36,55,25,2,0,2,0,3,2,0,29,25,24,6,11,61,0,1,1,2,1,1,0,1,1,1,0,1,1,0,1,0,0,0,4,0,1,0,10,3,11,3,0,0,1,1,4,1,4,5,3,2,0,3,10,14.0,94.0,316.0,365.085,1531.9084687842355,645.645,1.0,0.0,0.0,0.0,0.0,2.0
Aston Villa,time_block,1983558,against,61-75,128,4,93,85,90,37,29,27,45,40,1,0,1,0,5,3,0,27,23,23,7,11,70,0,1,0,1,1,0,0,1,0,1,0,0,0,0,0,0,0,0,4,2,3,1,13,8,16,9,0,4,2,6,11,0,8,17,2,1,1,2,14,20.0,93.0,274.0,329.80500000000006,1390.4701583927604,793.59,0.0,0.0,2.0,0.0,5.0,1.0
Aston Villa,time_block,1983558,against,76+,149,2,104,82,98,42,31,31,38,44,0,0,1,0,15,5,0,31,20,20,7,10,84,1,0,0,0,0,0,0,0,0,0,0,0,0,0,0,0,0,0,5,4,6,4,20,14,26,18,0,5,2,2,11,1,9,13,3,0,1,5,31,40.0,112.0,322.0,250.95000000000002,1723.3214816886284,1606.395,1.0,1.0,1.0,0.0,10.0,0.0
Aston Villa,time_block,1983558,for,0-15,89,2,62,44,57,27,13,22,15,29,0,0,0,0,11,4,0,14,7,8,4,4,54,0,1,0,2,0,2,0,0,2,0,0,0,0,0,0,0,0,0,2,1,4,2,9,4,13,6,0,2,1,3,8,0,6,11,2,1,2,1,23,30.0,70.0,154.0,325.185,864.1661534846089,1005.585,0.0,1.0,0.0,0.0,7.0,2.0
Aston Villa,time_block,1983558,for,16-30,51,1,27,21,24,16,4,7,13,8,3,0,4,0,5,2,0,13,9,6,6,5,21,1,1,0,1,0,1,0,1,0,0,0,0,0,0,0,0,0,0,0,0,7,1,9,5,16,6,0,3,0,7,1,0,6,8,2,0,3,2,7,16.0,36.0,79.0,237.615,468.12492433015467,737.94,0.0,0.0,0.0,0.0,0.0,1.0
Aston Villa,time_block,1983558,for,31-45,74,1,50,40,47,16,16,18,18,22,3,1,3,1,6,2,0,12,7,7,3,2,43,0,0,0,0,0,0,0,0,0,0,0,0,0,0,0,0,0,0,2,1,2,1,9,5,11,6,0,3,0,4,6,2,8,10,4,1,2,1,13,16.0,57.0,202.0,167.05499999999998,1059.709939224942,674.52,1.0,0.0,0.0,0.0,2.0,1.0
Aston Villa,time_block,1983558,for,46-60,58,2,43,38,42,19,7,17,21,17,1,0,1,0,5,3,0,8,7,6,4,8,37,0,1,0,1,0,1,0,1,0,0,0,0,0,0,0,0,0,0,2,2,1,1,9,6,10,7,0,4,0,1,3,1,8,4,4,0,3,0,7,10.0,43.0,120.0,185.84999999999997,622.4687131812717,276.57,0.0,0.0,0.0,0.0,3.0,0.0
Aston Villa,time_block,1983558,for,61-75,102,7,73,62,70,34,15,24,29,33,2,0,2,0,5,3,1,27,21,21,7,8,52,0,1,1,3,0,1,2,1,2,0,0,0,0,0,0,0,0,0,4,1,3,2,14,5,17,7,0,3,1,1,10,0,8,11,7,2,2,1,20,24.0,77.0,272.0,428.71500000000003,1308.1583467853204,1160.67,0.0,0.0,3.0,2.0,4.0,3.0
Aston Villa,time_block,1983558,for,76+,120,3,84,68,81,38,21,25,38,30,0,0,1,0,8,0,0,26,16,12,10,11,72,1,0,0,0,0,0,0,0,0,0,0,0,0,0,0,0,0,0,1,0,6,2,20,6,26,8,0,5,1,6,12,5,20,18,12,4,5,1,28,28.0,88.0,256.0,370.23,1495.076887121549,1259.895,1.0,0.0,0.0,0.0,7.0,0.0
Aston Villa,game_state,1983558,against,-2 or worse,0,0,0,0,0,0,0,0,0,0,0,0,0,0,0,0,0,0,0,0,0,0,0,0,0,0,0,0,0,0,0,0,0,0,0,0,0,0,0,0,0,0,0,0,0,0,0,0,0,0,0,0,0,0,0,0,0,0,0,0,0,0,0.0,0.0,0.0,0.0,0.0,0.0,0.0,0.0,0.0,0.0,0.0,0.0
Aston Villa,game_state,1983558,against,-1,282,6,200,170,190,80,61,59,85,85,1,0,2,0,20,8,0,59,44,44,15,22,156,1,1,0,1,1,0,0,1,0,1,0,0,0,0,0,0,0,0,10,6,9,5,35,23,44,28,0,9,4,8,23,1,17,31,5,1,2,8,46,62.0,212.0,614.0,605.64,3214.3011681233793,2515.17,1.0,1.0,3.0,0.0,15.0,1.0
Aston Villa,game_state,1983558,against,Level,431,15,330,295,318,136,74,120,147,148,10,2,14,3,20,7,0,97,75,70,23,42,260,3,4,2,6,1,4,1,4,2,1,0,1,1,0,1,0,0,0,12,2,14,9,36,15,50,24,0,4,5,12,21,3,20,33,16,4,4,9,53,77.0,361.0,1160.0,1270.29,5662.650087259442,3840.48,2.0,0.0,1.0,1.0,7.0,6.0
Aston Villa,game_state,1983558,against,+1,0,0,0,0,0,0,0,0,0,0,0,0,0,0,0,0,0,0,0,0,0,0,0,0,0,0,0,0,0,0,0,0,0,0,0,0,0,0,0,0,0,0,0,0,0,0,0,0,0,0,0,0,0,0,0,0,0,0,0,0,0,0,0.0,0.0,0.0,0.0,0.0,0.0,0.0,0.0,0.0,0.0,0.0,0.0
Aston Villa,game_state,1983558,against,+2 or better,0,0,0,0,0,0,0,0,0,0,0,0,0,0,0,0,0,0,0,0,0,0,0,0,0,0,0,0,0,0,0,0,0,0,0,0,0,0,0,0,0,0,0,0,0,0,0,0,0,0,0,0,0,0,0,0,0,0,0,0,0,0,0.0,0.0,0.0,0.0,0.0,0.0,0.0,0.0,0.0,0.0,0.0,0.0
Aston Villa,game_state,1983558,for,-2 or worse,0,0,0,0,0,0,0,0,0,0,0,0,0,0,0,0,0,0,0,0,0,0,0,0,0,0,0,0,0,0,0,0,0,0,0,0,0,0,0,0,0,0,0,0,0,0,0,0,0,0,0,0,0,0,0,0,0,0,0,0,0,0,0.0,0.0,0.0,0.0,0.0,0.0,0.0,0.0,0.0,0.0,0.0,0.0
Aston Villa,game_state,1983558,for,-1,228,10,163,135,157,73,38,52,68,67,2,0,3,0,14,3,1,53,37,33,17,19,130,1,1,1,3,0,1,2,1,2,0,0,0,0,0,0,0,0,0,5,1,9,4,35,11,44,15,0,8,2,7,22,5,29,29,20,6,8,2,49,53.0,171.0,548.0,777.21,2865.726676400744,2473.065,1.0,0.0,3.0,2.0,11.0,3.0
Aston Villa,game_state,1983558,for,Level,266,6,176,138,164,77,38,61,66,72,7,1,8,1,26,11,0,47,30,27,17,19,149,1,3,0,4,0,4,0,2,2,0,0,0,0,0,0,0,0,0,6,4,14,5,35,20,49,25,0,12,1,15,18,3,27,33,11,2,9,4,49,71.0,200.0,535.0,937.4399999999999,2951.9782877271023,2642.115,1.0,1.0,0.0,0.0,12.0,4.0
Aston Villa,game_state,1983558,for,+1,0,0,0,0,0,0,0,0,0,0,0,0,0,0,0,0,0,0,0,0,0,0,0,0,0,0,0,0,0,0,0,0,0,0,0,0,0,0,0,0,0,0,0,0,0,0,0,0,0,0,0,0,0,0,0,0,0,0,0,0,0,0,0.0,0.0,0.0,0.0,0.0,0.0,0.0,0.0,0.0,0.0,0.0,0.0
Aston Villa,game_state,1983558,for,+2 or better,0,0,0,0,0,0,0,0,0,0,0,0,0,0,0,0,0,0,0,0,0,0,0,0,0,0,0,0,0,0,0,0,0,0,0,0,0,0,0,0,0,0,0,0,0,0,0,0,0,0,0,0,0,0,0,0,0,0,0,0,0,0,0.0,0.0,0.0,0.0,0.0,0.0,0.0,0.0,0.0,0.0,0.0,0.0
Aston Villa,total,1983558,against,Season,713,21,530,465,508,216,135,179,232,233,11,2,16,3,40,15,0,156,119,114,38,64,416,4,5,2,7,2,4,1,5,2,2,0,1,1,0,1,0,0,0,22,8,23,14,71,38,94,52,0,13,9,20,44,4,37,64,21,5,6,17,99,139.0,573.0,1774.0,1875.93,8876.951255382823,6355.65,3.0,1.0,4.0,1.0,22.0,7.0
Aston Villa,total,1983558,for,Season,494,16,339,273,321,150,76,113,134,139,9,1,11,1,40,14,1,100,67,60,34,38,279,2,4,1,7,0,5,2,3,4,0,0,0,0,0,0,0,0,0,11,5,23,9,70,31,93,40,0,20,3,22,40,8,56,62,31,8,17,6,98,124.0,371.0,1083.0,1714.6499999999999,5817.704964127846,5115.18,2.0,1.0,3.0,2.0,23.0,7.0
Leeds,time_block,1983559,against,0-15,147,11,95,73,92,54,16,25,29,44,6,1,7,1,11,3,0,35,22,22,8,17,73,2,3,1,6,3,0,3,5,1,3,0,0,0,0,0,0,0,0,4,2,3,2,13,7,16,9,0,3,6,3,13,3,14,16,9,1,1,2,27,43.0,106.0,261.0,449.71500000000003,1466.0820747745602,2371.005,1.0,0.0,2.0,0.0,4.0,6.0
Leeds,time_block,1983559,against,16-30,91,4,55,41,51,26,9,20,25,16,2,1,5,1,8,1,0,18,11,14,3,10,41,1,0,0,1,0,0,1,1,0,0,0,0,0,0,0,0,0,0,4,2,8,2,13,5,21,7,0,1,1,4,2,1,7,6,6,0,4,2,20,32.0,73.0,168.0,232.78499999999997,927.9776405540033,1759.8,0.0,0.0,1.0,0.0,6.0,1.0
Leeds,time_block,1983559,against,31-45,141,11,108,87,106,46,22,40,57,30,5,2,6,3,7,3,0,45,33,33,9,8,75,1,4,4,4,1,3,0,4,0,1,0,1,1,0,1,0,0,0,1,1,4,3,9,6,13,9,0,4,0,4,7,1,7,11,4,1,1,1,26,35.0,109.0,281.0,309.435,1607.2844650063798,1904.7,0.0,1.0,0.0,0.0,9.0,4.0
Leeds,time_block,1983559,against,46-60,107,5,72,59,71,28,16,28,33,26,3,0,4,1,10,3,0,22,16,13,10,6,59,1,2,1,4,0,1,3,3,1,0,0,0,0,0,0,0,0,0,3,0,5,2,9,3,14,5,0,3,1,10,8,2,8,18,8,2,0,0,17,24.0,81.0,191.0,55.124999999999986,1038.621880351833,1413.195,1.0,0.0,0.0,0.0,4.0,4.0
Leeds,time_block,1983559,against,61-75,90,3,43,34,42,26,6,11,15,19,2,1,3,1,5,1,0,12,9,10,1,4,33,1,3,1,4,0,1,3,1,3,0,0,0,0,0,0,0,0,0,4,3,10,4,21,7,31,11,0,4,2,11,8,0,14,19,6,3,5,0,17,23.0,49.0,134.0,194.98500000000004,676.0542446565701,1071.84,1.0,1.0,1.0,0.0,8.0,4.0
Leeds,time_block,1983559,against,76+,96,6,52,39,50,26,12,14,14,25,5,2,5,2,7,2,0,20,10,11,4,3,41,0,1,1,3,1,1,1,3,0,1,0,0,0,0,0,0,0,0,2,2,9,5,13,6,22,11,0,4,0,7,7,1,9,14,6,2,2,0,22,29.0,62.0,147.0,185.85,863.5373774643367,1534.68,0.0,0.0,1.0,1.0,4.0,3.0
Leeds,time_block,1983559,for,0-15,96,2,52,30,49,26,8,18,8,22,2,1,2,1,12,4,0,13,5,5,4,6,47,0,1,0,1,0,0,1,1,0,0,0,0,0,0,0,0,0,0,4,1,3,1,13,6,16,7,0,4,1,10,6,1,10,16,6,2,2,1,26,35.0,65.0,143.0,369.18,962.3909488335509,1198.155,0.0,1.0,0.0,0.0,8.0,1.0
Leeds,time_block,1983559,for,16-30,80,1,50,36,45,25,10,15,16,20,2,0,3,0,12,8,0,20,11,11,8,10,39,0,0,0,1,0,1,0,0,1,0,0,0,0,0,0,0,0,0,1,0,8,6,12,7,20,13,0,3,2,7,4,3,12,11,5,2,2,4,16,25.0,53.0,132.0,278.67,827.3139925679924,1119.93,0.0,0.0,1.0,0.0,3.0,1.0
Leeds,time_block,1983559,for,31-45,97,0,64,51,62,27,17,20,22,29,3,1,3,1,12,4,0,20,12,11,6,3,53,0,0,0,0,0,0,0,0,0,0,0,0,0,0,0,0,0,0,5,1,4,1,10,3,14,4,0,1,0,10,5,0,3,15,2,1,1,1,22,29.0,69.0,196.0,155.29500000000002,961.3590415699232,1268.295,0.0,0.0,0.0,0.0,8.0,0.0
Leeds,time_block,1983559,for,46-60,129,3,91,77,89,41,22,28,25,52,4,0,6,0,6,2,0,17,12,12,7,10,79,2,0,0,1,0,0,1,1,0,0,0,0,0,0,0,0,0,0,4,2,5,3,8,5,13,8,0,3,3,6,9,0,6,15,4,0,0,0,20,27.0,101.0,291.0,254.1,1499.7212305504427,1303.155,0.0,1.0,2.0,0.0,3.0,1.0
Leeds,time_block,1983559,for,61-75,106,5,59,47,56,34,12,13,10,37,3,0,5,0,10,7,0,17,9,10,5,9,49,1,2,1,4,1,1,2,1,3,0,1,0,0,0,0,0,0,0,7,3,10,6,22,13,32,19,0,5,3,6,11,0,11,17,6,3,0,5,20,30.0,68.0,188.0,234.15000000000003,1051.0200002885651,1762.635,0.0,1.0,2.0,1.0,5.0,4.0
Leeds,time_block,1983559,for,76+,99,8,53,41,51,24,13,16,18,23,3,1,6,1,7,3,0,21,13,12,5,7,41,2,3,2,5,1,2,2,3,2,1,0,1,1,0,1,0,0,0,4,2,9,4,13,7,22,11,0,3,2,8,5,0,7,13,3,2,0,2,16,29.0,65.0,163.0,275.31,991.9636357504348,1539.3,0.0,0.0,0.0,0.0,4.0,5.0
Leeds,game_state,1983559,against,-2 or worse,0,0,0,0,0,0,0,0,0,0,0,0,0,0,0,0,0,0,0,0,0,0,0,0,0,0,0,0,0,0,0,0,0,0,0,0,0,0,0,0,0,0,0,0,0,0,0,0,0,0,0,0,0,0,0,0,0,0,0,0,0,0,0.0,0.0,0.0,0.0,0.0,0.0,0.0,0.0,0.0,0.0,0.0,0.0
Leeds,game_state,1983559,against,-1,270,9,169,137,166,77,34,58,75,62,8,1,11,3,19,5,0,61,47,44,14,13,125,3,6,3,9,0,3,6,5,4,0,0,0,0,0,0,0,0,0,8,4,19,8,37,14,56,22,0,9,3,24,19,2,25,43,16,5,6,1,47,64.0,189.0,488.0,354.58500000000004,2594.4674162059255,3308.445,2.0,1.0,1.0,0.0,16.0,9.0
Leeds,game_state,1983559,against,Level,402,31,256,196,246,129,47,80,98,98,15,6,19,6,29,8,0,91,54,59,21,35,197,3,7,5,13,5,3,5,12,1,5,0,1,1,0,1,0,0,0,10,6,20,10,41,20,61,30,0,10,7,15,26,6,34,41,23,4,7,4,82,122.0,291.0,694.0,1073.31,3985.090266601758,6746.775,1.0,1.0,4.0,1.0,19.0,13.0
Leeds,game_state,1983559,against,+1,0,0,0,0,0,0,0,0,0,0,0,0,0,0,0,0,0,0,0,0,0,0,0,0,0,0,0,0,0,0,0,0,0,0,0,0,0,0,0,0,0,0,0,0,0,0,0,0,0,0,0,0,0,0,0,0,0,0,0,0,0,0,0.0,0.0,0.0,0.0,0.0,0.0,0.0,0.0,0.0,0.0,0.0,0.0
Leeds,game_state,1983559,against,+2 or better,0,0,0,0,0,0,0,0,0,0,0,0,0,0,0,0,0,0,0,0,0,0,0,0,0,0,0,0,0,0,0,0,0,0,0,0,0,0,0,0,0,0,0,0,0,0,0,0,0,0,0,0,0,0,0,0,0,0,0,0,0,0,0.0,0.0,0.0,0.0,0.0,0.0,0.0,0.0,0.0,0.0,0.0,0.0
Leeds,game_state,1983559,for,-2 or worse,0,0,0,0,0,0,0,0,0,0,0,0,0,0,0,0,0,0,0,0,0,0,0,0,0,0,0,0,0,0,0,0,0,0,0,0,0,0,0,0,0,0,0,0,0,0,0,0,0,0,0,0,0,0,0,0,0,0,0,0,0,0,0.0,0.0,0.0,0.0,0.0,0.0,0.0,0.0,0.0,0.0,0.0,0.0
Leeds,game_state,1983559,for,-1,317,10,209,176,203,98,52,59,53,123,10,2,14,2,23,12,0,48,30,30,16,24,179,3,3,2,8,2,2,4,4,4,1,1,1,1,0,1,0,0,0,13,5,19,11,37,21,56,32,0,10,6,16,20,0,21,36,13,4,1,6,51,76.0,234.0,677.0,654.2550000000001,3627.2770591121553,4003.65,0.0,2.0,4.0,1.0,12.0,8.0
Leeds,game_state,1983559,for,Level,290,9,160,106,149,79,30,51,46,60,7,1,11,1,36,16,0,60,32,31,19,21,129,2,3,1,4,0,2,2,2,2,0,0,0,0,0,0,0,0,0,12,4,20,10,41,20,61,30,0,9,5,31,20,4,28,51,13,6,4,7,69,99.0,187.0,436.0,912.45,2666.491790448754,4187.82,0.0,1.0,1.0,0.0,19.0,4.0
Leeds,game_state,1983559,for,+1,0,0,0,0,0,0,0,0,0,0,0,0,0,0,0,0,0,0,0,0,0,0,0,0,0,0,0,0,0,0,0,0,0,0,0,0,0,0,0,0,0,0,0,0,0,0,0,0,0,0,0,0,0,0,0,0,0,0,0,0,0,0,0.0,0.0,0.0,0.0,0.0,0.0,0.0,0.0,0.0,0.0,0.0,0.0
Leeds,game_state,1983559,for,+2 or better,0,0,0,0,0,0,0,0,0,0,0,0,0,0,0,0,0,0,0,0,0,0,0,0,0,0,0,0,0,0,0,0,0,0,0,0,0,0,0,0,0,0,0,0,0,0,0,0,0,0,0,0,0,0,0,0,0,0,0,0,0,0,0.0,0.0,0.0,0.0,0.0,0.0,0.0,0.0,0.0,0.0,0.0,0.0
Leeds,total,1983559,against,Season,672,40,425,333,412,206,81,138,173,160,23,7,30,9,48,13,0,152,101,103,35,48,322,6,13,8,22,5,6,11,17,5,5,0,1,1,0,1,0,0,0,18,10,39,18,78,34,117,52,0,19,10,39,45,8,59,84,39,9,13,5,129,186.0,480.0,1182.0,1427.895,6579.557682807683,10055.22,3.0,2.0,5.0,1.0,35.0,22.0
Leeds,total,1983559,for,Season,607,19,369,282,352,177,82,110,99,183,17,3,25,3,59,28,0,108,62,61,35,45,308,5,6,3,12,2,4,6,6,6,1,1,1,1,0,1,0,0,0,25,9,39,21,78,41,117,62,0,19,11,47,40,4,49,87,26,10,5,13,120,175.0,421.0,1113.0,1566.7050000000002,6293.768849560909,8191.47,0.0,3.0,5.0,1.0,31.0,12.0
Brentford,time_block,1983559,against,0-15,96,2,52,30,49,26,8,18,8,22,2,1,2,1,12,4,0,13,5,5,4,6,47,0,1,0,1,0,0,1,1,0,0,0,0,0,0,0,0,0,0,4,1,3,1,13,6,16,7,0,4,1,10,6,1,10,16,6,2,2,1,26,35.0,65.0,143.0,369.18,962.3909488335509,1198.155,0.0,1.0,0.0,0.0,8.0,1.0
Brentford,time_block,1983559,against,16-30,80,1,50,36,45,25,10,15,16,20,2,0,3,0,12,8,0,20,11,11,8,10,39,0,0,0,1,0,1,0,0,1,0,0,0,0,0,0,0,0,0,1,0,8,6,12,7,20,13,0,3,2,7,4,3,12,11,5,2,2,4,16,25.0,53.0,132.0,278.67,827.3139925679924,1119.93,0.0,0.0,1.0,0.0,3.0,1.0
Brentford,time_block,1983559,against,31-45,97,0,64,51,62,27,17,20,22,29,3,1,3,1,12,4,0,20,12,11,6,3,53,0,0,0,0,0,0,0,0,0,0,0,0,0,0,0,0,0,0,5,1,4,1,10,3,14,4,0,1,0,10,5,0,3,15,2,1,1,1,22,29.0,69.0,196.0,155.29500000000002,961.3590415699232,1268.295,0.0,0.0,0.0,0.0,8.0,0.0
Brentford,time_block,1983559,against,46-60,129,3,91,77,89,41,22,28,25,52,4,0,6,0,6,2,0,17,12,12,7,10,79,2,0,0,1,0,0,1,1,0,0,0,0,0,0,0,0,0,0,4,2,5,3,8,5,13,8,0,3,3,6,9,0,6,15,4,0,0,0,20,27.0,101.0,291.0,254.1,1499.7212305504427,1303.155,0.0,1.0,2.0,0.0,3.0,1.0
Brentford,time_block,1983559,against,61-75,106,5,59,47,56,34,12,13,10,37,3,0,5,0,10,7,0,17,9,10,5,9,49,1,2,1,4,1,1,2,1,3,0,1,0,0,0,0,0,0,0,7,3,10,6,22,13,32,19,0,5,3,6,11,0,11,17,6,3,0,5,20,30.0,68.0,188.0,234.15000000000003,1051.0200002885651,1762.635,0.0,1.0,2.0,1.0,5.0,4.0
Brentford,time_block,1983559,against,76+,99,8,53,41,51,24,13,16,18,23,3,1,6,1,7,3,0,21,13,12,5,7,41,2,3,2,5,1,2,2,3,2,1,0,1,1,0,1,0,0,0,4,2,9,4,13,7,22,11,0,3,2,8,5,0,7,13,3,2,0,2,16,29.0,65.0,163.0,275.31,991.9636357504348,1539.3,0.0,0.0,0.0,0.0,4.0,5.0
Brentford,time_block,1983559,for,0-15,147,11,95,73,92,54,16,25,29,44,6,1,7,1,11,3,0,35,22,22,8,17,73,2,3,1,6,3,0,3,5,1,3,0,0,0,0,0,0,0,0,4,2,3,2,13,7,16,9,0,3,6,3,13,3,14,16,9,1,1,2,27,43.0,106.0,261.0,449.71500000000003,1466.0820747745602,2371.005,1.0,0.0,2.0,0.0,4.0,6.0
Brentford,time_block,1983559,for,16-30,91,4,55,41,51,26,9,20,25,16,2,1,5,1,8,1,0,18,11,14,3,10,41,1,0,0,1,0,0,1,1,0,0,0,0,0,0,0,0,0,0,4,2,8,2,13,5,21,7,0,1,1,4,2,1,7,6,6,0,4,2,20,32.0,73.0,168.0,232.78499999999997,927.9776405540033,1759.8,0.0,0.0,1.0,0.0,6.0,1.0
Brentford,time_block,1983559,for,31-45,141,11,108,87,106,46,22,40,57,30,5,2,6,3,7,3,0,45,33,33,9,8,75,1,4,4,4,1,3,0,4,0,1,0,1,1,0,1,0,0,0,1,1,4,3,9,6,13,9,0,4,0,4,7,1,7,11,4,1,1,1,26,35.0,109.0,281.0,309.435,1607.2844650063798,1904.7,0.0,1.0,0.0,0.0,9.0,4.0
Brentford,time_block,1983559,for,46-60,107,5,72,59,71,28,16,28,33,26,3,0,4,1,10,3,0,22,16,13,10,6,59,1,2,1,4,0,1,3,3,1,0,0,0,0,0,0,0,0,0,3,0,5,2,9,3,14,5,0,3,1,10,8,2,8,18,8,2,0,0,17,24.0,81.0,191.0,55.124999999999986,1038.621880351833,1413.195,1.0,0.0,0.0,0.0,4.0,4.0
Brentford,time_block,1983559,for,61-75,90,3,43,34,42,26,6,11,15,19,2,1,3,1,5,1,0,12,9,10,1,4,33,1,3,1,4,0,1,3,1,3,0,0,0,0,0,0,0,0,0,4,3,10,4,21,7,31,11,0,4,2,11,8,0,14,19,6,3,5,0,17,23.0,49.0,134.0,194.98500000000004,676.0542446565701,1071.84,1.0,1.0,1.0,0.0,8.0,4.0
Brentford,time_block,1983559,for,76+,96,6,52,39,50,26,12,14,14,25,5,2,5,2,7,2,0,20,10,11,4,3,41,0,1,1,3,1,1,1,3,0,1,0,0,0,0,0,0,0,0,2,2,9,5,13,6,22,11,0,4,0,7,7,1,9,14,6,2,2,0,22,29.0,62.0,147.0,185.85,863.5373774643367,1534.68,0.0,0.0,1.0,1.0,4.0,3.0
Brentford,game_state,1983559,against,-2 or worse,0,0,0,0,0,0,0,0,0,0,0,0,0,0,0,0,0,0,0,0,0,0,0,0,0,0,0,0,0,0,0,0,0,0,0,0,0,0,0,0,0,0,0,0,0,0,0,0,0,0,0,0,0,0,0,0,0,0,0,0,0,0,0.0,0.0,0.0,0.0,0.0,0.0,0.0,0.0,0.0,0.0,0.0,0.0
Brentford,game_state,1983559,against,-1,0,0,0,0,0,0,0,0,0,0,0,0,0,0,0,0,0,0,0,0,0,0,0,0,0,0,0,0,0,0,0,0,0,0,0,0,0,0,0,0,0,0,0,0,0,0,0,0,0,0,0,0,0,0,0,0,0,0,0,0,0,0,0.0,0.0,0.0,0.0,0.0,0.0,0.0,0.0,0.0,0.0,0.0,0.0
Brentford,game_state,1983559,against,Level,290,9,160,106,149,79,30,51,46,60,7,1,11,1,36,16,0,60,32,31,19,21,129,2,3,1,4,0,2,2,2,2,0,0,0,0,0,0,0,0,0,12,4,20,10,41,20,61,30,0,9,5,31,20,4,28,51,13,6,4,7,69,99.0,187.0,436.0,912.45,2666.491790448754,4187.82,0.0,1.0,1.0,0.0,19.0,4.0
Brentford,game_state,1983559,against,+1,317,10,209,176,203,98,52,59,53,123,10,2,14,2,23,12,0,48,30,30,16,24,179,3,3,2,8,2,2,4,4,4,1,1,1,1,0,1,0,0,0,13,5,19,11,37,21,56,32,0,10,6,16,20,0,21,36,13,4,1,6,51,76.0,234.0,677.0,654.2550000000001,3627.2770591121553,4003.65,0.0,2.0,4.0,1.0,12.0,8.0
Brentford,game_state,1983559,against,+2 or better,0,0,0,0,0,0,0,0,0,0,0,0,0,0,0,0,0,0,0,0,0,0,0,0,0,0,0,0,0,0,0,0,0,0,0,0,0,0,0,0,0,0,0,0,0,0,0,0,0,0,0,0,0,0,0,0,0,0,0,0,0,0,0.0,0.0,0.0,0.0,0.0,0.0,0.0,0.0,0.0,0.0,0.0,0.0
Brentford,game_state,1983559,for,-2 or worse,0,0,0,0,0,0,0,0,0,0,0,0,0,0,0,0,0,0,0,0,0,0,0,0,0,0,0,0,0,0,0,0,0,0,0,0,0,0,0,0,0,0,0,0,0,0,0,0,0,0,0,0,0,0,0,0,0,0,0,0,0,0,0.0,0.0,0.0,0.0,0.0,0.0,0.0,0.0,0.0,0.0,0.0,0.0
Brentford,game_state,1983559,for,-1,0,0,0,0,0,0,0,0,0,0,0,0,0,0,0,0,0,0,0,0,0,0,0,0,0,0,0,0,0,0,0,0,0,0,0,0,0,0,0,0,0,0,0,0,0,0,0,0,0,0,0,0,0,0,0,0,0,0,0,0,0,0,0.0,0.0,0.0,0.0,0.0,0.0,0.0,0.0,0.0,0.0,0.0,0.0
Brentford,game_state,1983559,for,Level,402,31,256,196,246,129,47,80,98,98,15,6,19,6,29,8,0,91,54,59,21,35,197,3,7,5,13,5,3,5,12,1,5,0,1,1,0,1,0,0,0,10,6,20,10,41,20,61,30,0,10,7,15,26,6,34,41,23,4,7,4,82,122.0,291.0,694.0,1073.31,3985.090266601758,6746.775,1.0,1.0,4.0,1.0,19.0,13.0
Brentford,game_state,1983559,for,+1,270,9,169,137,166,77,34,58,75,62,8,1,11,3,19,5,0,61,47,44,14,13,125,3,6,3,9,0,3,6,5,4,0,0,0,0,0,0,0,0,0,8,4,19,8,37,14,56,22,0,9,3,24,19,2,25,43,16,5,6,1,47,64.0,189.0,488.0,354.58500000000004,2594.4674162059255,3308.445,2.0,1.0,1.0,0.0,16.0,9.0
Brentford,game_state,1983559,for,+2 or better,0,0,0,0,0,0,0,0,0,0,0,0,0,0,0,0,0,0,0,0,0,0,0,0,0,0,0,0,0,0,0,0,0,0,0,0,0,0,0,0,0,0,0,0,0,0,0,0,0,0,0,0,0,0,0,0,0,0,0,0,0,0,0.0,0.0,0.0,0.0,0.0,0.0,0.0,0.0,0.0,0.0,0.0,0.0
Brentford,total,1983559,against,Season,607,19,369,282,352,177,82,110,99,183,17,3,25,3,59,28,0,108,62,61,35,45,308,5,6,3,12,2,4,6,6,6,1,1,1,1,0,1,0,0,0,25,9,39,21,78,41,117,62,0,19,11,47,40,4,49,87,26,10,5,13,120,175.0,421.0,1113.0,1566.7050000000002,6293.768849560909,8191.47,0.0,3.0,5.0,1.0,31.0,12.0
Brentford,total,1983559,for,Season,672,40,425,333,412,206,81,138,173,160,23,7,30,9,48,13,0,152,101,103,35,48,322,6,13,8,22,5,6,11,17,5,5,0,1,1,0,1,0,0,0,18,10,39,18,78,34,117,52,0,19,10,39,45,8,59,84,39,9,13,5,129,186.0,480.0,1182.0,1427.895,6579.557682807683,10055.22,3.0,2.0,5.0,1.0,35.0,22.0
Nottingham Forest,time_block,1983560,against,0-15,122,1,91,75,89,47,19,25,20,55,2,0,2,0,8,4,1,18,10,7,5,11,84,0,0,0,0,0,0,0,0,0,0,0,0,0,0,0,0,0,0,1,0,7,3,13,5,20,8,0,4,2,4,7,3,14,11,12,0,5,1,24,27.0,95.0,257.0,301.035,1330.6481677883844,1129.065,0.0,0.0,1.0,0.0,5.0,0.0
Nottingham Forest,time_block,1983560,against,16-30,125,1,92,81,91,41,21,30,55,26,3,0,5,0,4,2,0,30,23,25,9,15,67,1,2,1,2,0,1,1,0,2,0,0,0,0,0,0,0,0,0,5,2,4,3,11,6,15,9,0,3,2,4,3,1,7,7,3,1,0,1,16,23.0,100.0,280.0,348.285,1536.7421313453776,1315.65,1.0,0.0,1.0,0.0,2.0,2.0
Nottingham Forest,time_block,1983560,against,31-45,156,7,114,103,109,46,22,46,66,37,5,1,5,1,6,5,0,42,33,30,17,20,84,1,1,1,2,1,1,0,2,0,1,0,0,0,0,0,0,0,0,6,2,3,0,17,8,20,8,0,3,1,8,6,1,9,14,7,2,2,3,17,25.0,123.0,351.0,507.36,1967.3748096308711,1272.3899999999999,0.0,1.0,0.0,0.0,2.0,2.0
Nottingham Forest,time_block,1983560,against,46-60,158,5,118,102,116,53,23,42,57,45,5,1,7,2,8,7,0,41,30,29,13,19,89,1,3,3,3,1,0,2,3,0,1,0,1,1,0,1,0,0,0,6,1,6,2,14,2,20,4,0,0,3,3,12,2,10,15,9,3,2,1,27,35.0,126.0,352.0,584.85,1981.7061721375733,1967.28,2.0,0.0,1.0,0.0,0.0,3.0
Nottingham Forest,time_block,1983560,against,61-75,128,2,89,82,88,40,18,31,50,32,4,0,4,0,9,8,1,30,25,18,13,15,71,0,1,0,2,1,1,0,0,2,0,1,0,0,0,0,0,0,0,5,1,6,3,13,6,19,9,0,4,1,3,6,1,7,9,5,0,1,1,17,26.0,99.0,285.0,368.55,1679.5151263404898,1426.845,0.0,0.0,1.0,0.0,2.0,2.0
Nottingham Forest,time_block,1983560,against,76+,176,5,127,119,125,55,28,44,67,52,6,2,7,2,11,8,0,39,33,27,15,21,100,0,3,2,4,1,2,1,3,1,1,0,1,1,0,1,0,0,0,7,2,3,1,24,12,27,13,0,7,2,1,9,0,15,10,10,3,3,3,20,30.0,140.0,411.0,727.4399999999999,2447.8189154700185,1345.05,1.0,1.0,0.0,0.0,3.0,4.0
Nottingham Forest,time_block,1983560,for,0-15,127,6,92,67,86,47,23,22,37,30,1,1,2,1,16,5,1,24,18,13,9,10,79,1,2,2,2,0,0,2,2,0,0,0,0,0,0,0,0,0,0,3,0,7,4,14,8,21,12,0,3,0,2,6,0,4,8,2,0,1,5,32,37.0,100.0,192.0,148.365,1373.4202856829925,1649.865,0.0,0.0,0.0,0.0,7.0,2.0
Nottingham Forest,time_block,1983560,for,16-30,75,4,39,30,37,21,11,7,17,13,1,0,2,0,7,2,1,10,7,6,4,4,33,1,2,2,4,1,1,2,3,1,1,0,1,1,0,1,0,0,0,2,1,4,1,10,4,14,5,0,3,1,7,5,1,8,12,1,2,1,0,15,22.0,46.0,111.0,166.10999999999999,711.7139938698765,1125.3899999999999,0.0,0.0,0.0,0.0,7.0,4.0
Nottingham Forest,time_block,1983560,for,31-45,76,4,38,24,33,21,8,9,7,17,0,0,2,1,14,6,0,11,6,4,5,4,34,2,2,2,2,1,0,1,2,0,1,0,0,0,0,0,0,0,0,5,2,3,3,16,7,19,10,0,3,2,5,6,1,11,11,5,2,3,2,18,27.0,46.0,96.0,250.425,678.3258178363427,1151.325,0.0,0.0,0.0,0.0,8.0,2.0
Nottingham Forest,time_block,1983560,for,46-60,81,4,41,22,38,25,8,8,2,20,0,0,0,0,11,5,0,8,3,4,2,4,37,0,1,0,1,0,1,0,1,0,0,0,0,0,0,0,0,0,0,3,3,6,4,13,11,19,15,0,6,1,7,9,4,13,16,8,1,1,2,24,29.0,45.0,95.0,264.075,663.2783943198137,1046.955,0.0,2.0,0.0,0.0,8.0,1.0
Nottingham Forest,time_block,1983560,for,61-75,71,3,38,25,34,21,10,7,7,18,0,0,0,0,13,6,0,13,5,5,4,4,33,0,1,1,2,1,1,0,2,0,1,0,1,1,0,1,0,0,0,2,0,6,3,11,5,17,8,0,4,2,4,5,2,10,9,5,1,1,1,22,25.0,42.0,95.0,234.78,677.2778600277342,835.905,0.0,0.0,0.0,0.0,9.0,2.0
Nottingham Forest,time_block,1983560,for,76+,80,2,40,25,34,27,8,5,13,12,0,0,1,0,14,6,0,21,9,7,4,4,33,1,1,1,1,0,0,1,1,0,0,0,0,0,0,0,0,0,0,8,3,3,2,23,10,26,12,0,4,0,10,8,1,10,18,4,2,3,3,24,25.0,42.0,101.0,280.455,689.413800364187,1080.45,0.0,0.0,0.0,0.0,6.0,1.0
Nottingham Forest,game_state,1983560,against,-2 or worse,0,0,0,0,0,0,0,0,0,0,0,0,0,0,0,0,0,0,0,0,0,0,0,0,0,0,0,0,0,0,0,0,0,0,0,0,0,0,0,0,0,0,0,0,0,0,0,0,0,0,0,0,0,0,0,0,0,0,0,0,0,0,0.0,0.0,0.0,0.0,0.0,0.0,0.0,0.0,0.0,0.0,0.0,0.0
Nottingham Forest,game_state,1983560,against,-1,0,0,0,0,0,0,0,0,0,0,0,0,0,0,0,0,0,0,0,0,0,0,0,0,0,0,0,0,0,0,0,0,0,0,0,0,0,0,0,0,0,0,0,0,0,0,0,0,0,0,0,0,0,0,0,0,0,0,0,0,0,0,0.0,0.0,0.0,0.0,0.0,0.0,0.0,0.0,0.0,0.0,0.0,0.0
Nottingham Forest,game_state,1983560,against,Level,385,4,271,239,267,126,56,89,120,119,9,1,10,1,27,18,2,71,54,44,27,39,227,0,2,0,3,0,3,0,0,3,0,0,0,0,0,0,0,0,0,14,4,19,10,43,21,62,31,0,13,6,14,19,3,32,33,21,2,8,4,57,73.0,293.0,859.0,1194.48,4732.186112259638,3230.0099999999998,0.0,0.0,2.0,0.0,11.0,3.0
Nottingham Forest,game_state,1983560,against,+1,480,17,360,323,351,156,75,129,195,128,16,3,20,4,19,16,0,129,100,92,45,62,268,3,8,7,10,4,2,4,8,2,3,1,2,2,0,2,0,0,0,16,4,10,2,49,18,59,20,0,8,5,9,24,5,30,33,25,7,5,6,64,93.0,390.0,1077.0,1643.04,6211.619210453076,5226.2699999999995,4.0,2.0,2.0,0.0,3.0,10.0
Nottingham Forest,game_state,1983560,against,+2 or better,0,0,0,0,0,0,0,0,0,0,0,0,0,0,0,0,0,0,0,0,0,0,0,0,0,0,0,0,0,0,0,0,0,0,0,0,0,0,0,0,0,0,0,0,0,0,0,0,0,0,0,0,0,0,0,0,0,0,0,0,0,0,0.0,0.0,0.0,0.0,0.0,0.0,0.0,0.0,0.0,0.0,0.0,0.0
Nottingham Forest,game_state,1983560,for,-2 or worse,0,0,0,0,0,0,0,0,0,0,0,0,0,0,0,0,0,0,0,0,0,0,0,0,0,0,0,0,0,0,0,0,0,0,0,0,0,0,0,0,0,0,0,0,0,0,0,0,0,0,0,0,0,0,0,0,0,0,0,0,0,0,0.0,0.0,0.0,0.0,0.0,0.0,0.0,0.0,0.0,0.0,0.0,0.0
Nottingham Forest,game_state,1983560,for,-1,0,0,0,0,0,0,0,0,0,0,0,0,0,0,0,0,0,0,0,0,0,0,0,0,0,0,0,0,0,0,0,0,0,0,0,0,0,0,0,0,0,0,0,0,0,0,0,0,0,0,0,0,0,0,0,0,0,0,0,0,0,0,0.0,0.0,0.0,0.0,0.0,0.0,0.0,0.0,0.0,0.0,0.0,0.0
Nottingham Forest,game_state,1983560,for,Level,270,15,170,118,156,95,40,35,63,55,2,1,5,1,39,14,1,58,33,26,18,19,144,3,6,6,9,2,2,5,8,1,2,0,2,2,0,2,0,0,0,9,2,19,9,40,18,59,27,0,8,2,14,16,2,20,30,9,4,4,8,72,87.0,189.0,379.0,550.83,2678.9670948241924,4074.63,0.0,0.0,0.0,0.0,17.0,9.0
Nottingham Forest,game_state,1983560,for,+1,240,8,118,75,106,67,28,23,20,55,0,0,2,1,36,16,1,29,15,13,10,11,105,2,3,2,3,1,1,1,3,0,1,0,0,0,0,0,0,0,0,14,7,10,8,47,27,57,35,0,15,4,21,23,7,36,44,16,4,6,5,63,78.0,132.0,311.0,793.38,2114.463057276754,2815.26,0.0,2.0,0.0,0.0,28.0,3.0
Nottingham Forest,game_state,1983560,for,+2 or better,0,0,0,0,0,0,0,0,0,0,0,0,0,0,0,0,0,0,0,0,0,0,0,0,0,0,0,0,0,0,0,0,0,0,0,0,0,0,0,0,0,0,0,0,0,0,0,0,0,0,0,0,0,0,0,0,0,0,0,0,0,0,0.0,0.0,0.0,0.0,0.0,0.0,0.0,0.0,0.0,0.0,0.0,0.0
Nottingham Forest,total,1983560,against,Season,865,21,631,562,618,282,131,218,315,247,25,4,30,5,46,34,2,200,154,136,72,101,495,3,10,7,13,4,5,4,8,5,3,1,2,2,0,2,0,0,0,30,8,29,12,92,39,121,51,0,21,11,23,43,8,62,66,46,9,13,10,121,166.0,683.0,1936.0,2837.52,10943.805322712715,8456.28,4.0,2.0,4.0,0.0,14.0,13.0
Nottingham Forest,total,1983560,for,Season,510,23,288,193,262,162,68,58,83,110,2,1,7,2,75,30,2,87,48,39,28,30,249,5,9,8,12,3,3,6,11,1,3,0,2,2,0,2,0,0,0,23,9,29,17,87,45,116,62,0,23,6,35,39,9,56,74,25,8,10,13,135,165.0,321.0,690.0,1344.21,4793.4301521009465,6889.89,0.0,2.0,0.0,0.0,45.0,12.0
Liverpool,time_block,1983560,against,0-15,127,6,92,67,86,47,23,22,37,30,1,1,2,1,16,5,1,24,18,13,9,10,79,1,2,2,2,0,0,2,2,0,0,0,0,0,0,0,0,0,0,3,0,7,4,14,8,21,12,0,3,0,2,6,0,4,8,2,0,1,5,32,37.0,100.0,192.0,148.365,1373.4202856829925,1649.865,0.0,0.0,0.0,0.0,7.0,2.0
Liverpool,time_block,1983560,against,16-30,75,4,39,30,37,21,11,7,17,13,1,0,2,0,7,2,1,10,7,6,4,4,33,1,2,2,4,1,1,2,3,1,1,0,1,1,0,1,0,0,0,2,1,4,1,10,4,14,5,0,3,1,7,5,1,8,12,1,2,1,0,15,22.0,46.0,111.0,166.10999999999999,711.7139938698765,1125.3899999999999,0.0,0.0,0.0,0.0,7.0,4.0
Liverpool,time_block,1983560,against,31-45,76,4,38,24,33,21,8,9,7,17,0,0,2,1,14,6,0,11,6,4,5,4,34,2,2,2,2,1,0,1,2,0,1,0,0,0,0,0,0,0,0,5,2,3,3,16,7,19,10,0,3,2,5,6,1,11,11,5,2,3,2,18,27.0,46.0,96.0,250.425,678.3258178363427,1151.325,0.0,0.0,0.0,0.0,8.0,2.0
Liverpool,time_block,1983560,against,46-60,81,4,41,22,38,25,8,8,2,20,0,0,0,0,11,5,0,8,3,4,2,4,37,0,1,0,1,0,1,0,1,0,0,0,0,0,0,0,0,0,0,3,3,6,4,13,11,19,15,0,6,1,7,9,4,13,16,8,1,1,2,24,29.0,45.0,95.0,264.075,663.2783943198137,1046.955,0.0,2.0,0.0,0.0,8.0,1.0
Liverpool,time_block,1983560,against,61-75,71,3,38,25,34,21,10,7,7,18,0,0,0,0,13,6,0,13,5,5,4,4,33,0,1,1,2,1,1,0,2,0,1,0,1,1,0,1,0,0,0,2,0,6,3,11,5,17,8,0,4,2,4,5,2,10,9,5,1,1,1,22,25.0,42.0,95.0,234.78,677.2778600277342,835.905,0.0,0.0,0.0,0.0,9.0,2.0
Liverpool,time_block,1983560,against,76+,80,2,40,25,34,27,8,5,13,12,0,0,1,0,14,6,0,21,9,7,4,4,33,1,1,1,1,0,0,1,1,0,0,0,0,0,0,0,0,0,0,8,3,3,2,23,10,26,12,0,4,0,10,8,1,10,18,4,2,3,3,24,25.0,42.0,101.0,280.455,689.413800364187,1080.45,0.0,0.0,0.0,0.0,6.0,1.0
Liverpool,time_block,1983560,for,0-15,122,1,91,75,89,47,19,25,20,55,2,0,2,0,8,4,1,18,10,7,5,11,84,0,0,0,0,0,0,0,0,0,0,0,0,0,0,0,0,0,0,1,0,7,3,13,5,20,8,0,4,2,4,7,3,14,11,12,0,5,1,24,27.0,95.0,257.0,301.035,1330.6481677883844,1129.065,0.0,0.0,1.0,0.0,5.0,0.0
Liverpool,time_block,1983560,for,16-30,125,1,92,81,91,41,21,30,55,26,3,0,5,0,4,2,0,30,23,25,9,15,67,1,2,1,2,0,1,1,0,2,0,0,0,0,0,0,0,0,0,5,2,4,3,11,6,15,9,0,3,2,4,3,1,7,7,3,1,0,1,16,23.0,100.0,280.0,348.285,1536.7421313453776,1315.65,1.0,0.0,1.0,0.0,2.0,2.0
Liverpool,time_block,1983560,for,31-45,156,7,114,103,109,46,22,46,66,37,5,1,5,1,6,5,0,42,33,30,17,20,84,1,1,1,2,1,1,0,2,0,1,0,0,0,0,0,0,0,0,6,2,3,0,17,8,20,8,0,3,1,8,6,1,9,14,7,2,2,3,17,25.0,123.0,351.0,507.36,1967.3748096308711,1272.3899999999999,0.0,1.0,0.0,0.0,2.0,2.0
Liverpool,time_block,1983560,for,46-60,158,5,118,102,116,53,23,42,57,45,5,1,7,2,8,7,0,41,30,29,13,19,89,1,3,3,3,1,0,2,3,0,1,0,1,1,0,1,0,0,0,6,1,6,2,14,2,20,4,0,0,3,3,12,2,10,15,9,3,2,1,27,35.0,126.0,352.0,584.85,1981.7061721375733,1967.28,2.0,0.0,1.0,0.0,0.0,3.0
Liverpool,time_block,1983560,for,61-75,128,2,89,82,88,40,18,31,50,32,4,0,4,0,9,8,1,30,25,18,13,15,71,0,1,0,2,1,1,0,0,2,0,1,0,0,0,0,0,0,0,5,1,6,3,13,6,19,9,0,4,1,3,6,1,7,9,5,0,1,1,17,26.0,99.0,285.0,368.55,1679.5151263404898,1426.845,0.0,0.0,1.0,0.0,2.0,2.0
Liverpool,time_block,1983560,for,76+,176,5,127,119,125,55,28,44,67,52,6,2,7,2,11,8,0,39,33,27,15,21,100,0,3,2,4,1,2,1,3,1,1,0,1,1,0,1,0,0,0,7,2,3,1,24,12,27,13,0,7,2,1,9,0,15,10,10,3,3,3,20,30.0,140.0,411.0,727.4399999999999,2447.8189154700185,1345.05,1.0,1.0,0.0,0.0,3.0,4.0
Liverpool,game_state,1983560,against,-2 or worse,0,0,0,0,0,0,0,0,0,0,0,0,0,0,0,0,0,0,0,0,0,0,0,0,0,0,0,0,0,0,0,0,0,0,0,0,0,0,0,0,0,0,0,0,0,0,0,0,0,0,0,0,0,0,0,0,0,0,0,0,0,0,0.0,0.0,0.0,0.0,0.0,0.0,0.0,0.0,0.0,0.0,0.0,0.0
Liverpool,game_state,1983560,against,-1,240,8,118,75,106,67,28,23,20,55,0,0,2,1,36,16,1,29,15,13,10,11,105,2,3,2,3,1,1,1,3,0,1,0,0,0,0,0,0,0,0,14,7,10,8,47,27,57,35,0,15,4,21,23,7,36,44,16,4,6,5,63,78.0,132.0,311.0,793.38,2114.463057276754,2815.26,0.0,2.0,0.0,0.0,28.0,3.0
Liverpool,game_state,1983560,against,Level,270,15,170,118,156,95,40,35,63,55,2,1,5,1,39,14,1,58,33,26,18,19,144,3,6,6,9,2,2,5,8,1,2,0,2,2,0,2,0,0,0,9,2,19,9,40,18,59,27,0,8,2,14,16,2,20,30,9,4,4,8,72,87.0,189.0,379.0,550.83,2678.9670948241924,4074.63,0.0,0.0,0.0,0.0,17.0,9.0
Liverpool,game_state,1983560,against,+1,0,0,0,0,0,0,0,0,0,0,0,0,0,0,0,0,0,0,0,0,0,0,0,0,0,0,0,0,0,0,0,0,0,0,0,0,0,0,0,0,0,0,0,0,0,0,0,0,0,0,0,0,0,0,0,0,0,0,0,0,0,0,0.0,0.0,0.0,0.0,0.0,0.0,0.0,0.0,0.0,0.0,0.0,0.0
Liverpool,game_state,1983560,against,+2 or better,0,0,0,0,0,0,0,0,0,0,0,0,0,0,0,0,0,0,0,0,0,0,0,0,0,0,0,0,0,0,0,0,0,0,0,0,0,0,0,0,0,0,0,0,0,0,0,0,0,0,0,0,0,0,0,0,0,0,0,0,0,0,0.0,0.0,0.0,0.0,0.0,0.0,0.0,0.0,0.0,0.0,0.0,0.0
Liverpool,game_state,1983560,for,-2 or worse,0,0,0,0,0,0,0,0,0,0,0,0,0,0,0,0,0,0,0,0,0,0,0,0,0,0,0,0,0,0,0,0,0,0,0,0,0,0,0,0,0,0,0,0,0,0,0,0,0,0,0,0,0,0,0,0,0,0,0,0,0,0,0.0,0.0,0.0,0.0,0.0,0.0,0.0,0.0,0.0,0.0,0.0,0.0
Liverpool,game_state,1983560,for,-1,480,17,360,323,351,156,75,129,195,128,16,3,20,4,19,16,0,129,100,92,45,62,268,3,8,7,10,4,2,4,8,2,3,1,2,2,0,2,0,0,0,16,4,10,2,49,18,59,20,0,8,5,9,24,5,30,33,25,7,5,6,64,93.0,390.0,1077.0,1643.04,6211.619210453076,5226.2699999999995,4.0,2.0,2.0,0.0,3.0,10.0
Liverpool,game_state,1983560,for,Level,385,4,271,239,267,126,56,89,120,119,9,1,10,1,27,18,2,71,54,44,27,39,227,0,2,0,3,0,3,0,0,3,0,0,0,0,0,0,0,0,0,14,4,19,10,43,21,62,31,0,13,6,14,19,3,32,33,21,2,8,4,57,73.0,293.0,859.0,1194.48,4732.186112259638,3230.0099999999998,0.0,0.0,2.0,0.0,11.0,3.0
Liverpool,game_state,1983560,for,+1,0,0,0,0,0,0,0,0,0,0,0,0,0,0,0,0,0,0,0,0,0,0,0,0,0,0,0,0,0,0,0,0,0,0,0,0,0,0,0,0,0,0,0,0,0,0,0,0,0,0,0,0,0,0,0,0,0,0,0,0,0,0,0.0,0.0,0.0,0.0,0.0,0.0,0.0,0.0,0.0,0.0,0.0,0.0
Liverpool,game_state,1983560,for,+2 or better,0,0,0,0,0,0,0,0,0,0,0,0,0,0,0,0,0,0,0,0,0,0,0,0,0,0,0,0,0,0,0,0,0,0,0,0,0,0,0,0,0,0,0,0,0,0,0,0,0,0,0,0,0,0,0,0,0,0,0,0,0,0,0.0,0.0,0.0,0.0,0.0,0.0,0.0,0.0,0.0,0.0,0.0,0.0
Liverpool,total,1983560,against,Season,510,23,288,193,262,162,68,58,83,110,2,1,7,2,75,30,2,87,48,39,28,30,249,5,9,8,12,3,3,6,11,1,3,0,2,2,0,2,0,0,0,23,9,29,17,87,45,116,62,0,23,6,35,39,9,56,74,25,8,10,13,135,165.0,321.0,690.0,1344.21,4793.4301521009465,6889.89,0.0,2.0,0.0,0.0,45.0,12.0
Liverpool,total,1983560,for,Season,865,21,631,562,618,282,131,218,315,247,25,4,30,5,46,34,2,200,154,136,72,101,495,3,10,7,13,4,5,4,8,5,3,1,2,2,0,2,0,0,0,30,8,29,12,92,39,121,51,0,21,11,23,43,8,62,66,46,9,13,10,121,166.0,683.0,1936.0,2837.52,10943.805322712715,8456.28,4.0,2.0,4.0,0.0,14.0,13.0
Brighton,time_block,1983561,against,0-15,57,8,35,24,33,12,3,20,12,12,1,0,2,1,5,1,0,17,11,13,1,3,22,1,2,2,3,2,0,1,3,0,2,0,2,2,0,2,0,0,0,1,1,3,3,6,3,9,6,0,1,0,5,6,4,8,11,2,2,1,1,12,17.0,38.0,111.0,241.18499999999997,533.2543227194914,780.99,1.0,0.0,1.0,0.0,5.0,3.0
Brighton,time_block,1983561,against,16-30,81,2,56,44,52,21,12,23,13,31,0,0,0,0,8,2,0,8,5,5,2,4,51,0,1,1,1,0,1,0,1,0,0,0,0,0,0,0,0,0,0,3,2,5,2,10,5,15,7,0,1,3,5,5,0,6,10,2,1,1,2,15,17.0,60.0,203.0,193.40999999999997,921.6990373596406,400.68,1.0,0.0,0.0,0.0,7.0,1.0
Brighton,time_block,1983561,against,31-45,79,5,48,32,42,32,8,8,18,14,0,0,1,0,10,5,0,26,15,14,4,9,34,1,3,2,5,1,1,3,4,1,1,0,1,1,0,1,0,0,0,2,1,7,4,12,8,19,12,0,4,2,5,4,1,9,9,9,1,1,3,19,29.0,50.0,129.0,328.335,819.7162650107088,1519.665,0.0,1.0,2.0,0.0,2.0,5.0
Brighton,time_block,1983561,against,46-60,50,8,23,15,19,13,3,7,9,6,3,1,4,1,8,5,0,15,10,8,3,3,15,1,4,3,4,1,1,2,4,0,1,0,0,0,0,0,0,0,0,0,0,6,2,4,1,10,3,0,0,2,7,2,0,3,9,0,0,1,1,12,22.0,31.0,70.0,272.89500000000004,447.6858582138813,1158.885,0.0,1.0,0.0,0.0,5.0,4.0
Brighton,time_block,1983561,against,61-75,59,5,27,18,25,12,3,12,8,10,0,0,2,1,3,1,0,8,5,5,1,3,22,1,3,2,3,1,1,1,2,1,0,1,1,0,1,1,1,1,0,3,2,4,2,9,5,13,7,0,2,0,8,3,0,5,11,1,3,0,1,12,22.0,32.0,67.0,210.735,390.0498861274508,961.905,0.0,0.0,0.0,0.0,5.0,4.0
Brighton,time_block,1983561,against,76+,73,1,38,22,29,23,5,10,9,13,0,0,0,0,15,4,0,16,8,6,5,3,32,0,1,1,1,0,1,0,1,0,0,0,0,0,0,0,0,0,0,3,0,6,4,13,8,19,12,0,4,2,12,4,1,9,16,3,0,2,4,21,27.0,41.0,95.0,261.975,552.6275238009149,762.72,0.0,0.0,0.0,0.0,9.0,1.0
Brighton,time_block,1983561,for,0-15,124,1,100,90,99,40,28,32,31,59,4,0,6,0,11,7,1,27,18,16,8,7,84,2,0,0,0,0,0,0,0,0,0,0,0,0,0,0,0,0,0,3,2,3,0,6,3,9,3,0,0,0,2,4,3,5,6,3,1,1,1,11,20.0,111.0,326.0,187.95,1770.5891324543286,1098.405,0.0,0.0,0.0,0.0,1.0,0.0
Brighton,time_block,1983561,for,16-30,159,2,137,124,135,60,33,44,58,66,4,2,5,2,17,12,1,35,24,21,11,19,116,1,2,2,2,1,0,1,2,0,1,0,0,0,0,0,0,0,0,1,1,5,3,10,5,15,8,0,3,0,0,9,1,8,9,8,2,2,1,14,22.0,144.0,406.0,325.605,2360.394716732937,1126.86,2.0,1.0,0.0,0.0,1.0,2.0
Brighton,time_block,1983561,for,31-45,117,7,79,65,77,35,20,24,32,33,2,1,3,1,9,3,0,22,16,14,7,7,65,1,3,2,4,2,2,0,3,1,2,0,1,1,0,1,0,0,0,1,1,7,3,11,3,18,6,0,1,3,5,5,0,8,10,4,1,3,1,22,25.0,100.0,269.0,187.10999999999999,1502.2506623487159,1139.67,0.0,0.0,0.0,0.0,7.0,4.0
Brighton,time_block,1983561,for,46-60,136,4,107,93,105,43,16,48,48,45,3,1,4,2,10,3,0,27,17,19,4,10,88,0,1,1,3,0,3,0,3,0,0,0,0,0,0,0,0,0,0,0,0,6,4,4,3,10,7,0,2,0,5,3,0,3,8,1,0,1,1,14,22.0,128.0,306.0,318.04499999999996,1893.0000837343339,1025.22,0.0,0.0,0.0,0.0,2.0,3.0
Brighton,time_block,1983561,for,61-75,137,7,109,99,105,48,27,34,41,58,7,1,7,1,5,3,1,28,23,23,9,15,86,1,1,1,3,2,1,0,2,1,1,1,1,1,0,0,0,0,0,5,3,4,2,9,4,13,6,0,1,0,1,6,2,6,7,5,2,1,0,14,24.0,98.0,220.0,336.105,1500.9216065196185,1311.66,0.0,1.0,0.0,0.0,0.0,3.0
Brighton,time_block,1983561,for,76+,147,6,115,96,113,55,26,34,48,48,3,0,6,1,13,8,1,47,30,34,11,16,81,2,1,1,3,1,2,0,3,0,1,0,1,1,0,1,0,0,0,1,0,6,2,12,4,18,6,0,2,2,1,11,1,9,12,7,0,4,2,25,34.0,127.0,309.0,565.215,1952.4690636622151,1972.005,0.0,1.0,1.0,0.0,3.0,3.0
Brighton,game_state,1983561,against,-2 or worse,292,16,168,115,145,91,29,48,49,66,3,1,5,1,41,16,0,66,38,33,14,20,135,2,9,7,11,2,4,5,10,1,2,0,1,1,0,1,1,1,0,8,3,26,13,41,22,67,35,0,9,9,32,15,2,29,47,15,3,6,10,68,98.0,186.0,510.0,1058.085,2782.251263555756,3917.13,1.0,2.0,2.0,0.0,25.0,12.0
Brighton,game_state,1983561,against,-1,82,7,42,28,38,17,4,21,12,16,1,0,3,1,7,2,0,12,8,7,2,3,35,1,4,3,4,2,1,1,3,1,1,1,2,1,1,2,0,0,0,4,3,3,2,12,8,15,10,0,3,0,9,7,3,9,16,1,3,0,2,18,29.0,48.0,125.0,370.65,682.0841215345012,1200.99,0.0,0.0,0.0,0.0,6.0,4.0
Brighton,game_state,1983561,against,Level,25,6,17,12,17,5,1,11,8,4,0,0,1,1,1,0,0,12,8,11,0,2,6,1,1,1,2,1,0,1,2,0,1,0,1,1,0,1,0,0,0,0,0,2,2,1,0,3,2,0,0,0,1,2,1,2,3,1,1,0,0,5,7.0,18.0,40.0,79.79999999999998,200.69750814183067,466.725,1.0,0.0,1.0,0.0,2.0,2.0
Brighton,game_state,1983561,against,+1,0,0,0,0,0,0,0,0,0,0,0,0,0,0,0,0,0,0,0,0,0,0,0,0,0,0,0,0,0,0,0,0,0,0,0,0,0,0,0,0,0,0,0,0,0,0,0,0,0,0,0,0,0,0,0,0,0,0,0,0,0,0,0.0,0.0,0.0,0.0,0.0,0.0,0.0,0.0,0.0,0.0,0.0,0.0
Brighton,game_state,1983561,against,+2 or better,0,0,0,0,0,0,0,0,0,0,0,0,0,0,0,0,0,0,0,0,0,0,0,0,0,0,0,0,0,0,0,0,0,0,0,0,0,0,0,0,0,0,0,0,0,0,0,0,0,0,0,0,0,0,0,0,0,0,0,0,0,0,0.0,0.0,0.0,0.0,0.0,0.0,0.0,0.0,0.0,0.0,0.0,0.0
Brighton,game_state,1983561,for,-2 or worse,625,22,497,431,487,213,112,172,199,232,14,5,20,7,54,27,3,143,94,96,35,57,401,5,8,7,13,5,7,1,12,1,5,0,3,3,0,2,0,0,0,4,3,26,13,39,17,65,30,0,8,5,11,30,2,28,41,20,3,10,6,81,111.0,541.0,1386.0,1381.1699999999998,8301.882612169593,5675.67,2.0,2.0,1.0,0.0,13.0,13.0
Brighton,game_state,1983561,for,-1,156,5,120,110,117,55,30,35,48,62,8,0,10,0,7,6,1,35,29,26,13,16,94,2,0,0,2,1,1,0,1,1,0,1,0,0,0,0,0,0,0,6,3,3,1,12,4,15,5,0,1,0,2,8,3,9,10,8,3,2,0,15,30.0,135.0,339.0,511.14,2050.771328567497,1729.875,0.0,1.0,0.0,0.0,0.0,2.0
Brighton,game_state,1983561,for,Level,39,0,30,26,30,13,8,9,11,15,1,0,1,0,4,3,0,8,5,5,2,1,25,0,0,0,0,0,0,0,0,0,0,0,0,0,0,0,0,0,0,1,1,2,0,1,1,3,1,0,0,0,1,0,2,2,1,0,0,0,0,4,6.0,32.0,111.0,27.720000000000002,626.9713247150597,268.275,0.0,0.0,0.0,0.0,1.0,0.0
Brighton,game_state,1983561,for,+1,0,0,0,0,0,0,0,0,0,0,0,0,0,0,0,0,0,0,0,0,0,0,0,0,0,0,0,0,0,0,0,0,0,0,0,0,0,0,0,0,0,0,0,0,0,0,0,0,0,0,0,0,0,0,0,0,0,0,0,0,0,0,0.0,0.0,0.0,0.0,0.0,0.0,0.0,0.0,0.0,0.0,0.0,0.0
Brighton,game_state,1983561,for,+2 or better,0,0,0,0,0,0,0,0,0,0,0,0,0,0,0,0,0,0,0,0,0,0,0,0,0,0,0,0,0,0,0,0,0,0,0,0,0,0,0,0,0,0,0,0,0,0,0,0,0,0,0,0,0,0,0,0,0,0,0,0,0,0,0.0,0.0,0.0,0.0,0.0,0.0,0.0,0.0,0.0,0.0,0.0,0.0
Brighton,total,1983561,against,Season,399,29,227,155,200,113,34,80,69,86,4,1,9,3,49,18,0,90,54,51,16,25,176,4,14,11,17,5,5,7,15,2,4,1,4,3,1,4,1,1,0,12,6,31,17,54,30,85,47,0,12,9,42,24,6,40,66,17,7,6,12,91,134.0,252.0,675.0,1508.535,3665.0328932320876,5584.845,2.0,2.0,3.0,0.0,33.0,18.0
Brighton,total,1983561,for,Season,820,27,647,567,634,281,150,216,258,309,23,5,31,7,65,36,4,186,128,127,50,74,520,7,8,7,15,6,8,1,13,2,5,1,3,3,0,2,0,0,0,11,7,31,14,52,22,83,36,0,9,5,14,38,7,39,52,28,6,12,6,100,147.0,708.0,1836.0,1920.03,10979.625265452149,7673.82,2.0,3.0,1.0,0.0,14.0,15.0
Chelsea,time_block,1983561,against,0-15,124,1,100,90,99,40,28,32,31,59,4,0,6,0,11,7,1,27,18,16,8,7,84,2,0,0,0,0,0,0,0,0,0,0,0,0,0,0,0,0,0,3,2,3,0,6,3,9,3,0,0,0,2,4,3,5,6,3,1,1,1,11,20.0,111.0,326.0,187.95,1770.5891324543286,1098.405,0.0,0.0,0.0,0.0,1.0,0.0
Chelsea,time_block,1983561,against,16-30,159,2,137,124,135,60,33,44,58,66,4,2,5,2,17,12,1,35,24,21,11,19,116,1,2,2,2,1,0,1,2,0,1,0,0,0,0,0,0,0,0,1,1,5,3,10,5,15,8,0,3,0,0,9,1,8,9,8,2,2,1,14,22.0,144.0,406.0,325.605,2360.394716732937,1126.86,2.0,1.0,0.0,0.0,1.0,2.0
Chelsea,time_block,1983561,against,31-45,117,7,79,65,77,35,20,24,32,33,2,1,3,1,9,3,0,22,16,14,7,7,65,1,3,2,4,2,2,0,3,1,2,0,1,1,0,1,0,0,0,1,1,7,3,11,3,18,6,0,1,3,5,5,0,8,10,4,1,3,1,22,25.0,100.0,269.0,187.10999999999999,1502.2506623487159,1139.67,0.0,0.0,0.0,0.0,7.0,4.0
Chelsea,time_block,1983561,against,46-60,136,4,107,93,105,43,16,48,48,45,3,1,4,2,10,3,0,27,17,19,4,10,88,0,1,1,3,0,3,0,3,0,0,0,0,0,0,0,0,0,0,0,0,6,4,4,3,10,7,0,2,0,5,3,0,3,8,1,0,1,1,14,22.0,128.0,306.0,318.04499999999996,1893.0000837343339,1025.22,0.0,0.0,0.0,0.0,2.0,3.0
Chelsea,time_block,1983561,against,61-75,137,7,109,99,105,48,27,34,41,58,7,1,7,1,5,3,1,28,23,23,9,15,86,1,1,1,3,2,1,0,2,1,1,1,1,1,0,0,0,0,0,5,3,4,2,9,4,13,6,0,1,0,1,6,2,6,7,5,2,1,0,14,24.0,98.0,220.0,336.105,1500.9216065196185,1311.66,0.0,1.0,0.0,0.0,0.0,3.0
Chelsea,time_block,1983561,against,76+,147,6,115,96,113,55,26,34,48,48,3,0,6,1,13,8,1,47,30,34,11,16,81,2,1,1,3,1,2,0,3,0,1,0,1,1,0,1,0,0,0,1,0,6,2,12,4,18,6,0,2,2,1,11,1,9,12,7,0,4,2,25,34.0,127.0,309.0,565.215,1952.4690636622151,1972.005,0.0,1.0,1.0,0.0,3.0,3.0
Chelsea,time_block,1983561,for,0-15,57,8,35,24,33,12,3,20,12,12,1,0,2,1,5,1,0,17,11,13,1,3,22,1,2,2,3,2,0,1,3,0,2,0,2,2,0,2,0,0,0,1,1,3,3,6,3,9,6,0,1,0,5,6,4,8,11,2,2,1,1,12,17.0,38.0,111.0,241.18499999999997,533.2543227194914,780.99,1.0,0.0,1.0,0.0,5.0,3.0
Chelsea,time_block,1983561,for,16-30,81,2,56,44,52,21,12,23,13,31,0,0,0,0,8,2,0,8,5,5,2,4,51,0,1,1,1,0,1,0,1,0,0,0,0,0,0,0,0,0,0,3,2,5,2,10,5,15,7,0,1,3,5,5,0,6,10,2,1,1,2,15,17.0,60.0,203.0,193.40999999999997,921.6990373596406,400.68,1.0,0.0,0.0,0.0,7.0,1.0
Chelsea,time_block,1983561,for,31-45,79,5,48,32,42,32,8,8,18,14,0,0,1,0,10,5,0,26,15,14,4,9,34,1,3,2,5,1,1,3,4,1,1,0,1,1,0,1,0,0,0,2,1,7,4,12,8,19,12,0,4,2,5,4,1,9,9,9,1,1,3,19,29.0,50.0,129.0,328.335,819.7162650107088,1519.665,0.0,1.0,2.0,0.0,2.0,5.0
Chelsea,time_block,1983561,for,46-60,50,8,23,15,19,13,3,7,9,6,3,1,4,1,8,5,0,15,10,8,3,3,15,1,4,3,4,1,1,2,4,0,1,0,0,0,0,0,0,0,0,0,0,6,2,4,1,10,3,0,0,2,7,2,0,3,9,0,0,1,1,12,22.0,31.0,70.0,272.89500000000004,447.6858582138813,1158.885,0.0,1.0,0.0,0.0,5.0,4.0
Chelsea,time_block,1983561,for,61-75,59,5,27,18,25,12,3,12,8,10,0,0,2,1,3,1,0,8,5,5,1,3,22,1,3,2,3,1,1,1,2,1,0,1,1,0,1,1,1,1,0,3,2,4,2,9,5,13,7,0,2,0,8,3,0,5,11,1,3,0,1,12,22.0,32.0,67.0,210.735,390.0498861274508,961.905,0.0,0.0,0.0,0.0,5.0,4.0
Chelsea,time_block,1983561,for,76+,73,1,38,22,29,23,5,10,9,13,0,0,0,0,15,4,0,16,8,6,5,3,32,0,1,1,1,0,1,0,1,0,0,0,0,0,0,0,0,0,0,3,0,6,4,13,8,19,12,0,4,2,12,4,1,9,16,3,0,2,4,21,27.0,41.0,95.0,261.975,552.6275238009149,762.72,0.0,0.0,0.0,0.0,9.0,1.0
Chelsea,game_state,1983561,against,-2 or worse,0,0,0,0,0,0,0,0,0,0,0,0,0,0,0,0,0,0,0,0,0,0,0,0,0,0,0,0,0,0,0,0,0,0,0,0,0,0,0,0,0,0,0,0,0,0,0,0,0,0,0,0,0,0,0,0,0,0,0,0,0,0,0.0,0.0,0.0,0.0,0.0,0.0,0.0,0.0,0.0,0.0,0.0,0.0
Chelsea,game_state,1983561,against,-1,0,0,0,0,0,0,0,0,0,0,0,0,0,0,0,0,0,0,0,0,0,0,0,0,0,0,0,0,0,0,0,0,0,0,0,0,0,0,0,0,0,0,0,0,0,0,0,0,0,0,0,0,0,0,0,0,0,0,0,0,0,0,0.0,0.0,0.0,0.0,0.0,0.0,0.0,0.0,0.0,0.0,0.0,0.0
Chelsea,game_state,1983561,against,Level,39,0,30,26,30,13,8,9,11,15,1,0,1,0,4,3,0,8,5,5,2,1,25,0,0,0,0,0,0,0,0,0,0,0,0,0,0,0,0,0,0,1,1,2,0,1,1,3,1,0,0,0,1,0,2,2,1,0,0,0,0,4,6.0,32.0,111.0,27.720000000000002,626.9713247150597,268.275,0.0,0.0,0.0,0.0,1.0,0.0
Chelsea,game_state,1983561,against,+1,156,5,120,110,117,55,30,35,48,62,8,0,10,0,7,6,1,35,29,26,13,16,94,2,0,0,2,1,1,0,1,1,0,1,0,0,0,0,0,0,0,6,3,3,1,12,4,15,5,0,1,0,2,8,3,9,10,8,3,2,0,15,30.0,135.0,339.0,511.14,2050.771328567497,1729.875,0.0,1.0,0.0,0.0,0.0,2.0
Chelsea,game_state,1983561,against,+2 or better,625,22,497,431,487,213,112,172,199,232,14,5,20,7,54,27,3,143,94,96,35,57,401,5,8,7,13,5,7,1,12,1,5,0,3,3,0,2,0,0,0,4,3,26,13,39,17,65,30,0,8,5,11,30,2,28,41,20,3,10,6,81,111.0,541.0,1386.0,1381.1699999999998,8301.882612169593,5675.67,2.0,2.0,1.0,0.0,13.0,13.0
Chelsea,game_state,1983561,for,-2 or worse,0,0,0,0,0,0,0,0,0,0,0,0,0,0,0,0,0,0,0,0,0,0,0,0,0,0,0,0,0,0,0,0,0,0,0,0,0,0,0,0,0,0,0,0,0,0,0,0,0,0,0,0,0,0,0,0,0,0,0,0,0,0,0.0,0.0,0.0,0.0,0.0,0.0,0.0,0.0,0.0,0.0,0.0,0.0
Chelsea,game_state,1983561,for,-1,0,0,0,0,0,0,0,0,0,0,0,0,0,0,0,0,0,0,0,0,0,0,0,0,0,0,0,0,0,0,0,0,0,0,0,0,0,0,0,0,0,0,0,0,0,0,0,0,0,0,0,0,0,0,0,0,0,0,0,0,0,0,0.0,0.0,0.0,0.0,0.0,0.0,0.0,0.0,0.0,0.0,0.0,0.0
Chelsea,game_state,1983561,for,Level,25,6,17,12,17,5,1,11,8,4,0,0,1,1,1,0,0,12,8,11,0,2,6,1,1,1,2,1,0,1,2,0,1,0,1,1,0,1,0,0,0,0,0,2,2,1,0,3,2,0,0,0,1,2,1,2,3,1,1,0,0,5,7.0,18.0,40.0,79.79999999999998,200.69750814183067,466.725,1.0,0.0,1.0,0.0,2.0,2.0
Chelsea,game_state,1983561,for,+1,82,7,42,28,38,17,4,21,12,16,1,0,3,1,7,2,0,12,8,7,2,3,35,1,4,3,4,2,1,1,3,1,1,1,2,1,1,2,0,0,0,4,3,3,2,12,8,15,10,0,3,0,9,7,3,9,16,1,3,0,2,18,29.0,48.0,125.0,370.65,682.0841215345012,1200.99,0.0,0.0,0.0,0.0,6.0,4.0
Chelsea,game_state,1983561,for,+2 or better,292,16,168,115,145,91,29,48,49,66,3,1,5,1,41,16,0,66,38,33,14,20,135,2,9,7,11,2,4,5,10,1,2,0,1,1,0,1,1,1,0,8,3,26,13,41,22,67,35,0,9,9,32,15,2,29,47,15,3,6,10,68,98.0,186.0,510.0,1058.085,2782.251263555756,3917.13,1.0,2.0,2.0,0.0,25.0,12.0
Chelsea,total,1983561,against,Season,820,27,647,567,634,281,150,216,258,309,23,5,31,7,65,36,4,186,128,127,50,74,520,7,8,7,15,6,8,1,13,2,5,1,3,3,0,2,0,0,0,11,7,31,14,52,22,83,36,0,9,5,14,38,7,39,52,28,6,12,6,100,147.0,708.0,1836.0,1920.03,10979.625265452149,7673.82,2.0,3.0,1.0,0.0,14.0,15.0
Chelsea,total,1983561,for,Season,399,29,227,155,200,113,34,80,69,86,4,1,9,3,49,18,0,90,54,51,16,25,176,4,14,11,17,5,5,7,15,2,4,1,4,3,1,4,1,1,0,12,6,31,17,54,30,85,47,0,12,9,42,24,6,40,66,17,7,6,12,91,134.0,252.0,675.0,1508.535,3665.0328932320876,5584.845,2.0,2.0,3.0,0.0,33.0,18.0
Ipswich,time_block,1983562,against,0-15,131,9,94,87,91,43,31,20,30,57,3,0,5,1,12,7,0,25,21,16,8,18,78,2,3,3,4,2,1,1,2,2,1,1,0,0,0,0,0,0,0,4,3,3,2,15,11,18,13,0,5,2,0,6,1,11,6,8,2,1,3,15,25.0,103.0,343.0,333.375,1913.7027940587498,1294.44,1.0,2.0,0.0,0.0,3.0,4.0
Ipswich,time_block,1983562,against,16-30,102,4,78,71,77,37,22,19,47,24,4,1,4,1,7,5,0,25,21,15,13,16,63,0,2,1,4,0,2,2,1,3,0,0,0,0,0,0,0,0,0,4,1,4,2,8,3,12,5,0,0,1,0,6,2,4,6,3,1,0,2,12,21.0,83.0,207.0,263.025,1271.3563926157517,1198.155,1.0,0.0,1.0,0.0,0.0,4.0
Ipswich,time_block,1983562,against,31-45,113,4,72,56,68,39,13,20,34,22,2,0,3,0,9,2,1,25,17,13,8,10,59,2,3,1,3,1,2,0,1,2,1,0,1,1,0,1,0,0,0,2,1,5,3,13,9,18,12,0,5,3,6,10,1,12,16,8,1,2,3,21,31.0,81.0,179.0,350.7,1189.1172844203436,1531.32,0.0,1.0,0.0,0.0,7.0,3.0
Ipswich,time_block,1983562,against,46-60,97,16,66,57,63,26,12,28,31,26,3,2,4,3,2,1,1,29,23,24,6,13,42,1,2,1,9,2,2,5,7,2,1,1,2,2,0,1,0,0,0,2,2,3,3,11,7,14,10,0,2,2,2,4,2,9,6,7,2,1,3,12,24.0,72.0,169.0,296.205,1197.6068130255492,1539.825,0.0,0.0,1.0,1.0,2.0,9.0
Ipswich,time_block,1983562,against,61-75,123,5,99,89,98,38,34,27,54,35,2,1,3,2,6,4,0,37,31,31,17,12,68,1,3,2,7,2,2,3,5,2,2,0,1,1,0,1,0,0,0,4,1,2,1,7,3,9,4,0,2,0,1,8,2,5,9,5,1,0,0,14,21.0,103.0,264.0,205.8,1694.142665545184,1281.21,0.0,2.0,4.0,1.0,2.0,7.0
Ipswich,time_block,1983562,against,76+,195,6,152,142,149,55,52,45,60,82,4,1,5,1,8,5,2,33,27,35,10,13,117,2,5,4,6,3,1,2,3,3,2,1,1,0,1,1,0,0,0,6,1,4,1,20,10,24,11,0,8,5,1,15,2,19,16,12,1,3,1,19,29.0,158.0,466.0,432.075,2540.978523960967,1435.14,1.0,2.0,1.0,0.0,4.0,6.0
Ipswich,time_block,1983562,for,0-15,91,3,60,50,57,26,15,19,16,34,1,0,1,0,5,2,0,15,12,12,3,5,48,0,0,0,1,1,0,0,1,0,1,0,0,0,0,0,0,0,0,6,2,3,1,15,4,18,5,0,1,1,6,6,1,9,12,5,3,3,1,17,19.0,73.0,256.0,246.32999999999998,1261.7531904680804,782.7750000000001,0.0,0.0,1.0,0.0,4.0,1.0
Ipswich,time_block,1983562,for,16-30,80,6,55,47,52,22,8,25,10,37,1,1,2,2,8,4,2,8,7,6,3,5,49,1,4,4,4,3,1,0,4,0,3,0,1,1,0,1,0,0,0,1,1,4,2,6,3,10,5,0,2,0,4,5,2,7,9,2,1,2,0,10,17.0,52.0,152.0,262.29,826.5792613514466,536.235,0.0,0.0,0.0,0.0,5.0,4.0
Ipswich,time_block,1983562,for,31-45,91,1,51,36,48,23,12,16,9,27,1,0,2,0,10,3,0,14,7,7,2,2,44,1,1,0,1,0,0,1,0,1,0,0,0,0,0,0,0,0,0,4,1,5,2,14,4,19,6,0,1,1,4,7,5,11,11,8,1,3,2,25,33.0,61.0,147.0,56.80499999999998,805.0500059667248,1505.595,0.0,0.0,2.0,0.0,13.0,1.0
Ipswich,time_block,1983562,for,46-60,70,0,36,30,35,15,9,12,21,9,1,0,2,0,4,1,0,6,4,3,3,2,33,1,1,0,1,0,1,0,0,1,0,0,0,0,0,0,1,1,0,4,2,3,0,12,4,15,4,0,1,1,8,2,1,8,10,6,2,3,1,10,15.0,42.0,144.0,44.099999999999994,699.7165735894243,657.09,1.0,0.0,0.0,0.0,5.0,2.0
Ipswich,time_block,1983562,for,61-75,89,1,66,54,64,22,13,31,16,38,0,0,1,0,4,2,0,13,8,11,3,2,55,1,0,0,0,0,0,0,0,0,0,0,0,0,0,0,0,0,0,2,1,2,1,6,3,8,4,0,2,3,2,5,3,9,7,5,1,0,0,16,18.0,72.0,165.0,229.005,1033.7137017828159,780.6750000000001,0.0,0.0,1.0,0.0,3.0,0.0
Ipswich,time_block,1983562,for,76+,145,2,101,88,98,37,21,43,36,52,0,0,1,0,5,2,0,19,16,18,3,3,83,0,2,1,2,1,1,0,1,1,1,0,1,1,0,1,0,0,0,7,1,4,3,17,7,21,10,0,3,2,3,8,0,7,11,4,1,1,3,23,26.0,107.0,291.0,386.08500000000004,1526.598722709677,1189.65,0.0,0.0,4.0,2.0,0.0,2.0
Ipswich,game_state,1983562,against,-2 or worse,318,11,251,231,247,93,86,72,114,117,6,2,8,3,14,9,2,70,58,66,27,25,185,3,8,6,13,5,3,5,8,5,4,1,2,1,1,2,0,0,0,10,2,6,2,27,13,33,15,0,10,5,2,23,4,24,25,17,2,3,1,33,50.0,261.0,730.0,637.875,4235.121189506151,2716.35,1.0,4.0,5.0,1.0,6.0,13.0
Ipswich,game_state,1983562,against,-1,10,2,7,7,7,4,1,2,1,6,0,0,0,0,0,0,1,1,1,1,0,1,6,0,0,0,1,1,0,0,1,0,1,0,1,1,0,1,0,0,0,1,1,0,0,2,2,2,2,0,0,0,0,1,0,0,1,0,0,0,1,0,2.0,7.0,16.0,54.285000000000004,91.52974077502085,109.41,0.0,0.0,0.0,0.0,0.0,1.0
Ipswich,game_state,1983562,against,Level,380,29,273,241,265,128,72,73,131,110,10,3,14,5,25,14,0,92,72,61,30,50,212,4,9,5,18,3,7,8,9,9,1,2,1,1,0,0,0,0,0,10,6,13,9,38,24,51,33,0,10,7,3,21,5,30,24,22,5,3,8,51,85.0,296.0,804.0,990.15,4977.938761947145,4926.915,2.0,2.0,2.0,1.0,8.0,18.0
Ipswich,game_state,1983562,against,+1,53,2,30,23,27,13,5,12,10,13,2,0,2,0,5,1,1,11,9,6,5,6,24,1,1,1,1,1,0,0,1,0,1,0,1,1,0,1,0,0,0,1,0,2,1,7,4,9,5,0,2,1,5,4,1,6,9,4,1,1,2,9,14.0,36.0,78.0,198.87,502.3147813982282,527.415,0.0,1.0,0.0,0.0,4.0,1.0
Ipswich,game_state,1983562,against,+2 or better,0,0,0,0,0,0,0,0,0,0,0,0,0,0,0,0,0,0,0,0,0,0,0,0,0,0,0,0,0,0,0,0,0,0,0,0,0,0,0,0,0,0,0,0,0,0,0,0,0,0,0,0,0,0,0,0,0,0,0,0,0,0,0.0,0.0,0.0,0.0,0.0,0.0,0.0,0.0,0.0,0.0,0.0,0.0
Ipswich,game_state,1983562,for,-2 or worse,234,3,167,142,162,59,34,74,52,90,0,0,2,0,9,4,0,32,24,29,6,5,138,1,2,1,2,1,1,0,1,1,1,0,1,1,0,1,0,0,0,9,2,6,4,23,10,29,14,0,5,5,5,13,3,16,18,9,2,1,3,39,44.0,179.0,456.0,615.09,2560.312424492493,1970.325,0.0,0.0,5.0,2.0,3.0,2.0
Ipswich,game_state,1983562,for,-1,2,0,2,1,2,1,1,0,0,1,0,0,0,0,1,0,0,1,0,0,0,0,2,0,0,0,0,0,0,0,0,0,0,0,0,0,0,0,0,0,0,0,0,0,0,2,0,2,0,0,0,0,0,0,0,2,0,1,1,1,0,1,1.0,2.0,1.0,-24.150000000000002,24.200590819234147,52.395,0.0,0.0,0.0,0.0,0.0,0.0
Ipswich,game_state,1983562,for,Level,278,8,175,143,166,74,38,63,45,98,2,0,4,1,22,9,2,31,21,18,10,11,157,2,4,3,5,3,2,0,4,1,3,0,1,1,0,1,1,1,0,13,5,13,4,38,13,51,17,0,5,3,20,17,6,28,37,15,6,8,3,49,65.0,192.0,590.0,502.42499999999995,3065.7534366394607,2404.185,1.0,0.0,1.0,0.0,21.0,6.0
Ipswich,game_state,1983562,for,+1,52,2,25,19,24,11,5,9,11,8,2,1,3,1,4,1,0,11,9,10,1,3,15,1,2,1,2,1,0,1,1,1,1,0,0,0,0,0,0,0,0,2,1,2,1,7,2,9,3,0,0,0,2,3,3,5,5,5,0,2,1,12,18.0,34.0,108.0,131.25,503.1450039169817,1025.115,0.0,0.0,2.0,0.0,6.0,2.0
Ipswich,game_state,1983562,for,+2 or better,0,0,0,0,0,0,0,0,0,0,0,0,0,0,0,0,0,0,0,0,0,0,0,0,0,0,0,0,0,0,0,0,0,0,0,0,0,0,0,0,0,0,0,0,0,0,0,0,0,0,0,0,0,0,0,0,0,0,0,0,0,0,0.0,0.0,0.0,0.0,0.0,0.0,0.0,0.0,0.0,0.0,0.0,0.0
Ipswich,total,1983562,against,Season,761,44,561,502,546,238,164,159,256,246,18,5,24,8,44,24,4,174,140,134,62,82,427,8,18,12,33,10,10,13,19,14,7,3,5,4,1,4,0,0,0,22,9,21,12,74,43,95,55,0,22,13,10,49,10,60,59,43,8,7,12,93,151.0,600.0,1628.0,1881.18,9806.904473626546,8280.09,3.0,7.0,7.0,2.0,18.0,33.0
Ipswich,total,1983562,for,Season,566,13,369,305,354,145,78,146,108,197,4,1,9,2,36,14,2,75,54,57,17,19,312,4,8,5,9,5,3,1,6,3,5,0,2,2,0,2,1,1,0,24,8,21,9,70,25,91,34,0,10,8,27,33,12,51,60,30,9,12,7,101,128.0,407.0,1155.0,1224.615,6153.4114558681695,5452.02,1.0,0.0,8.0,2.0,30.0,10.0
Man Utd,time_block,1983562,against,0-15,91,3,60,50,57,26,15,19,16,34,1,0,1,0,5,2,0,15,12,12,3,5,48,0,0,0,1,1,0,0,1,0,1,0,0,0,0,0,0,0,0,6,2,3,1,15,4,18,5,0,1,1,6,6,1,9,12,5,3,3,1,17,19.0,73.0,256.0,246.32999999999998,1261.7531904680804,782.7750000000001,0.0,0.0,1.0,0.0,4.0,1.0
Man Utd,time_block,1983562,against,16-30,80,6,55,47,52,22,8,25,10,37,1,1,2,2,8,4,2,8,7,6,3,5,49,1,4,4,4,3,1,0,4,0,3,0,1,1,0,1,0,0,0,1,1,4,2,6,3,10,5,0,2,0,4,5,2,7,9,2,1,2,0,10,17.0,52.0,152.0,262.29,826.5792613514466,536.235,0.0,0.0,0.0,0.0,5.0,4.0
Man Utd,time_block,1983562,against,31-45,91,1,51,36,48,23,12,16,9,27,1,0,2,0,10,3,0,14,7,7,2,2,44,1,1,0,1,0,0,1,0,1,0,0,0,0,0,0,0,0,0,4,1,5,2,14,4,19,6,0,1,1,4,7,5,11,11,8,1,3,2,25,33.0,61.0,147.0,56.80499999999998,805.0500059667248,1505.595,0.0,0.0,2.0,0.0,13.0,1.0
Man Utd,time_block,1983562,against,46-60,70,0,36,30,35,15,9,12,21,9,1,0,2,0,4,1,0,6,4,3,3,2,33,1,1,0,1,0,1,0,0,1,0,0,0,0,0,0,1,1,0,4,2,3,0,12,4,15,4,0,1,1,8,2,1,8,10,6,2,3,1,10,15.0,42.0,144.0,44.099999999999994,699.7165735894243,657.09,1.0,0.0,0.0,0.0,5.0,2.0
Man Utd,time_block,1983562,against,61-75,89,1,66,54,64,22,13,31,16,38,0,0,1,0,4,2,0,13,8,11,3,2,55,1,0,0,0,0,0,0,0,0,0,0,0,0,0,0,0,0,0,2,1,2,1,6,3,8,4,0,2,3,2,5,3,9,7,5,1,0,0,16,18.0,72.0,165.0,229.005,1033.7137017828159,780.6750000000001,0.0,0.0,1.0,0.0,3.0,0.0
Man Utd,time_block,1983562,against,76+,145,2,101,88,98,37,21,43,36,52,0,0,1,0,5,2,0,19,16,18,3,3,83,0,2,1,2,1,1,0,1,1,1,0,1,1,0,1,0,0,0,7,1,4,3,17,7,21,10,0,3,2,3,8,0,7,11,4,1,1,3,23,26.0,107.0,291.0,386.08500000000004,1526.598722709677,1189.65,0.0,0.0,4.0,2.0,0.0,2.0
Man Utd,time_block,1983562,for,0-15,131,9,94,87,91,43,31,20,30,57,3,0,5,1,12,7,0,25,21,16,8,18,78,2,3,3,4,2,1,1,2,2,1,1,0,0,0,0,0,0,0,4,3,3,2,15,11,18,13,0,5,2,0,6,1,11,6,8,2,1,3,15,25.0,103.0,343.0,333.375,1913.7027940587498,1294.44,1.0,2.0,0.0,0.0,3.0,4.0
Man Utd,time_block,1983562,for,16-30,102,4,78,71,77,37,22,19,47,24,4,1,4,1,7,5,0,25,21,15,13,16,63,0,2,1,4,0,2,2,1,3,0,0,0,0,0,0,0,0,0,4,1,4,2,8,3,12,5,0,0,1,0,6,2,4,6,3,1,0,2,12,21.0,83.0,207.0,263.025,1271.3563926157517,1198.155,1.0,0.0,1.0,0.0,0.0,4.0
Man Utd,time_block,1983562,for,31-45,113,4,72,56,68,39,13,20,34,22,2,0,3,0,9,2,1,25,17,13,8,10,59,2,3,1,3,1,2,0,1,2,1,0,1,1,0,1,0,0,0,2,1,5,3,13,9,18,12,0,5,3,6,10,1,12,16,8,1,2,3,21,31.0,81.0,179.0,350.7,1189.1172844203436,1531.32,0.0,1.0,0.0,0.0,7.0,3.0
Man Utd,time_block,1983562,for,46-60,97,16,66,57,63,26,12,28,31,26,3,2,4,3,2,1,1,29,23,24,6,13,42,1,2,1,9,2,2,5,7,2,1,1,2,2,0,1,0,0,0,2,2,3,3,11,7,14,10,0,2,2,2,4,2,9,6,7,2,1,3,12,24.0,72.0,169.0,296.205,1197.6068130255492,1539.825,0.0,0.0,1.0,1.0,2.0,9.0
Man Utd,time_block,1983562,for,61-75,123,5,99,89,98,38,34,27,54,35,2,1,3,2,6,4,0,37,31,31,17,12,68,1,3,2,7,2,2,3,5,2,2,0,1,1,0,1,0,0,0,4,1,2,1,7,3,9,4,0,2,0,1,8,2,5,9,5,1,0,0,14,21.0,103.0,264.0,205.8,1694.142665545184,1281.21,0.0,2.0,4.0,1.0,2.0,7.0
Man Utd,time_block,1983562,for,76+,195,6,152,142,149,55,52,45,60,82,4,1,5,1,8,5,2,33,27,35,10,13,117,2,5,4,6,3,1,2,3,3,2,1,1,0,1,1,0,0,0,6,1,4,1,20,10,24,11,0,8,5,1,15,2,19,16,12,1,3,1,19,29.0,158.0,466.0,432.075,2540.978523960967,1435.14,1.0,2.0,1.0,0.0,4.0,6.0
Man Utd,game_state,1983562,against,-2 or worse,0,0,0,0,0,0,0,0,0,0,0,0,0,0,0,0,0,0,0,0,0,0,0,0,0,0,0,0,0,0,0,0,0,0,0,0,0,0,0,0,0,0,0,0,0,0,0,0,0,0,0,0,0,0,0,0,0,0,0,0,0,0,0.0,0.0,0.0,0.0,0.0,0.0,0.0,0.0,0.0,0.0,0.0,0.0
Man Utd,game_state,1983562,against,-1,52,2,25,19,24,11,5,9,11,8,2,1,3,1,4,1,0,11,9,10,1,3,15,1,2,1,2,1,0,1,1,1,1,0,0,0,0,0,0,0,0,2,1,2,1,7,2,9,3,0,0,0,2,3,3,5,5,5,0,2,1,12,18.0,34.0,108.0,131.25,503.1450039169817,1025.115,0.0,0.0,2.0,0.0,6.0,2.0
Man Utd,game_state,1983562,against,Level,278,8,175,143,166,74,38,63,45,98,2,0,4,1,22,9,2,31,21,18,10,11,157,2,4,3,5,3,2,0,4,1,3,0,1,1,0,1,1,1,0,13,5,13,4,38,13,51,17,0,5,3,20,17,6,28,37,15,6,8,3,49,65.0,192.0,590.0,502.42499999999995,3065.7534366394607,2404.185,1.0,0.0,1.0,0.0,21.0,6.0
Man Utd,game_state,1983562,against,+1,2,0,2,1,2,1,1,0,0,1,0,0,0,0,1,0,0,1,0,0,0,0,2,0,0,0,0,0,0,0,0,0,0,0,0,0,0,0,0,0,0,0,0,0,0,2,0,2,0,0,0,0,0,0,0,2,0,1,1,1,0,1,1.0,2.0,1.0,-24.150000000000002,24.200590819234147,52.395,0.0,0.0,0.0,0.0,0.0,0.0
Man Utd,game_state,1983562,against,+2 or better,234,3,167,142,162,59,34,74,52,90,0,0,2,0,9,4,0,32,24,29,6,5,138,1,2,1,2,1,1,0,1,1,1,0,1,1,0,1,0,0,0,9,2,6,4,23,10,29,14,0,5,5,5,13,3,16,18,9,2,1,3,39,44.0,179.0,456.0,615.09,2560.312424492493,1970.325,0.0,0.0,5.0,2.0,3.0,2.0
Man Utd,game_state,1983562,for,-2 or worse,0,0,0,0,0,0,0,0,0,0,0,0,0,0,0,0,0,0,0,0,0,0,0,0,0,0,0,0,0,0,0,0,0,0,0,0,0,0,0,0,0,0,0,0,0,0,0,0,0,0,0,0,0,0,0,0,0,0,0,0,0,0,0.0,0.0,0.0,0.0,0.0,0.0,0.0,0.0,0.0,0.0,0.0,0.0
Man Utd,game_state,1983562,for,-1,53,2,30,23,27,13,5,12,10,13,2,0,2,0,5,1,1,11,9,6,5,6,24,1,1,1,1,1,0,0,1,0,1,0,1,1,0,1,0,0,0,1,0,2,1,7,4,9,5,0,2,1,5,4,1,6,9,4,1,1,2,9,14.0,36.0,78.0,198.87,502.3147813982282,527.415,0.0,1.0,0.0,0.0,4.0,1.0
Man Utd,game_state,1983562,for,Level,380,29,273,241,265,128,72,73,131,110,10,3,14,5,25,14,0,92,72,61,30,50,212,4,9,5,18,3,7,8,9,9,1,2,1,1,0,0,0,0,0,10,6,13,9,38,24,51,33,0,10,7,3,21,5,30,24,22,5,3,8,51,85.0,296.0,804.0,990.15,4977.938761947145,4926.915,2.0,2.0,2.0,1.0,8.0,18.0
Man Utd,game_state,1983562,for,+1,10,2,7,7,7,4,1,2,1,6,0,0,0,0,0,0,1,1,1,1,0,1,6,0,0,0,1,1,0,0,1,0,1,0,1,1,0,1,0,0,0,1,1,0,0,2,2,2,2,0,0,0,0,1,0,0,1,0,0,0,1,0,2.0,7.0,16.0,54.285000000000004,91.52974077502085,109.41,0.0,0.0,0.0,0.0,0.0,1.0
Man Utd,game_state,1983562,for,+2 or better,318,11,251,231,247,93,86,72,114,117,6,2,8,3,14,9,2,70,58,66,27,25,185,3,8,6,13,5,3,5,8,5,4,1,2,1,1,2,0,0,0,10,2,6,2,27,13,33,15,0,10,5,2,23,4,24,25,17,2,3,1,33,50.0,261.0,730.0,637.875,4235.121189506151,2716.35,1.0,4.0,5.0,1.0,6.0,13.0
Man Utd,total,1983562,against,Season,566,13,369,305,354,145,78,146,108,197,4,1,9,2,36,14,2,75,54,57,17,19,312,4,8,5,9,5,3,1,6,3,5,0,2,2,0,2,1,1,0,24,8,21,9,70,25,91,34,0,10,8,27,33,12,51,60,30,9,12,7,101,128.0,407.0,1155.0,1224.615,6153.4114558681695,5452.02,1.0,0.0,8.0,2.0,30.0,10.0
Man Utd,total,1983562,for,Season,761,44,561,502,546,238,164,159,256,246,18,5,24,8,44,24,4,174,140,134,62,82,427,8,18,12,33,10,10,13,19,14,7,3,5,4,1,4,0,0,0,22,9,21,12,74,43,95,55,0,22,13,10,49,10,60,59,43,8,7,12,93,151.0,600.0,1628.0,1881.18,9806.904473626546,8280.09,3.0,7.0,7.0,2.0,18.0,33.0
Coventry,time_block,1983563,against,0-15,86,0,59,45,51,30,9,20,7,38,2,0,2,0,12,3,1,9,2,0,2,4,59,0,0,0,0,0,0,0,0,0,0,0,0,0,0,0,0,0,0,0,0,3,1,8,6,11,7,0,2,1,5,8,2,6,13,2,0,1,4,18,23.0,64.0,168.0,189.10499999999996,906.9593549540566,825.825,0.0,0.0,0.0,0.0,6.0,0.0
Coventry,time_block,1983563,against,16-30,81,3,45,34,42,25,9,11,11,23,2,0,4,0,10,4,0,13,3,4,3,3,41,2,1,0,1,0,1,0,0,1,0,0,0,0,0,0,0,0,0,0,0,5,3,5,2,10,5,0,1,3,7,6,0,7,13,7,2,1,1,19,29.0,54.0,133.0,319.40999999999997,778.6730581734395,1553.16,0.0,1.0,0.0,0.0,5.0,1.0
Coventry,time_block,1983563,against,31-45,72,4,43,28,41,24,7,12,9,19,1,0,1,0,11,4,1,12,7,5,3,5,38,0,0,0,0,0,0,0,0,0,0,0,0,0,0,0,0,0,0,2,2,3,2,9,5,12,7,0,3,1,9,6,2,9,15,7,1,2,0,19,21.0,49.0,114.0,249.16500000000002,650.1734370960096,774.165,0.0,0.0,1.0,0.0,2.0,0.0
Coventry,time_block,1983563,against,46-60,77,4,52,34,48,26,9,17,24,10,2,0,2,0,9,2,0,20,15,17,4,3,35,0,0,0,1,1,0,0,0,1,0,1,0,0,0,0,0,0,0,2,0,6,3,11,4,17,7,0,3,1,3,7,0,8,10,6,2,2,1,26,29.0,57.0,117.0,253.57500000000002,679.7188249187607,1281.105,0.0,1.0,1.0,0.0,5.0,1.0
Coventry,time_block,1983563,against,61-75,49,1,28,18,26,15,3,10,5,13,0,0,0,0,3,0,0,7,2,3,2,1,25,0,1,0,1,0,1,0,1,0,0,0,0,0,0,0,0,0,0,1,1,2,1,8,5,10,6,0,3,0,6,5,2,8,11,4,2,1,1,11,16.0,30.0,73.0,187.32,393.7997369716935,495.6,0.0,1.0,1.0,0.0,4.0,1.0
Coventry,time_block,1983563,against,76+,82,1,44,23,39,31,5,8,15,8,2,1,2,1,13,4,0,20,10,8,5,6,36,0,2,2,3,1,2,0,1,2,0,1,1,0,1,1,0,0,0,5,1,13,5,14,8,27,13,0,3,1,5,8,0,5,13,3,0,1,4,28,37.0,55.0,126.0,322.77,732.8128654187043,1634.22,0.0,2.0,1.0,0.0,6.0,3.0
Coventry,time_block,1983563,for,0-15,115,2,92,83,92,40,28,24,25,58,1,0,3,0,7,2,1,19,13,11,5,7,81,1,3,1,3,0,1,2,1,2,0,0,0,0,0,0,0,0,0,0,0,3,2,8,2,11,4,0,1,0,4,15,0,5,19,4,0,4,1,13,22.0,107.0,304.0,431.655,1737.350151986019,973.035,1.0,1.0,0.0,0.0,4.0,3.0
Coventry,time_block,1983563,for,16-30,110,4,77,62,73,36,21,20,30,32,7,2,7,2,8,2,0,20,15,16,7,6,61,0,3,2,3,1,1,1,2,1,1,0,0,0,0,0,0,0,0,3,2,5,2,5,3,10,5,0,0,0,10,3,1,2,13,1,0,1,1,18,24.0,80.0,191.0,316.78499999999997,1085.8934365426637,1029.105,0.0,0.0,0.0,0.0,6.0,3.0
Coventry,time_block,1983563,for,31-45,150,5,112,96,110,44,36,32,33,63,5,1,6,1,9,3,0,23,16,14,8,8,98,1,1,1,2,1,1,0,2,0,1,0,0,0,0,0,0,0,0,2,1,3,1,9,4,12,5,0,1,1,4,6,2,6,10,4,2,0,2,22,32.0,128.0,402.0,438.795,2085.581622698215,1577.31,0.0,0.0,1.0,0.0,4.0,2.0
Coventry,time_block,1983563,for,46-60,130,1,99,86,98,47,19,33,25,61,3,0,4,0,5,2,0,22,15,10,9,11,89,0,0,0,0,0,0,0,0,0,0,0,0,0,0,0,0,0,0,4,2,6,3,12,7,18,10,0,3,1,4,10,1,6,14,5,0,1,2,21,27.0,109.0,311.0,446.355,1637.8365527923163,1057.2450000000001,0.0,1.0,1.0,0.0,4.0,0.0
Coventry,time_block,1983563,for,61-75,125,6,97,87,95,38,24,35,64,23,6,1,9,2,6,3,0,45,40,38,10,15,59,3,2,0,2,0,0,2,1,1,0,0,0,0,0,0,0,0,0,5,2,2,1,8,3,10,4,0,0,0,1,5,2,4,6,2,1,1,1,15,22.0,104.0,323.0,242.34000000000003,1528.2088887699365,1232.175,0.0,0.0,1.0,0.0,3.0,2.0
Coventry,time_block,1983563,for,76+,145,2,107,87,104,56,19,32,50,37,4,2,5,2,12,3,0,41,29,29,5,17,78,1,1,1,1,1,0,0,1,0,1,0,0,0,0,0,0,0,0,2,0,13,8,12,3,25,11,0,2,0,4,9,1,8,13,5,1,4,1,31,36.0,118.0,306.0,482.685,1706.1226671457189,1433.145,0.0,0.0,1.0,0.0,9.0,1.0
Coventry,game_state,1983563,against,-2 or worse,0,0,0,0,0,0,0,0,0,0,0,0,0,0,0,0,0,0,0,0,0,0,0,0,0,0,0,0,0,0,0,0,0,0,0,0,0,0,0,0,0,0,0,0,0,0,0,0,0,0,0,0,0,0,0,0,0,0,0,0,0,0,0.0,0.0,0.0,0.0,0.0,0.0,0.0,0.0,0.0,0.0,0.0,0.0
Coventry,game_state,1983563,against,-1,58,0,32,15,28,22,4,6,10,5,1,0,1,0,10,2,0,15,6,5,3,3,27,0,0,0,1,0,1,0,0,1,0,0,0,0,0,0,0,0,0,3,0,9,1,9,5,18,6,0,2,1,2,5,0,3,7,2,0,0,3,23,30.0,41.0,88.0,162.225,455.8561645332213,1394.19,0.0,0.0,1.0,0.0,5.0,1.0
Coventry,game_state,1983563,against,Level,389,13,239,167,219,129,38,72,61,106,8,1,10,1,48,15,2,66,33,32,16,19,207,2,4,2,5,2,3,0,2,3,0,2,1,0,1,1,0,0,0,7,4,23,14,46,25,69,39,0,13,6,33,35,6,40,68,27,7,8,8,98,125.0,268.0,643.0,1359.12,3686.281112999443,5169.885,0.0,5.0,3.0,0.0,23.0,5.0
Coventry,game_state,1983563,against,+1,0,0,0,0,0,0,0,0,0,0,0,0,0,0,0,0,0,0,0,0,0,0,0,0,0,0,0,0,0,0,0,0,0,0,0,0,0,0,0,0,0,0,0,0,0,0,0,0,0,0,0,0,0,0,0,0,0,0,0,0,0,0,0.0,0.0,0.0,0.0,0.0,0.0,0.0,0.0,0.0,0.0,0.0,0.0
Coventry,game_state,1983563,against,+2 or better,0,0,0,0,0,0,0,0,0,0,0,0,0,0,0,0,0,0,0,0,0,0,0,0,0,0,0,0,0,0,0,0,0,0,0,0,0,0,0,0,0,0,0,0,0,0,0,0,0,0,0,0,0,0,0,0,0,0,0,0,0,0,0.0,0.0,0.0,0.0,0.0,0.0,0.0,0.0,0.0,0.0,0.0,0.0
Coventry,game_state,1983563,for,-2 or worse,0,0,0,0,0,0,0,0,0,0,0,0,0,0,0,0,0,0,0,0,0,0,0,0,0,0,0,0,0,0,0,0,0,0,0,0,0,0,0,0,0,0,0,0,0,0,0,0,0,0,0,0,0,0,0,0,0,0,0,0,0,0,0.0,0.0,0.0,0.0,0.0,0.0,0.0,0.0,0.0,0.0,0.0,0.0
Coventry,game_state,1983563,for,-1,114,2,87,72,86,44,15,28,40,32,2,2,2,2,9,3,0,32,24,24,4,14,63,0,1,1,1,1,0,0,1,0,1,0,0,0,0,0,0,0,0,1,0,9,8,8,2,17,10,0,2,0,3,7,1,6,10,4,0,3,0,24,26.0,93.0,238.0,381.99,1352.5915514468854,855.435,0.0,0.0,1.0,0.0,9.0,1.0
Coventry,game_state,1983563,for,Level,661,18,497,429,486,217,132,148,187,242,24,4,32,5,38,12,1,138,104,94,40,50,403,6,9,4,10,2,3,5,6,4,2,0,0,0,0,0,0,0,0,15,7,23,9,46,20,69,29,0,5,2,24,41,6,25,65,17,4,8,8,96,137.0,553.0,1599.0,1976.625,8428.401768487984,6446.58,1.0,2.0,3.0,0.0,21.0,10.0
Coventry,game_state,1983563,for,+1,0,0,0,0,0,0,0,0,0,0,0,0,0,0,0,0,0,0,0,0,0,0,0,0,0,0,0,0,0,0,0,0,0,0,0,0,0,0,0,0,0,0,0,0,0,0,0,0,0,0,0,0,0,0,0,0,0,0,0,0,0,0,0.0,0.0,0.0,0.0,0.0,0.0,0.0,0.0,0.0,0.0,0.0,0.0
Coventry,game_state,1983563,for,+2 or better,0,0,0,0,0,0,0,0,0,0,0,0,0,0,0,0,0,0,0,0,0,0,0,0,0,0,0,0,0,0,0,0,0,0,0,0,0,0,0,0,0,0,0,0,0,0,0,0,0,0,0,0,0,0,0,0,0,0,0,0,0,0,0.0,0.0,0.0,0.0,0.0,0.0,0.0,0.0,0.0,0.0,0.0,0.0
Coventry,total,1983563,against,Season,447,13,271,182,247,151,42,78,71,111,9,1,11,1,58,17,2,81,39,37,19,22,234,2,4,2,6,2,4,0,2,4,0,2,1,0,1,1,0,0,0,10,4,32,15,55,30,87,45,0,15,7,35,40,6,43,75,29,7,8,11,121,155.0,309.0,731.0,1521.345,4142.1372775326645,6564.075,0.0,5.0,4.0,0.0,28.0,6.0
Coventry,total,1983563,for,Season,775,20,584,501,572,261,147,176,227,274,26,6,34,7,47,15,1,170,128,118,44,64,466,6,10,5,11,3,3,5,7,4,3,0,0,0,0,0,0,0,0,16,7,32,17,54,22,86,39,0,7,2,27,48,7,31,75,21,4,11,8,120,163.0,646.0,1837.0,2358.615,9780.993319934869,7302.015,1.0,2.0,4.0,0.0,30.0,11.0
Hull,time_block,1983563,against,0-15,115,2,92,83,92,40,28,24,25,58,1,0,3,0,7,2,1,19,13,11,5,7,81,1,3,1,3,0,1,2,1,2,0,0,0,0,0,0,0,0,0,0,0,3,2,8,2,11,4,0,1,0,4,15,0,5,19,4,0,4,1,13,22.0,107.0,304.0,431.655,1737.350151986019,973.035,1.0,1.0,0.0,0.0,4.0,3.0
Hull,time_block,1983563,against,16-30,110,4,77,62,73,36,21,20,30,32,7,2,7,2,8,2,0,20,15,16,7,6,61,0,3,2,3,1,1,1,2,1,1,0,0,0,0,0,0,0,0,3,2,5,2,5,3,10,5,0,0,0,10,3,1,2,13,1,0,1,1,18,24.0,80.0,191.0,316.78499999999997,1085.8934365426637,1029.105,0.0,0.0,0.0,0.0,6.0,3.0
Hull,time_block,1983563,against,31-45,150,5,112,96,110,44,36,32,33,63,5,1,6,1,9,3,0,23,16,14,8,8,98,1,1,1,2,1,1,0,2,0,1,0,0,0,0,0,0,0,0,2,1,3,1,9,4,12,5,0,1,1,4,6,2,6,10,4,2,0,2,22,32.0,128.0,402.0,438.795,2085.581622698215,1577.31,0.0,0.0,1.0,0.0,4.0,2.0
Hull,time_block,1983563,against,46-60,130,1,99,86,98,47,19,33,25,61,3,0,4,0,5,2,0,22,15,10,9,11,89,0,0,0,0,0,0,0,0,0,0,0,0,0,0,0,0,0,0,4,2,6,3,12,7,18,10,0,3,1,4,10,1,6,14,5,0,1,2,21,27.0,109.0,311.0,446.355,1637.8365527923163,1057.2450000000001,0.0,1.0,1.0,0.0,4.0,0.0
Hull,time_block,1983563,against,61-75,125,6,97,87,95,38,24,35,64,23,6,1,9,2,6,3,0,45,40,38,10,15,59,3,2,0,2,0,0,2,1,1,0,0,0,0,0,0,0,0,0,5,2,2,1,8,3,10,4,0,0,0,1,5,2,4,6,2,1,1,1,15,22.0,104.0,323.0,242.34000000000003,1528.2088887699365,1232.175,0.0,0.0,1.0,0.0,3.0,2.0
Hull,time_block,1983563,against,76+,145,2,107,87,104,56,19,32,50,37,4,2,5,2,12,3,0,41,29,29,5,17,78,1,1,1,1,1,0,0,1,0,1,0,0,0,0,0,0,0,0,2,0,13,8,12,3,25,11,0,2,0,4,9,1,8,13,5,1,4,1,31,36.0,118.0,306.0,482.685,1706.1226671457189,1433.145,0.0,0.0,1.0,0.0,9.0,1.0
Hull,time_block,1983563,for,0-15,86,0,59,45,51,30,9,20,7,38,2,0,2,0,12,3,1,9,2,0,2,4,59,0,0,0,0,0,0,0,0,0,0,0,0,0,0,0,0,0,0,0,0,3,1,8,6,11,7,0,2,1,5,8,2,6,13,2,0,1,4,18,23.0,64.0,168.0,189.10499999999996,906.9593549540566,825.825,0.0,0.0,0.0,0.0,6.0,0.0
Hull,time_block,1983563,for,16-30,81,3,45,34,42,25,9,11,11,23,2,0,4,0,10,4,0,13,3,4,3,3,41,2,1,0,1,0,1,0,0,1,0,0,0,0,0,0,0,0,0,0,0,5,3,5,2,10,5,0,1,3,7,6,0,7,13,7,2,1,1,19,29.0,54.0,133.0,319.40999999999997,778.6730581734395,1553.16,0.0,1.0,0.0,0.0,5.0,1.0
Hull,time_block,1983563,for,31-45,72,4,43,28,41,24,7,12,9,19,1,0,1,0,11,4,1,12,7,5,3,5,38,0,0,0,0,0,0,0,0,0,0,0,0,0,0,0,0,0,0,2,2,3,2,9,5,12,7,0,3,1,9,6,2,9,15,7,1,2,0,19,21.0,49.0,114.0,249.16500000000002,650.1734370960096,774.165,0.0,0.0,1.0,0.0,2.0,0.0
Hull,time_block,1983563,for,46-60,77,4,52,34,48,26,9,17,24,10,2,0,2,0,9,2,0,20,15,17,4,3,35,0,0,0,1,1,0,0,0,1,0,1,0,0,0,0,0,0,0,2,0,6,3,11,4,17,7,0,3,1,3,7,0,8,10,6,2,2,1,26,29.0,57.0,117.0,253.57500000000002,679.7188249187607,1281.105,0.0,1.0,1.0,0.0,5.0,1.0
Hull,time_block,1983563,for,61-75,49,1,28,18,26,15,3,10,5,13,0,0,0,0,3,0,0,7,2,3,2,1,25,0,1,0,1,0,1,0,1,0,0,0,0,0,0,0,0,0,0,1,1,2,1,8,5,10,6,0,3,0,6,5,2,8,11,4,2,1,1,11,16.0,30.0,73.0,187.32,393.7997369716935,495.6,0.0,1.0,1.0,0.0,4.0,1.0
Hull,time_block,1983563,for,76+,82,1,44,23,39,31,5,8,15,8,2,1,2,1,13,4,0,20,10,8,5,6,36,0,2,2,3,1,2,0,1,2,0,1,1,0,1,1,0,0,0,5,1,13,5,14,8,27,13,0,3,1,5,8,0,5,13,3,0,1,4,28,37.0,55.0,126.0,322.77,732.8128654187043,1634.22,0.0,2.0,1.0,0.0,6.0,3.0
Hull,game_state,1983563,against,-2 or worse,0,0,0,0,0,0,0,0,0,0,0,0,0,0,0,0,0,0,0,0,0,0,0,0,0,0,0,0,0,0,0,0,0,0,0,0,0,0,0,0,0,0,0,0,0,0,0,0,0,0,0,0,0,0,0,0,0,0,0,0,0,0,0.0,0.0,0.0,0.0,0.0,0.0,0.0,0.0,0.0,0.0,0.0,0.0
Hull,game_state,1983563,against,-1,0,0,0,0,0,0,0,0,0,0,0,0,0,0,0,0,0,0,0,0,0,0,0,0,0,0,0,0,0,0,0,0,0,0,0,0,0,0,0,0,0,0,0,0,0,0,0,0,0,0,0,0,0,0,0,0,0,0,0,0,0,0,0.0,0.0,0.0,0.0,0.0,0.0,0.0,0.0,0.0,0.0,0.0,0.0
Hull,game_state,1983563,against,Level,661,18,497,429,486,217,132,148,187,242,24,4,32,5,38,12,1,138,104,94,40,50,403,6,9,4,10,2,3,5,6,4,2,0,0,0,0,0,0,0,0,15,7,23,9,46,20,69,29,0,5,2,24,41,6,25,65,17,4,8,8,96,137.0,553.0,1599.0,1976.625,8428.401768487984,6446.58,1.0,2.0,3.0,0.0,21.0,10.0
Hull,game_state,1983563,against,+1,114,2,87,72,86,44,15,28,40,32,2,2,2,2,9,3,0,32,24,24,4,14,63,0,1,1,1,1,0,0,1,0,1,0,0,0,0,0,0,0,0,1,0,9,8,8,2,17,10,0,2,0,3,7,1,6,10,4,0,3,0,24,26.0,93.0,238.0,381.99,1352.5915514468854,855.435,0.0,0.0,1.0,0.0,9.0,1.0
Hull,game_state,1983563,against,+2 or better,0,0,0,0,0,0,0,0,0,0,0,0,0,0,0,0,0,0,0,0,0,0,0,0,0,0,0,0,0,0,0,0,0,0,0,0,0,0,0,0,0,0,0,0,0,0,0,0,0,0,0,0,0,0,0,0,0,0,0,0,0,0,0.0,0.0,0.0,0.0,0.0,0.0,0.0,0.0,0.0,0.0,0.0,0.0
Hull,game_state,1983563,for,-2 or worse,0,0,0,0,0,0,0,0,0,0,0,0,0,0,0,0,0,0,0,0,0,0,0,0,0,0,0,0,0,0,0,0,0,0,0,0,0,0,0,0,0,0,0,0,0,0,0,0,0,0,0,0,0,0,0,0,0,0,0,0,0,0,0.0,0.0,0.0,0.0,0.0,0.0,0.0,0.0,0.0,0.0,0.0,0.0
Hull,game_state,1983563,for,-1,0,0,0,0,0,0,0,0,0,0,0,0,0,0,0,0,0,0,0,0,0,0,0,0,0,0,0,0,0,0,0,0,0,0,0,0,0,0,0,0,0,0,0,0,0,0,0,0,0,0,0,0,0,0,0,0,0,0,0,0,0,0,0.0,0.0,0.0,0.0,0.0,0.0,0.0,0.0,0.0,0.0,0.0,0.0
Hull,game_state,1983563,for,Level,389,13,239,167,219,129,38,72,61,106,8,1,10,1,48,15,2,66,33,32,16,19,207,2,4,2,5,2,3,0,2,3,0,2,1,0,1,1,0,0,0,7,4,23,14,46,25,69,39,0,13,6,33,35,6,40,68,27,7,8,8,98,125.0,268.0,643.0,1359.12,3686.281112999443,5169.885,0.0,5.0,3.0,0.0,23.0,5.0
Hull,game_state,1983563,for,+1,58,0,32,15,28,22,4,6,10,5,1,0,1,0,10,2,0,15,6,5,3,3,27,0,0,0,1,0,1,0,0,1,0,0,0,0,0,0,0,0,0,3,0,9,1,9,5,18,6,0,2,1,2,5,0,3,7,2,0,0,3,23,30.0,41.0,88.0,162.225,455.8561645332213,1394.19,0.0,0.0,1.0,0.0,5.0,1.0
Hull,game_state,1983563,for,+2 or better,0,0,0,0,0,0,0,0,0,0,0,0,0,0,0,0,0,0,0,0,0,0,0,0,0,0,0,0,0,0,0,0,0,0,0,0,0,0,0,0,0,0,0,0,0,0,0,0,0,0,0,0,0,0,0,0,0,0,0,0,0,0,0.0,0.0,0.0,0.0,0.0,0.0,0.0,0.0,0.0,0.0,0.0,0.0
Hull,total,1983563,against,Season,775,20,584,501,572,261,147,176,227,274,26,6,34,7,47,15,1,170,128,118,44,64,466,6,10,5,11,3,3,5,7,4,3,0,0,0,0,0,0,0,0,16,7,32,17,54,22,86,39,0,7,2,27,48,7,31,75,21,4,11,8,120,163.0,646.0,1837.0,2358.615,9780.993319934869,7302.015,1.0,2.0,4.0,0.0,30.0,11.0
Hull,total,1983563,for,Season,447,13,271,182,247,151,42,78,71,111,9,1,11,1,58,17,2,81,39,37,19,22,234,2,4,2,6,2,4,0,2,4,0,2,1,0,1,1,0,0,0,10,4,32,15,55,30,87,45,0,15,7,35,40,6,43,75,29,7,8,11,121,155.0,309.0,731.0,1521.345,4142.1372775326645,6564.075,0.0,5.0,4.0,0.0,28.0,6.0
Fulham,time_block,1983564,against,0-15,105,2,73,62,70,29,23,21,26,36,3,0,4,0,7,3,0,10,7,7,1,9,66,1,1,1,1,0,1,0,1,0,0,0,0,0,0,0,0,0,0,5,3,7,6,9,5,16,11,0,0,0,7,6,1,3,13,2,0,2,2,15,23.0,88.0,271.0,126.83999999999999,1504.9889634728943,1086.96,0.0,0.0,0.0,0.0,2.0,1.0
Fulham,time_block,1983564,against,16-30,127,2,107,93,103,42,28,37,51,42,1,1,2,2,7,7,2,34,28,28,7,11,79,0,1,1,1,1,0,0,0,1,0,1,0,0,0,0,0,0,0,0,0,2,1,13,7,15,8,0,3,2,2,9,1,11,11,7,2,3,4,16,21.0,106.0,288.0,276.99,1632.4509582483104,853.23,1.0,0.0,1.0,1.0,3.0,1.0
Fulham,time_block,1983564,against,31-45,126,6,83,73,81,39,20,24,36,37,5,3,7,3,9,5,2,24,17,19,5,8,64,2,0,0,3,0,2,1,1,2,0,0,0,0,0,0,0,0,0,7,3,8,4,13,7,21,11,0,2,0,5,6,2,5,11,3,0,1,2,20,30.0,95.0,274.0,314.58,1628.4898386937136,1725.2549999999999,0.0,0.0,0.0,0.0,4.0,3.0
Fulham,time_block,1983564,against,46-60,81,1,55,46,50,25,15,15,23,23,2,1,2,1,11,7,0,18,13,12,6,8,43,0,1,1,1,0,1,0,1,0,0,0,0,0,0,0,0,0,0,3,1,6,3,12,6,18,9,0,1,0,4,6,2,7,10,4,3,1,4,16,18.0,58.0,177.0,125.055,1035.7664643911753,792.015,0.0,0.0,1.0,0.0,2.0,1.0
Fulham,time_block,1983564,against,61-75,60,6,27,20,27,13,5,9,5,15,1,1,2,2,3,2,1,8,5,3,2,3,24,0,4,4,4,1,2,1,4,0,1,0,1,1,0,1,0,0,0,0,0,3,2,10,3,13,5,0,2,4,3,3,4,16,6,12,3,3,1,11,18.0,33.0,105.0,199.5,574.350851956988,912.765,0.0,1.0,0.0,0.0,2.0,4.0
Fulham,time_block,1983564,against,76+,91,2,45,32,42,24,8,13,11,21,1,0,1,0,9,4,1,10,7,4,3,4,41,0,2,2,2,2,0,0,2,0,2,0,0,0,0,0,0,0,0,2,0,9,6,12,7,21,13,0,5,1,18,7,1,10,25,1,3,0,2,17,21.0,47.0,115.0,252.0,599.7175225090833,576.66,1.0,0.0,0.0,0.0,10.0,2.0
Fulham,time_block,1983564,for,0-15,103,0,80,62,76,29,24,27,13,49,1,0,2,0,11,3,0,9,2,2,2,3,78,1,0,0,1,0,0,1,0,1,0,0,0,0,0,0,0,0,0,0,0,7,1,9,4,16,5,0,2,0,6,2,1,8,8,6,3,2,2,18,22.0,88.0,217.0,-170.625,1292.0061675514619,1088.64,0.0,0.0,0.0,0.0,2.0,1.0
Fulham,time_block,1983564,for,16-30,114,3,86,77,83,30,23,33,28,49,0,0,1,1,9,5,1,16,13,12,7,7,74,0,1,1,1,0,1,0,1,0,0,0,0,0,0,0,0,0,0,4,2,2,1,13,6,15,7,0,1,3,3,9,2,10,12,8,0,4,3,14,21.0,88.0,264.0,93.55499999999999,1420.5523338489584,749.7,2.0,0.0,2.0,1.0,6.0,1.0
Fulham,time_block,1983564,for,31-45,71,2,45,30,41,24,9,12,7,23,0,0,0,0,10,3,0,3,1,1,1,3,44,0,0,0,0,0,0,0,0,0,0,0,0,0,0,0,0,0,0,2,0,8,4,12,4,20,8,0,3,1,6,4,1,10,10,7,3,2,1,20,22.0,47.0,153.0,196.34999999999997,764.0917815138595,544.845,0.0,1.0,0.0,0.0,9.0,0.0
Fulham,time_block,1983564,for,46-60,108,2,86,74,83,30,20,36,37,37,1,0,2,0,4,1,1,27,20,23,6,4,63,1,2,1,2,0,1,1,1,1,0,0,0,0,0,0,0,0,0,4,3,6,3,13,6,19,9,0,2,0,2,6,0,7,8,7,1,4,1,16,22.0,98.0,350.0,310.905,1450.732154762951,1060.5,0.0,0.0,0.0,0.0,2.0,2.0
Fulham,time_block,1983564,for,61-75,128,1,98,83,94,45,23,30,27,56,2,1,2,1,3,2,0,20,16,16,5,8,82,0,1,0,1,0,0,1,0,1,0,0,0,0,0,0,0,0,0,6,3,3,1,12,7,15,8,0,1,1,0,3,0,3,3,2,0,1,3,20,23.0,102.0,270.0,120.12,1750.8265114016178,1041.6,2.0,0.0,0.0,0.0,1.0,1.0
Fulham,time_block,1983564,for,76+,211,18,165,147,164,65,38,62,98,49,9,1,11,2,9,3,0,83,70,71,13,32,94,2,3,2,6,0,1,5,5,1,0,0,0,0,0,0,0,0,0,7,3,9,3,12,5,21,8,0,2,2,1,7,1,7,8,7,0,2,0,25,40.0,183.0,513.0,419.79,2992.7529116069145,2637.915,0.0,0.0,2.0,1.0,1.0,6.0
Fulham,game_state,1983564,against,-2 or worse,0,0,0,0,0,0,0,0,0,0,0,0,0,0,0,0,0,0,0,0,0,0,0,0,0,0,0,0,0,0,0,0,0,0,0,0,0,0,0,0,0,0,0,0,0,0,0,0,0,0,0,0,0,0,0,0,0,0,0,0,0,0,0.0,0.0,0.0,0.0,0.0,0.0,0.0,0.0,0.0,0.0,0.0,0.0
Fulham,game_state,1983564,against,-1,91,2,45,32,42,24,8,13,11,21,1,0,1,0,9,4,1,10,7,4,3,4,41,0,2,2,2,2,0,0,2,0,2,0,0,0,0,0,0,0,0,2,0,9,6,12,7,21,13,0,5,1,18,7,1,10,25,1,3,0,2,17,21.0,47.0,115.0,252.0,599.7175225090833,576.66,1.0,0.0,0.0,0.0,10.0,2.0
Fulham,game_state,1983564,against,Level,499,17,345,294,331,148,91,106,141,153,12,6,17,8,37,24,5,94,70,69,21,39,276,3,7,7,10,2,6,2,7,3,1,1,1,1,0,1,0,0,0,15,7,26,16,57,28,83,44,0,8,6,21,30,10,42,51,28,8,10,13,78,110.0,380.0,1115.0,1042.965,6376.047076763081,5370.225,1.0,1.0,2.0,1.0,13.0,10.0
Fulham,game_state,1983564,against,+1,0,0,0,0,0,0,0,0,0,0,0,0,0,0,0,0,0,0,0,0,0,0,0,0,0,0,0,0,0,0,0,0,0,0,0,0,0,0,0,0,0,0,0,0,0,0,0,0,0,0,0,0,0,0,0,0,0,0,0,0,0,0,0.0,0.0,0.0,0.0,0.0,0.0,0.0,0.0,0.0,0.0,0.0,0.0
Fulham,game_state,1983564,against,+2 or better,0,0,0,0,0,0,0,0,0,0,0,0,0,0,0,0,0,0,0,0,0,0,0,0,0,0,0,0,0,0,0,0,0,0,0,0,0,0,0,0,0,0,0,0,0,0,0,0,0,0,0,0,0,0,0,0,0,0,0,0,0,0,0.0,0.0,0.0,0.0,0.0,0.0,0.0,0.0,0.0,0.0,0.0,0.0
Fulham,game_state,1983564,for,-2 or worse,0,0,0,0,0,0,0,0,0,0,0,0,0,0,0,0,0,0,0,0,0,0,0,0,0,0,0,0,0,0,0,0,0,0,0,0,0,0,0,0,0,0,0,0,0,0,0,0,0,0,0,0,0,0,0,0,0,0,0,0,0,0,0.0,0.0,0.0,0.0,0.0,0.0,0.0,0.0,0.0,0.0,0.0,0.0
Fulham,game_state,1983564,for,-1,211,18,165,147,164,65,38,62,98,49,9,1,11,2,9,3,0,83,70,71,13,32,94,2,3,2,6,0,1,5,5,1,0,0,0,0,0,0,0,0,0,7,3,9,3,12,5,21,8,0,2,2,1,7,1,7,8,7,0,2,0,25,40.0,183.0,513.0,419.79,2992.7529116069145,2637.915,0.0,0.0,2.0,1.0,1.0,6.0
Fulham,game_state,1983564,for,Level,524,8,395,326,377,158,99,138,112,214,4,1,7,2,37,14,2,75,52,54,21,25,341,2,4,2,5,0,2,3,2,3,0,0,0,0,0,0,0,0,0,16,8,26,10,59,27,85,37,0,9,5,17,24,4,38,41,30,7,13,10,88,110.0,423.0,1254.0,550.305,6678.2089490788485,4485.285,4.0,1.0,2.0,1.0,20.0,5.0
Fulham,game_state,1983564,for,+1,0,0,0,0,0,0,0,0,0,0,0,0,0,0,0,0,0,0,0,0,0,0,0,0,0,0,0,0,0,0,0,0,0,0,0,0,0,0,0,0,0,0,0,0,0,0,0,0,0,0,0,0,0,0,0,0,0,0,0,0,0,0,0.0,0.0,0.0,0.0,0.0,0.0,0.0,0.0,0.0,0.0,0.0,0.0
Fulham,game_state,1983564,for,+2 or better,0,0,0,0,0,0,0,0,0,0,0,0,0,0,0,0,0,0,0,0,0,0,0,0,0,0,0,0,0,0,0,0,0,0,0,0,0,0,0,0,0,0,0,0,0,0,0,0,0,0,0,0,0,0,0,0,0,0,0,0,0,0,0.0,0.0,0.0,0.0,0.0,0.0,0.0,0.0,0.0,0.0,0.0,0.0
Fulham,total,1983564,against,Season,590,19,390,326,373,172,99,119,152,174,13,6,18,8,46,28,6,104,77,73,24,43,317,3,9,9,12,4,6,2,9,3,3,1,1,1,0,1,0,0,0,17,7,35,22,69,35,104,57,0,13,7,39,37,11,52,76,29,11,10,15,95,131.0,427.0,1230.0,1294.965,6975.764599272165,5946.885,2.0,1.0,2.0,1.0,23.0,12.0
Fulham,total,1983564,for,Season,735,26,560,473,541,223,137,200,210,263,13,2,18,4,46,17,2,158,122,125,34,57,435,4,7,4,11,0,3,8,7,4,0,0,0,0,0,0,0,0,0,23,11,35,13,71,32,106,45,0,11,7,18,31,5,45,49,37,7,15,10,113,150.0,606.0,1767.0,970.0949999999999,9670.961860685764,7123.2,4.0,1.0,4.0,2.0,21.0,11.0
Sunderland,time_block,1983564,against,0-15,103,0,80,62,76,29,24,27,13,49,1,0,2,0,11,3,0,9,2,2,2,3,78,1,0,0,1,0,0,1,0,1,0,0,0,0,0,0,0,0,0,0,0,7,1,9,4,16,5,0,2,0,6,2,1,8,8,6,3,2,2,18,22.0,88.0,217.0,-170.625,1292.0061675514619,1088.64,0.0,0.0,0.0,0.0,2.0,1.0
Sunderland,time_block,1983564,against,16-30,114,3,86,77,83,30,23,33,28,49,0,0,1,1,9,5,1,16,13,12,7,7,74,0,1,1,1,0,1,0,1,0,0,0,0,0,0,0,0,0,0,4,2,2,1,13,6,15,7,0,1,3,3,9,2,10,12,8,0,4,3,14,21.0,88.0,264.0,93.55499999999999,1420.5523338489584,749.7,2.0,0.0,2.0,1.0,6.0,1.0
Sunderland,time_block,1983564,against,31-45,71,2,45,30,41,24,9,12,7,23,0,0,0,0,10,3,0,3,1,1,1,3,44,0,0,0,0,0,0,0,0,0,0,0,0,0,0,0,0,0,0,2,0,8,4,12,4,20,8,0,3,1,6,4,1,10,10,7,3,2,1,20,22.0,47.0,153.0,196.34999999999997,764.0917815138595,544.845,0.0,1.0,0.0,0.0,9.0,0.0
Sunderland,time_block,1983564,against,46-60,108,2,86,74,83,30,20,36,37,37,1,0,2,0,4,1,1,27,20,23,6,4,63,1,2,1,2,0,1,1,1,1,0,0,0,0,0,0,0,0,0,4,3,6,3,13,6,19,9,0,2,0,2,6,0,7,8,7,1,4,1,16,22.0,98.0,350.0,310.905,1450.732154762951,1060.5,0.0,0.0,0.0,0.0,2.0,2.0
Sunderland,time_block,1983564,against,61-75,128,1,98,83,94,45,23,30,27,56,2,1,2,1,3,2,0,20,16,16,5,8,82,0,1,0,1,0,0,1,0,1,0,0,0,0,0,0,0,0,0,6,3,3,1,12,7,15,8,0,1,1,0,3,0,3,3,2,0,1,3,20,23.0,102.0,270.0,120.12,1750.8265114016178,1041.6,2.0,0.0,0.0,0.0,1.0,1.0
Sunderland,time_block,1983564,against,76+,211,18,165,147,164,65,38,62,98,49,9,1,11,2,9,3,0,83,70,71,13,32,94,2,3,2,6,0,1,5,5,1,0,0,0,0,0,0,0,0,0,7,3,9,3,12,5,21,8,0,2,2,1,7,1,7,8,7,0,2,0,25,40.0,183.0,513.0,419.79,2992.7529116069145,2637.915,0.0,0.0,2.0,1.0,1.0,6.0
Sunderland,time_block,1983564,for,0-15,105,2,73,62,70,29,23,21,26,36,3,0,4,0,7,3,0,10,7,7,1,9,66,1,1,1,1,0,1,0,1,0,0,0,0,0,0,0,0,0,0,5,3,7,6,9,5,16,11,0,0,0,7,6,1,3,13,2,0,2,2,15,23.0,88.0,271.0,126.83999999999999,1504.9889634728943,1086.96,0.0,0.0,0.0,0.0,2.0,1.0
Sunderland,time_block,1983564,for,16-30,127,2,107,93,103,42,28,37,51,42,1,1,2,2,7,7,2,34,28,28,7,11,79,0,1,1,1,1,0,0,0,1,0,1,0,0,0,0,0,0,0,0,0,2,1,13,7,15,8,0,3,2,2,9,1,11,11,7,2,3,4,16,21.0,106.0,288.0,276.99,1632.4509582483104,853.23,1.0,0.0,1.0,1.0,3.0,1.0
Sunderland,time_block,1983564,for,31-45,126,6,83,73,81,39,20,24,36,37,5,3,7,3,9,5,2,24,17,19,5,8,64,2,0,0,3,0,2,1,1,2,0,0,0,0,0,0,0,0,0,7,3,8,4,13,7,21,11,0,2,0,5,6,2,5,11,3,0,1,2,20,30.0,95.0,274.0,314.58,1628.4898386937136,1725.2549999999999,0.0,0.0,0.0,0.0,4.0,3.0
Sunderland,time_block,1983564,for,46-60,81,1,55,46,50,25,15,15,23,23,2,1,2,1,11,7,0,18,13,12,6,8,43,0,1,1,1,0,1,0,1,0,0,0,0,0,0,0,0,0,0,3,1,6,3,12,6,18,9,0,1,0,4,6,2,7,10,4,3,1,4,16,18.0,58.0,177.0,125.055,1035.7664643911753,792.015,0.0,0.0,1.0,0.0,2.0,1.0
Sunderland,time_block,1983564,for,61-75,60,6,27,20,27,13,5,9,5,15,1,1,2,2,3,2,1,8,5,3,2,3,24,0,4,4,4,1,2,1,4,0,1,0,1,1,0,1,0,0,0,0,0,3,2,10,3,13,5,0,2,4,3,3,4,16,6,12,3,3,1,11,18.0,33.0,105.0,199.5,574.350851956988,912.765,0.0,1.0,0.0,0.0,2.0,4.0
Sunderland,time_block,1983564,for,76+,91,2,45,32,42,24,8,13,11,21,1,0,1,0,9,4,1,10,7,4,3,4,41,0,2,2,2,2,0,0,2,0,2,0,0,0,0,0,0,0,0,2,0,9,6,12,7,21,13,0,5,1,18,7,1,10,25,1,3,0,2,17,21.0,47.0,115.0,252.0,599.7175225090833,576.66,1.0,0.0,0.0,0.0,10.0,2.0
Sunderland,game_state,1983564,against,-2 or worse,0,0,0,0,0,0,0,0,0,0,0,0,0,0,0,0,0,0,0,0,0,0,0,0,0,0,0,0,0,0,0,0,0,0,0,0,0,0,0,0,0,0,0,0,0,0,0,0,0,0,0,0,0,0,0,0,0,0,0,0,0,0,0.0,0.0,0.0,0.0,0.0,0.0,0.0,0.0,0.0,0.0,0.0,0.0
Sunderland,game_state,1983564,against,-1,0,0,0,0,0,0,0,0,0,0,0,0,0,0,0,0,0,0,0,0,0,0,0,0,0,0,0,0,0,0,0,0,0,0,0,0,0,0,0,0,0,0,0,0,0,0,0,0,0,0,0,0,0,0,0,0,0,0,0,0,0,0,0.0,0.0,0.0,0.0,0.0,0.0,0.0,0.0,0.0,0.0,0.0,0.0
Sunderland,game_state,1983564,against,Level,524,8,395,326,377,158,99,138,112,214,4,1,7,2,37,14,2,75,52,54,21,25,341,2,4,2,5,0,2,3,2,3,0,0,0,0,0,0,0,0,0,16,8,26,10,59,27,85,37,0,9,5,17,24,4,38,41,30,7,13,10,88,110.0,423.0,1254.0,550.305,6678.2089490788485,4485.285,4.0,1.0,2.0,1.0,20.0,5.0
Sunderland,game_state,1983564,against,+1,211,18,165,147,164,65,38,62,98,49,9,1,11,2,9,3,0,83,70,71,13,32,94,2,3,2,6,0,1,5,5,1,0,0,0,0,0,0,0,0,0,7,3,9,3,12,5,21,8,0,2,2,1,7,1,7,8,7,0,2,0,25,40.0,183.0,513.0,419.79,2992.7529116069145,2637.915,0.0,0.0,2.0,1.0,1.0,6.0
Sunderland,game_state,1983564,against,+2 or better,0,0,0,0,0,0,0,0,0,0,0,0,0,0,0,0,0,0,0,0,0,0,0,0,0,0,0,0,0,0,0,0,0,0,0,0,0,0,0,0,0,0,0,0,0,0,0,0,0,0,0,0,0,0,0,0,0,0,0,0,0,0,0.0,0.0,0.0,0.0,0.0,0.0,0.0,0.0,0.0,0.0,0.0,0.0
Sunderland,game_state,1983564,for,-2 or worse,0,0,0,0,0,0,0,0,0,0,0,0,0,0,0,0,0,0,0,0,0,0,0,0,0,0,0,0,0,0,0,0,0,0,0,0,0,0,0,0,0,0,0,0,0,0,0,0,0,0,0,0,0,0,0,0,0,0,0,0,0,0,0.0,0.0,0.0,0.0,0.0,0.0,0.0,0.0,0.0,0.0,0.0,0.0
Sunderland,game_state,1983564,for,-1,0,0,0,0,0,0,0,0,0,0,0,0,0,0,0,0,0,0,0,0,0,0,0,0,0,0,0,0,0,0,0,0,0,0,0,0,0,0,0,0,0,0,0,0,0,0,0,0,0,0,0,0,0,0,0,0,0,0,0,0,0,0,0.0,0.0,0.0,0.0,0.0,0.0,0.0,0.0,0.0,0.0,0.0,0.0
Sunderland,game_state,1983564,for,Level,499,17,345,294,331,148,91,106,141,153,12,6,17,8,37,24,5,94,70,69,21,39,276,3,7,7,10,2,6,2,7,3,1,1,1,1,0,1,0,0,0,15,7,26,16,57,28,83,44,0,8,6,21,30,10,42,51,28,8,10,13,78,110.0,380.0,1115.0,1042.965,6376.047076763081,5370.225,1.0,1.0,2.0,1.0,13.0,10.0
Sunderland,game_state,1983564,for,+1,91,2,45,32,42,24,8,13,11,21,1,0,1,0,9,4,1,10,7,4,3,4,41,0,2,2,2,2,0,0,2,0,2,0,0,0,0,0,0,0,0,2,0,9,6,12,7,21,13,0,5,1,18,7,1,10,25,1,3,0,2,17,21.0,47.0,115.0,252.0,599.7175225090833,576.66,1.0,0.0,0.0,0.0,10.0,2.0
Sunderland,game_state,1983564,for,+2 or better,0,0,0,0,0,0,0,0,0,0,0,0,0,0,0,0,0,0,0,0,0,0,0,0,0,0,0,0,0,0,0,0,0,0,0,0,0,0,0,0,0,0,0,0,0,0,0,0,0,0,0,0,0,0,0,0,0,0,0,0,0,0,0.0,0.0,0.0,0.0,0.0,0.0,0.0,0.0,0.0,0.0,0.0,0.0
Sunderland,total,1983564,against,Season,735,26,560,473,541,223,137,200,210,263,13,2,18,4,46,17,2,158,122,125,34,57,435,4,7,4,11,0,3,8,7,4,0,0,0,0,0,0,0,0,0,23,11,35,13,71,32,106,45,0,11,7,18,31,5,45,49,37,7,15,10,113,150.0,606.0,1767.0,970.0949999999999,9670.961860685764,7123.2,4.0,1.0,4.0,2.0,21.0,11.0
Sunderland,total,1983564,for,Season,590,19,390,326,373,172,99,119,152,174,13,6,18,8,46,28,6,104,77,73,24,43,317,3,9,9,12,4,6,2,9,3,3,1,1,1,0,1,0,0,0,17,7,35,22,69,35,104,57,0,13,7,39,37,11,52,76,29,11,10,15,95,131.0,427.0,1230.0,1294.965,6975.764599272165,5946.885,2.0,1.0,2.0,1.0,23.0,12.0
Newcastle,time_block,1983565,against,0-15,154,2,128,118,121,36,35,57,38,80,0,0,0,0,6,5,0,12,9,4,8,7,124,0,1,0,1,1,0,0,1,0,1,0,0,0,0,0,0,0,0,3,0,2,1,15,8,17,9,0,4,0,4,7,0,7,11,6,0,3,4,19,20.0,130.0,390.0,350.385,2083.937356489563,705.495,0.0,0.0,0.0,0.0,2.0,1.0
Newcastle,time_block,1983565,against,16-30,84,5,60,53,58,23,18,19,30,23,2,0,3,0,5,2,0,21,17,18,5,8,42,2,0,0,3,0,2,1,2,1,0,0,0,0,0,0,0,0,0,1,1,2,1,4,2,6,3,0,0,1,11,6,0,3,17,2,1,1,1,8,16.0,65.0,159.0,175.55999999999997,1017.030048460344,927.78,0.0,0.0,0.0,0.0,3.0,3.0
Newcastle,time_block,1983565,against,31-45,122,14,88,78,86,33,24,31,38,40,5,0,8,2,5,3,0,35,30,30,5,17,58,4,4,4,4,2,1,1,4,0,2,0,0,0,0,0,0,0,0,5,3,4,3,11,4,15,7,0,1,3,1,6,0,7,7,6,0,3,0,15,25.0,101.0,302.0,428.61,1659.7059903574338,1378.44,1.0,1.0,0.0,0.0,4.0,4.0
Newcastle,time_block,1983565,against,46-60,100,3,75,62,71,32,11,32,31,31,1,1,1,1,6,2,1,22,17,15,7,9,60,0,1,1,2,0,1,1,0,2,0,0,0,0,0,0,0,0,0,2,2,2,1,14,5,16,6,0,2,0,2,4,1,9,6,5,3,3,1,18,20.0,80.0,240.0,337.78499999999997,1244.1407982324156,904.89,0.0,0.0,1.0,0.0,0.0,2.0
Newcastle,time_block,1983565,against,61-75,57,0,41,35,40,21,11,9,19,16,2,0,3,0,4,2,0,10,7,7,4,6,34,1,0,0,3,0,3,0,0,3,0,0,0,0,0,0,0,0,0,2,0,6,3,9,4,15,7,0,2,0,2,6,0,5,8,4,0,3,2,8,15.0,44.0,122.0,118.65,679.6566298577397,834.645,0.0,0.0,0.0,0.0,2.0,3.0
Newcastle,time_block,1983565,against,76+,156,9,106,96,103,49,27,30,64,32,9,2,10,2,9,6,0,53,48,36,16,23,70,2,4,2,4,1,1,2,3,1,1,0,0,0,0,0,0,0,0,5,1,7,1,17,7,24,8,1,4,0,1,9,4,12,10,8,2,2,1,23,36.0,123.0,370.0,601.4399999999999,2047.5639583713444,1881.6,0.0,1.0,4.0,2.0,3.0,4.0
Newcastle,time_block,1983565,for,0-15,92,3,67,57,64,27,15,25,23,34,1,1,3,2,11,5,0,11,6,7,3,5,60,1,1,1,2,0,2,0,1,1,0,0,0,0,0,0,0,0,0,2,0,2,1,14,4,16,5,0,1,1,1,9,0,6,10,5,0,4,3,18,23.0,71.0,166.0,167.58,1026.392102555154,1218.945,0.0,0.0,1.0,0.0,3.0,2.0
Newcastle,time_block,1983565,for,16-30,116,2,98,91,95,33,29,36,37,54,3,0,6,0,10,7,1,20,14,17,7,6,81,3,1,0,1,0,1,0,0,1,0,0,0,0,0,0,0,0,0,1,1,2,1,4,2,6,3,0,0,0,2,4,1,3,6,1,1,1,1,9,18.0,106.0,333.0,298.62,1756.4887607205903,1009.47,1.0,0.0,0.0,0.0,2.0,1.0
Newcastle,time_block,1983565,for,31-45,78,2,48,36,42,25,5,18,5,31,0,0,1,1,7,0,1,5,1,1,0,4,47,1,2,2,2,0,2,0,2,0,0,0,0,0,0,0,0,0,0,2,0,4,1,12,7,16,8,0,4,1,7,5,0,8,12,4,3,0,3,16,21.0,50.0,149.0,174.51,668.0897017761234,651.84,0.0,0.0,0.0,0.0,5.0,2.0
Newcastle,time_block,1983565,for,46-60,103,3,72,63,67,28,10,34,40,23,1,1,2,1,8,4,1,28,27,27,5,8,45,1,2,0,3,0,2,1,1,2,0,0,0,0,0,0,0,0,0,4,3,2,1,15,9,17,10,0,3,1,0,6,2,9,6,5,2,1,3,14,21.0,79.0,245.0,390.39,1353.250729539371,810.285,0.0,0.0,1.0,1.0,6.0,4.0
Newcastle,time_block,1983565,for,61-75,64,5,43,36,37,18,13,12,11,25,0,0,1,1,7,2,0,10,7,7,2,5,36,1,2,2,3,2,0,1,3,0,2,0,2,2,0,2,0,0,0,0,0,6,3,7,3,13,6,0,0,0,5,2,1,3,7,2,0,2,3,12,14.0,43.0,116.0,77.69999999999999,690.8471053247578,713.895,0.0,0.0,1.0,0.0,0.0,2.0
Newcastle,time_block,1983565,for,76+,92,6,45,31,40,25,8,12,8,23,1,1,1,1,12,4,2,9,7,3,5,7,42,0,0,0,0,0,0,0,0,0,0,0,0,0,0,0,0,0,0,5,2,7,6,14,8,21,14,0,4,0,14,7,1,7,21,4,1,1,2,24,30.0,53.0,142.0,283.08,765.0697473654006,896.805,0.0,2.0,0.0,0.0,9.0,0.0
Newcastle,game_state,1983565,against,-2 or worse,0,0,0,0,0,0,0,0,0,0,0,0,0,0,0,0,0,0,0,0,0,0,0,0,0,0,0,0,0,0,0,0,0,0,0,0,0,0,0,0,0,0,0,0,0,0,0,0,0,0,0,0,0,0,0,0,0,0,0,0,0,0,0.0,0.0,0.0,0.0,0.0,0.0,0.0,0.0,0.0,0.0,0.0,0.0
Newcastle,game_state,1983565,against,-1,0,0,0,0,0,0,0,0,0,0,0,0,0,0,0,0,0,0,0,0,0,0,0,0,0,0,0,0,0,0,0,0,0,0,0,0,0,0,0,0,0,0,0,0,0,0,0,0,0,0,0,0,0,0,0,0,0,0,0,0,0,0,0.0,0.0,0.0,0.0,0.0,0.0,0.0,0.0,0.0,0.0,0.0,0.0
Newcastle,game_state,1983565,against,Level,460,24,351,311,336,124,88,139,137,174,8,1,12,3,22,12,1,90,73,67,25,41,284,6,6,5,10,3,4,3,7,3,3,0,0,0,0,0,0,0,0,11,6,11,6,44,19,55,25,0,7,4,18,23,1,26,41,19,4,10,6,60,81.0,376.0,1091.0,1292.34,6004.814193539756,3916.605,1.0,1.0,1.0,0.0,9.0,10.0
Newcastle,game_state,1983565,against,+1,48,0,34,29,33,17,8,9,18,11,2,0,3,0,1,0,0,9,7,7,4,5,27,1,0,0,3,0,3,0,0,3,0,0,0,0,0,0,0,0,0,2,0,4,3,7,4,11,7,0,2,0,1,5,0,3,6,2,0,1,2,7,13.0,37.0,94.0,135.13500000000002,532.7138149074577,744.66,0.0,0.0,0.0,0.0,2.0,3.0
Newcastle,game_state,1983565,against,+2 or better,165,9,113,102,110,53,30,30,65,37,9,2,10,2,12,8,0,54,48,36,16,24,77,2,4,2,4,1,1,2,3,1,1,0,0,0,0,0,0,0,0,5,1,8,1,19,7,27,8,1,4,0,2,10,4,14,12,10,2,4,1,24,38.0,130.0,398.0,584.9549999999999,2194.5067733216265,1971.585,0.0,1.0,4.0,2.0,3.0,4.0
Newcastle,game_state,1983565,for,-2 or worse,0,0,0,0,0,0,0,0,0,0,0,0,0,0,0,0,0,0,0,0,0,0,0,0,0,0,0,0,0,0,0,0,0,0,0,0,0,0,0,0,0,0,0,0,0,0,0,0,0,0,0,0,0,0,0,0,0,0,0,0,0,0,0.0,0.0,0.0,0.0,0.0,0.0,0.0,0.0,0.0,0.0,0.0,0.0
Newcastle,game_state,1983565,for,-1,0,0,0,0,0,0,0,0,0,0,0,0,0,0,0,0,0,0,0,0,0,0,0,0,0,0,0,0,0,0,0,0,0,0,0,0,0,0,0,0,0,0,0,0,0,0,0,0,0,0,0,0,0,0,0,0,0,0,0,0,0,0,0.0,0.0,0.0,0.0,0.0,0.0,0.0,0.0,0.0,0.0,0.0,0.0
Newcastle,game_state,1983565,for,Level,392,11,287,249,270,115,59,113,106,143,5,2,12,4,37,17,3,66,50,53,16,25,234,6,7,4,9,1,7,1,5,4,1,0,1,1,0,1,0,0,0,9,4,11,5,45,22,56,27,0,8,3,10,24,3,26,34,15,6,6,10,57,83.0,306.0,893.0,1031.1,4804.221294591239,3690.54,1.0,0.0,2.0,1.0,16.0,9.0
Newcastle,game_state,1983565,for,+1,46,3,30,24,26,12,8,10,9,15,0,0,1,1,5,0,0,6,4,5,0,2,25,1,1,1,2,1,0,1,2,0,1,0,1,1,0,1,0,0,0,0,0,4,1,5,1,9,2,0,0,0,4,2,1,3,6,2,0,2,1,10,11.0,32.0,93.0,15.434999999999985,481.4322637971048,560.595,0.0,0.0,1.0,0.0,0.0,2.0
Newcastle,game_state,1983565,for,+2 or better,107,7,56,41,49,29,13,14,9,32,1,1,1,1,13,5,2,11,8,4,6,8,52,0,0,0,0,0,0,0,0,0,0,0,0,0,0,0,0,0,0,5,2,8,7,16,10,24,17,0,4,0,15,7,1,7,22,4,1,1,4,26,33.0,64.0,165.0,345.34499999999997,974.4845888930537,1050.105,0.0,2.0,0.0,0.0,9.0,0.0
Newcastle,total,1983565,against,Season,673,33,498,442,479,194,126,178,220,222,19,3,25,5,35,20,1,153,128,110,45,70,388,9,10,7,17,4,8,5,10,7,4,0,0,0,0,0,0,0,0,18,7,23,10,70,30,93,40,1,13,4,21,38,5,43,59,31,6,15,9,91,132.0,543.0,1583.0,2012.4299999999998,8732.03478176884,6632.85,1.0,2.0,5.0,2.0,14.0,17.0
Newcastle,total,1983565,for,Season,545,21,373,314,345,156,80,137,124,190,6,3,14,6,55,22,5,83,62,62,22,35,311,7,8,5,11,2,7,2,7,4,2,0,2,2,0,2,0,0,0,14,6,23,13,66,33,89,46,0,12,3,29,33,5,36,62,21,7,9,15,93,127.0,402.0,1151.0,1391.8799999999999,6260.138147281397,5301.24,1.0,2.0,3.0,1.0,25.0,11.0
Tottenham,time_block,1983565,against,0-15,92,3,67,57,64,27,15,25,23,34,1,1,3,2,11,5,0,11,6,7,3,5,60,1,1,1,2,0,2,0,1,1,0,0,0,0,0,0,0,0,0,2,0,2,1,14,4,16,5,0,1,1,1,9,0,6,10,5,0,4,3,18,23.0,71.0,166.0,167.58,1026.392102555154,1218.945,0.0,0.0,1.0,0.0,3.0,2.0
Tottenham,time_block,1983565,against,16-30,116,2,98,91,95,33,29,36,37,54,3,0,6,0,10,7,1,20,14,17,7,6,81,3,1,0,1,0,1,0,0,1,0,0,0,0,0,0,0,0,0,1,1,2,1,4,2,6,3,0,0,0,2,4,1,3,6,1,1,1,1,9,18.0,106.0,333.0,298.62,1756.4887607205903,1009.47,1.0,0.0,0.0,0.0,2.0,1.0
Tottenham,time_block,1983565,against,31-45,78,2,48,36,42,25,5,18,5,31,0,0,1,1,7,0,1,5,1,1,0,4,47,1,2,2,2,0,2,0,2,0,0,0,0,0,0,0,0,0,0,2,0,4,1,12,7,16,8,0,4,1,7,5,0,8,12,4,3,0,3,16,21.0,50.0,149.0,174.51,668.0897017761234,651.84,0.0,0.0,0.0,0.0,5.0,2.0
Tottenham,time_block,1983565,against,46-60,103,3,72,63,67,28,10,34,40,23,1,1,2,1,8,4,1,28,27,27,5,8,45,1,2,0,3,0,2,1,1,2,0,0,0,0,0,0,0,0,0,4,3,2,1,15,9,17,10,0,3,1,0,6,2,9,6,5,2,1,3,14,21.0,79.0,245.0,390.39,1353.250729539371,810.285,0.0,0.0,1.0,1.0,6.0,4.0
Tottenham,time_block,1983565,against,61-75,64,5,43,36,37,18,13,12,11,25,0,0,1,1,7,2,0,10,7,7,2,5,36,1,2,2,3,2,0,1,3,0,2,0,2,2,0,2,0,0,0,0,0,6,3,7,3,13,6,0,0,0,5,2,1,3,7,2,0,2,3,12,14.0,43.0,116.0,77.69999999999999,690.8471053247578,713.895,0.0,0.0,1.0,0.0,0.0,2.0
Tottenham,time_block,1983565,against,76+,92,6,45,31,40,25,8,12,8,23,1,1,1,1,12,4,2,9,7,3,5,7,42,0,0,0,0,0,0,0,0,0,0,0,0,0,0,0,0,0,0,5,2,7,6,14,8,21,14,0,4,0,14,7,1,7,21,4,1,1,2,24,30.0,53.0,142.0,283.08,765.0697473654006,896.805,0.0,2.0,0.0,0.0,9.0,0.0
Tottenham,time_block,1983565,for,0-15,154,2,128,118,121,36,35,57,38,80,0,0,0,0,6,5,0,12,9,4,8,7,124,0,1,0,1,1,0,0,1,0,1,0,0,0,0,0,0,0,0,3,0,2,1,15,8,17,9,0,4,0,4,7,0,7,11,6,0,3,4,19,20.0,130.0,390.0,350.385,2083.937356489563,705.495,0.0,0.0,0.0,0.0,2.0,1.0
Tottenham,time_block,1983565,for,16-30,84,5,60,53,58,23,18,19,30,23,2,0,3,0,5,2,0,21,17,18,5,8,42,2,0,0,3,0,2,1,2,1,0,0,0,0,0,0,0,0,0,1,1,2,1,4,2,6,3,0,0,1,11,6,0,3,17,2,1,1,1,8,16.0,65.0,159.0,175.55999999999997,1017.030048460344,927.78,0.0,0.0,0.0,0.0,3.0,3.0
Tottenham,time_block,1983565,for,31-45,122,14,88,78,86,33,24,31,38,40,5,0,8,2,5,3,0,35,30,30,5,17,58,4,4,4,4,2,1,1,4,0,2,0,0,0,0,0,0,0,0,5,3,4,3,11,4,15,7,0,1,3,1,6,0,7,7,6,0,3,0,15,25.0,101.0,302.0,428.61,1659.7059903574338,1378.44,1.0,1.0,0.0,0.0,4.0,4.0
Tottenham,time_block,1983565,for,46-60,100,3,75,62,71,32,11,32,31,31,1,1,1,1,6,2,1,22,17,15,7,9,60,0,1,1,2,0,1,1,0,2,0,0,0,0,0,0,0,0,0,2,2,2,1,14,5,16,6,0,2,0,2,4,1,9,6,5,3,3,1,18,20.0,80.0,240.0,337.78499999999997,1244.1407982324156,904.89,0.0,0.0,1.0,0.0,0.0,2.0
Tottenham,time_block,1983565,for,61-75,57,0,41,35,40,21,11,9,19,16,2,0,3,0,4,2,0,10,7,7,4,6,34,1,0,0,3,0,3,0,0,3,0,0,0,0,0,0,0,0,0,2,0,6,3,9,4,15,7,0,2,0,2,6,0,5,8,4,0,3,2,8,15.0,44.0,122.0,118.65,679.6566298577397,834.645,0.0,0.0,0.0,0.0,2.0,3.0
Tottenham,time_block,1983565,for,76+,156,9,106,96,103,49,27,30,64,32,9,2,10,2,9,6,0,53,48,36,16,23,70,2,4,2,4,1,1,2,3,1,1,0,0,0,0,0,0,0,0,5,1,7,1,17,7,24,8,1,4,0,1,9,4,12,10,8,2,2,1,23,36.0,123.0,370.0,601.4399999999999,2047.5639583713444,1881.6,0.0,1.0,4.0,2.0,3.0,4.0
Tottenham,game_state,1983565,against,-2 or worse,107,7,56,41,49,29,13,14,9,32,1,1,1,1,13,5,2,11,8,4,6,8,52,0,0,0,0,0,0,0,0,0,0,0,0,0,0,0,0,0,0,5,2,8,7,16,10,24,17,0,4,0,15,7,1,7,22,4,1,1,4,26,33.0,64.0,165.0,345.34499999999997,974.4845888930537,1050.105,0.0,2.0,0.0,0.0,9.0,0.0
Tottenham,game_state,1983565,against,-1,46,3,30,24,26,12,8,10,9,15,0,0,1,1,5,0,0,6,4,5,0,2,25,1,1,1,2,1,0,1,2,0,1,0,1,1,0,1,0,0,0,0,0,4,1,5,1,9,2,0,0,0,4,2,1,3,6,2,0,2,1,10,11.0,32.0,93.0,15.434999999999985,481.4322637971048,560.595,0.0,0.0,1.0,0.0,0.0,2.0
Tottenham,game_state,1983565,against,Level,392,11,287,249,270,115,59,113,106,143,5,2,12,4,37,17,3,66,50,53,16,25,234,6,7,4,9,1,7,1,5,4,1,0,1,1,0,1,0,0,0,9,4,11,5,45,22,56,27,0,8,3,10,24,3,26,34,15,6,6,10,57,83.0,306.0,893.0,1031.1,4804.221294591239,3690.54,1.0,0.0,2.0,1.0,16.0,9.0
Tottenham,game_state,1983565,against,+1,0,0,0,0,0,0,0,0,0,0,0,0,0,0,0,0,0,0,0,0,0,0,0,0,0,0,0,0,0,0,0,0,0,0,0,0,0,0,0,0,0,0,0,0,0,0,0,0,0,0,0,0,0,0,0,0,0,0,0,0,0,0,0.0,0.0,0.0,0.0,0.0,0.0,0.0,0.0,0.0,0.0,0.0,0.0
Tottenham,game_state,1983565,against,+2 or better,0,0,0,0,0,0,0,0,0,0,0,0,0,0,0,0,0,0,0,0,0,0,0,0,0,0,0,0,0,0,0,0,0,0,0,0,0,0,0,0,0,0,0,0,0,0,0,0,0,0,0,0,0,0,0,0,0,0,0,0,0,0,0.0,0.0,0.0,0.0,0.0,0.0,0.0,0.0,0.0,0.0,0.0,0.0
Tottenham,game_state,1983565,for,-2 or worse,165,9,113,102,110,53,30,30,65,37,9,2,10,2,12,8,0,54,48,36,16,24,77,2,4,2,4,1,1,2,3,1,1,0,0,0,0,0,0,0,0,5,1,8,1,19,7,27,8,1,4,0,2,10,4,14,12,10,2,4,1,24,38.0,130.0,398.0,584.9549999999999,2194.5067733216265,1971.585,0.0,1.0,4.0,2.0,3.0,4.0
Tottenham,game_state,1983565,for,-1,48,0,34,29,33,17,8,9,18,11,2,0,3,0,1,0,0,9,7,7,4,5,27,1,0,0,3,0,3,0,0,3,0,0,0,0,0,0,0,0,0,2,0,4,3,7,4,11,7,0,2,0,1,5,0,3,6,2,0,1,2,7,13.0,37.0,94.0,135.13500000000002,532.7138149074577,744.66,0.0,0.0,0.0,0.0,2.0,3.0
Tottenham,game_state,1983565,for,Level,460,24,351,311,336,124,88,139,137,174,8,1,12,3,22,12,1,90,73,67,25,41,284,6,6,5,10,3,4,3,7,3,3,0,0,0,0,0,0,0,0,11,6,11,6,44,19,55,25,0,7,4,18,23,1,26,41,19,4,10,6,60,81.0,376.0,1091.0,1292.34,6004.814193539756,3916.605,1.0,1.0,1.0,0.0,9.0,10.0
Tottenham,game_state,1983565,for,+1,0,0,0,0,0,0,0,0,0,0,0,0,0,0,0,0,0,0,0,0,0,0,0,0,0,0,0,0,0,0,0,0,0,0,0,0,0,0,0,0,0,0,0,0,0,0,0,0,0,0,0,0,0,0,0,0,0,0,0,0,0,0,0.0,0.0,0.0,0.0,0.0,0.0,0.0,0.0,0.0,0.0,0.0,0.0
Tottenham,game_state,1983565,for,+2 or better,0,0,0,0,0,0,0,0,0,0,0,0,0,0,0,0,0,0,0,0,0,0,0,0,0,0,0,0,0,0,0,0,0,0,0,0,0,0,0,0,0,0,0,0,0,0,0,0,0,0,0,0,0,0,0,0,0,0,0,0,0,0,0.0,0.0,0.0,0.0,0.0,0.0,0.0,0.0,0.0,0.0,0.0,0.0
Tottenham,total,1983565,against,Season,545,21,373,314,345,156,80,137,124,190,6,3,14,6,55,22,5,83,62,62,22,35,311,7,8,5,11,2,7,2,7,4,2,0,2,2,0,2,0,0,0,14,6,23,13,66,33,89,46,0,12,3,29,33,5,36,62,21,7,9,15,93,127.0,402.0,1151.0,1391.8799999999999,6260.138147281397,5301.24,1.0,2.0,3.0,1.0,25.0,11.0
Tottenham,total,1983565,for,Season,673,33,498,442,479,194,126,178,220,222,19,3,25,5,35,20,1,153,128,110,45,70,388,9,10,7,17,4,8,5,10,7,4,0,0,0,0,0,0,0,0,18,7,23,10,70,30,93,40,1,13,4,21,38,5,43,59,31,6,15,9,91,132.0,543.0,1583.0,2012.4299999999998,8732.03478176884,6632.85,1.0,2.0,5.0,2.0,14.0,17.0
Man City,time_block,1983566,against,0-15,104,0,73,59,70,35,19,19,20,39,0,0,1,1,6,1,0,10,6,6,3,4,67,0,2,1,2,1,1,0,0,2,0,1,0,0,0,0,0,0,0,3,1,3,0,14,10,17,10,0,5,2,4,8,0,9,12,6,0,2,4,18,24.0,79.0,197.0,2.3099999999999996,1057.7486007201383,1115.73,0.0,1.0,1.0,0.0,3.0,2.0
Man City,time_block,1983566,against,16-30,118,9,88,81,86,39,19,30,45,36,4,1,5,1,1,1,0,32,27,27,8,12,61,1,1,0,1,0,0,1,1,0,0,0,0,0,0,0,0,0,0,2,0,5,2,9,1,14,3,0,0,1,1,6,3,7,7,4,1,2,1,15,18.0,97.0,262.0,352.695,1416.4355661771601,1022.385,1.0,1.0,0.0,0.0,2.0,1.0
Man City,time_block,1983566,against,31-45,132,7,105,96,102,43,21,41,62,34,4,0,4,0,3,1,1,44,39,40,8,18,65,0,1,0,2,0,2,0,0,2,0,0,0,0,0,0,0,0,0,3,1,5,1,9,4,14,5,0,1,2,2,9,0,5,11,4,2,0,2,16,24.0,112.0,325.0,593.355,1772.3263749490527,1117.83,1.0,0.0,1.0,0.0,4.0,2.0
Man City,time_block,1983566,against,46-60,88,6,61,50,58,32,3,26,26,24,3,0,4,0,3,1,0,22,17,15,4,9,46,2,4,2,5,0,4,1,2,3,0,0,0,0,0,0,0,0,0,2,2,7,4,12,6,19,10,0,3,1,2,8,0,10,10,9,2,4,1,11,25.0,66.0,178.0,449.81999999999994,895.3350213104065,1156.05,0.0,2.0,0.0,0.0,3.0,5.0
Man City,time_block,1983566,against,61-75,112,4,83,71,82,42,12,29,45,26,4,0,5,1,5,2,1,34,27,27,9,13,56,1,1,0,3,1,1,1,1,2,0,1,0,0,0,0,0,0,0,5,3,1,1,14,6,15,7,0,3,1,0,9,1,11,9,8,3,3,0,17,24.0,92.0,247.0,496.33500000000004,1408.7503463231712,1199.205,0.0,0.0,1.0,1.0,4.0,3.0
Man City,time_block,1983566,against,76+,114,3,77,68,75,39,10,28,46,22,6,2,8,3,6,3,0,36,28,28,9,8,49,2,2,1,3,1,1,1,2,1,1,0,0,0,0,0,0,0,0,4,3,2,2,21,11,23,13,0,6,1,4,10,2,17,14,12,2,6,2,14,22.0,87.0,259.0,533.505,1340.9740174887368,1075.62,0.0,1.0,0.0,0.0,3.0,3.0
Man City,time_block,1983566,for,0-15,150,4,117,108,112,40,32,45,36,72,2,1,3,1,5,2,1,13,10,9,4,4,108,2,1,0,1,0,0,1,0,1,0,0,0,0,0,0,0,0,0,2,0,3,3,14,4,17,7,0,2,2,1,7,1,10,8,7,1,4,2,19,25.0,124.0,344.0,204.54,1901.4927769968897,1158.57,1.0,0.0,0.0,0.0,4.0,1.0
Man City,time_block,1983566,for,16-30,79,2,60,48,55,23,16,21,14,34,0,0,1,0,10,7,0,12,6,8,3,4,52,1,0,0,1,0,0,1,0,1,0,0,0,0,0,0,0,0,0,1,1,5,3,8,7,13,10,0,4,2,4,7,0,7,11,4,0,1,2,12,19.0,62.0,138.0,159.91500000000002,936.3545039573306,770.28,1.0,0.0,1.0,0.0,5.0,1.0
Man City,time_block,1983566,for,31-45,122,4,94,80,89,43,25,26,25,55,1,0,1,0,14,9,0,22,16,16,6,8,78,1,0,0,0,0,0,0,0,0,0,0,0,0,0,0,0,0,0,3,2,5,4,10,6,15,10,1,3,1,4,7,2,9,11,4,1,2,0,19,24.0,99.0,291.0,366.975,1655.069509619217,809.13,1.0,1.0,0.0,0.0,6.0,0.0
Man City,time_block,1983566,for,46-60,76,4,47,32,39,22,5,20,6,26,3,0,5,1,9,3,0,8,5,6,1,2,41,1,0,0,1,1,0,0,1,0,1,0,1,1,0,1,0,0,0,3,2,7,3,12,6,19,9,0,0,1,6,4,0,4,10,3,2,1,4,18,27.0,53.0,117.0,280.77000000000004,665.4206381574008,1034.67,0.0,0.0,0.0,0.0,8.0,1.0
Man City,time_block,1983566,for,61-75,70,2,34,22,31,15,7,12,10,12,0,0,1,1,7,1,0,14,8,8,2,2,26,0,2,2,2,1,1,0,1,1,0,1,0,0,0,0,0,0,0,4,3,1,0,14,8,15,8,0,2,3,7,8,1,9,15,4,3,0,3,17,21.0,38.0,155.0,210.42000000000002,531.2557767111547,640.185,0.0,1.0,1.0,0.0,8.0,2.0
Man City,time_block,1983566,for,76+,88,0,51,41,41,22,12,17,26,15,2,0,3,0,10,5,0,15,12,11,5,8,40,2,0,0,1,0,0,1,0,1,0,0,0,0,0,0,0,0,0,6,2,2,0,22,10,24,10,0,2,1,4,6,1,9,10,4,3,2,6,20,27.0,57.0,211.0,413.48999999999995,999.8084738692176,1118.985,0.0,0.0,0.0,0.0,4.0,1.0
Man City,game_state,1983566,against,-2 or worse,0,0,0,0,0,0,0,0,0,0,0,0,0,0,0,0,0,0,0,0,0,0,0,0,0,0,0,0,0,0,0,0,0,0,0,0,0,0,0,0,0,0,0,0,0,0,0,0,0,0,0,0,0,0,0,0,0,0,0,0,0,0,0.0,0.0,0.0,0.0,0.0,0.0,0.0,0.0,0.0,0.0,0.0,0.0
Man City,game_state,1983566,against,-1,0,0,0,0,0,0,0,0,0,0,0,0,0,0,0,0,0,0,0,0,0,0,0,0,0,0,0,0,0,0,0,0,0,0,0,0,0,0,0,0,0,0,0,0,0,0,0,0,0,0,0,0,0,0,0,0,0,0,0,0,0,0,0.0,0.0,0.0,0.0,0.0,0.0,0.0,0.0,0.0,0.0,0.0,0.0
Man City,game_state,1983566,against,Level,442,22,327,286,316,149,62,116,153,133,11,1,14,2,13,4,1,108,89,88,23,43,239,3,8,3,10,1,7,2,3,7,0,1,0,0,0,0,0,0,0,10,4,20,7,44,21,64,28,0,9,6,9,31,3,31,40,23,5,8,8,60,91.0,354.0,962.0,1398.1799999999998,5141.845563156758,4411.995,2.0,4.0,2.0,0.0,12.0,10.0
Man City,game_state,1983566,against,+1,226,7,160,139,157,81,22,57,91,48,10,2,13,4,11,5,1,70,55,55,18,21,105,3,3,1,6,2,2,2,3,3,1,1,0,0,0,0,0,0,0,9,6,3,3,35,17,38,20,0,9,2,4,19,3,28,23,20,5,9,2,31,46.0,179.0,506.0,1029.84,2749.724363811908,2274.825,0.0,1.0,1.0,1.0,7.0,6.0
Man City,game_state,1983566,against,+2 or better,0,0,0,0,0,0,0,0,0,0,0,0,0,0,0,0,0,0,0,0,0,0,0,0,0,0,0,0,0,0,0,0,0,0,0,0,0,0,0,0,0,0,0,0,0,0,0,0,0,0,0,0,0,0,0,0,0,0,0,0,0,0,0.0,0.0,0.0,0.0,0.0,0.0,0.0,0.0,0.0,0.0,0.0,0.0
Man City,game_state,1983566,for,-2 or worse,0,0,0,0,0,0,0,0,0,0,0,0,0,0,0,0,0,0,0,0,0,0,0,0,0,0,0,0,0,0,0,0,0,0,0,0,0,0,0,0,0,0,0,0,0,0,0,0,0,0,0,0,0,0,0,0,0,0,0,0,0,0,0.0,0.0,0.0,0.0,0.0,0.0,0.0,0.0,0.0,0.0,0.0,0.0
Man City,game_state,1983566,for,-1,0,0,0,0,0,0,0,0,0,0,0,0,0,0,0,0,0,0,0,0,0,0,0,0,0,0,0,0,0,0,0,0,0,0,0,0,0,0,0,0,0,0,0,0,0,0,0,0,0,0,0,0,0,0,0,0,0,0,0,0,0,0,0.0,0.0,0.0,0.0,0.0,0.0,0.0,0.0,0.0,0.0,0.0,0.0
Man City,game_state,1983566,for,Level,427,14,318,268,295,128,78,112,81,187,6,1,10,2,38,21,1,55,37,39,14,18,279,5,1,0,3,1,0,2,1,2,1,0,1,1,0,1,0,0,0,9,5,20,13,44,23,64,36,1,9,6,15,25,3,30,40,18,4,8,8,68,95.0,338.0,890.0,1012.2,5158.337428730838,3772.65,3.0,1.0,1.0,0.0,23.0,3.0
Man City,game_state,1983566,for,+1,158,2,85,63,72,37,19,29,36,27,2,0,4,1,17,6,0,29,20,19,7,10,66,2,2,2,3,1,1,1,1,2,0,1,0,0,0,0,0,0,0,10,5,3,0,36,18,39,18,0,4,4,11,14,2,18,25,8,6,2,9,37,48.0,95.0,366.0,623.91,1531.0642505803723,1759.17,0.0,1.0,1.0,0.0,12.0,3.0
Man City,game_state,1983566,for,+2 or better,0,0,0,0,0,0,0,0,0,0,0,0,0,0,0,0,0,0,0,0,0,0,0,0,0,0,0,0,0,0,0,0,0,0,0,0,0,0,0,0,0,0,0,0,0,0,0,0,0,0,0,0,0,0,0,0,0,0,0,0,0,0,0.0,0.0,0.0,0.0,0.0,0.0,0.0,0.0,0.0,0.0,0.0,0.0
Man City,total,1983566,against,Season,668,29,487,425,473,230,84,173,244,181,21,3,27,6,24,9,2,178,144,143,41,64,344,6,11,4,16,3,9,4,6,10,1,2,0,0,0,0,0,0,0,19,10,23,10,79,38,102,48,0,18,8,13,50,6,59,63,43,10,17,10,91,137.0,533.0,1468.0,2428.02,7891.569926968666,6686.82,2.0,5.0,3.0,1.0,19.0,16.0
Man City,total,1983566,for,Season,585,16,403,331,367,165,97,141,117,214,8,1,14,3,55,27,1,84,57,58,21,28,345,7,3,2,6,2,1,3,2,4,1,1,1,1,0,1,0,0,0,19,10,23,13,80,41,103,54,1,13,10,26,39,5,48,65,26,10,10,17,105,143.0,433.0,1256.0,1636.1100000000001,6689.4016793112105,5531.82,3.0,2.0,2.0,0.0,35.0,6.0
Man Utd,time_block,1983566,against,0-15,150,4,117,108,112,40,32,45,36,72,2,1,3,1,5,2,1,13,10,9,4,4,108,2,1,0,1,0,0,1,0,1,0,0,0,0,0,0,0,0,0,2,0,3,3,14,4,17,7,0,2,2,1,7,1,10,8,7,1,4,2,19,25.0,124.0,344.0,204.54,1901.4927769968897,1158.57,1.0,0.0,0.0,0.0,4.0,1.0
Man Utd,time_block,1983566,against,16-30,79,2,60,48,55,23,16,21,14,34,0,0,1,0,10,7,0,12,6,8,3,4,52,1,0,0,1,0,0,1,0,1,0,0,0,0,0,0,0,0,0,1,1,5,3,8,7,13,10,0,4,2,4,7,0,7,11,4,0,1,2,12,19.0,62.0,138.0,159.91500000000002,936.3545039573306,770.28,1.0,0.0,1.0,0.0,5.0,1.0
Man Utd,time_block,1983566,against,31-45,122,4,94,80,89,43,25,26,25,55,1,0,1,0,14,9,0,22,16,16,6,8,78,1,0,0,0,0,0,0,0,0,0,0,0,0,0,0,0,0,0,3,2,5,4,10,6,15,10,1,3,1,4,7,2,9,11,4,1,2,0,19,24.0,99.0,291.0,366.975,1655.069509619217,809.13,1.0,1.0,0.0,0.0,6.0,0.0
Man Utd,time_block,1983566,against,46-60,76,4,47,32,39,22,5,20,6,26,3,0,5,1,9,3,0,8,5,6,1,2,41,1,0,0,1,1,0,0,1,0,1,0,1,1,0,1,0,0,0,3,2,7,3,12,6,19,9,0,0,1,6,4,0,4,10,3,2,1,4,18,27.0,53.0,117.0,280.77000000000004,665.4206381574008,1034.67,0.0,0.0,0.0,0.0,8.0,1.0
Man Utd,time_block,1983566,against,61-75,70,2,34,22,31,15,7,12,10,12,0,0,1,1,7,1,0,14,8,8,2,2,26,0,2,2,2,1,1,0,1,1,0,1,0,0,0,0,0,0,0,4,3,1,0,14,8,15,8,0,2,3,7,8,1,9,15,4,3,0,3,17,21.0,38.0,155.0,210.42000000000002,531.2557767111547,640.185,0.0,1.0,1.0,0.0,8.0,2.0
Man Utd,time_block,1983566,against,76+,88,0,51,41,41,22,12,17,26,15,2,0,3,0,10,5,0,15,12,11,5,8,40,2,0,0,1,0,0,1,0,1,0,0,0,0,0,0,0,0,0,6,2,2,0,22,10,24,10,0,2,1,4,6,1,9,10,4,3,2,6,20,27.0,57.0,211.0,413.48999999999995,999.8084738692176,1118.985,0.0,0.0,0.0,0.0,4.0,1.0
Man Utd,time_block,1983566,for,0-15,104,0,73,59,70,35,19,19,20,39,0,0,1,1,6,1,0,10,6,6,3,4,67,0,2,1,2,1,1,0,0,2,0,1,0,0,0,0,0,0,0,3,1,3,0,14,10,17,10,0,5,2,4,8,0,9,12,6,0,2,4,18,24.0,79.0,197.0,2.3099999999999996,1057.7486007201383,1115.73,0.0,1.0,1.0,0.0,3.0,2.0
Man Utd,time_block,1983566,for,16-30,118,9,88,81,86,39,19,30,45,36,4,1,5,1,1,1,0,32,27,27,8,12,61,1,1,0,1,0,0,1,1,0,0,0,0,0,0,0,0,0,0,2,0,5,2,9,1,14,3,0,0,1,1,6,3,7,7,4,1,2,1,15,18.0,97.0,262.0,352.695,1416.4355661771601,1022.385,1.0,1.0,0.0,0.0,2.0,1.0
Man Utd,time_block,1983566,for,31-45,132,7,105,96,102,43,21,41,62,34,4,0,4,0,3,1,1,44,39,40,8,18,65,0,1,0,2,0,2,0,0,2,0,0,0,0,0,0,0,0,0,3,1,5,1,9,4,14,5,0,1,2,2,9,0,5,11,4,2,0,2,16,24.0,112.0,325.0,593.355,1772.3263749490527,1117.83,1.0,0.0,1.0,0.0,4.0,2.0
Man Utd,time_block,1983566,for,46-60,88,6,61,50,58,32,3,26,26,24,3,0,4,0,3,1,0,22,17,15,4,9,46,2,4,2,5,0,4,1,2,3,0,0,0,0,0,0,0,0,0,2,2,7,4,12,6,19,10,0,3,1,2,8,0,10,10,9,2,4,1,11,25.0,66.0,178.0,449.81999999999994,895.3350213104065,1156.05,0.0,2.0,0.0,0.0,3.0,5.0
Man Utd,time_block,1983566,for,61-75,112,4,83,71,82,42,12,29,45,26,4,0,5,1,5,2,1,34,27,27,9,13,56,1,1,0,3,1,1,1,1,2,0,1,0,0,0,0,0,0,0,5,3,1,1,14,6,15,7,0,3,1,0,9,1,11,9,8,3,3,0,17,24.0,92.0,247.0,496.33500000000004,1408.7503463231712,1199.205,0.0,0.0,1.0,1.0,4.0,3.0
Man Utd,time_block,1983566,for,76+,114,3,77,68,75,39,10,28,46,22,6,2,8,3,6,3,0,36,28,28,9,8,49,2,2,1,3,1,1,1,2,1,1,0,0,0,0,0,0,0,0,4,3,2,2,21,11,23,13,0,6,1,4,10,2,17,14,12,2,6,2,14,22.0,87.0,259.0,533.505,1340.9740174887368,1075.62,0.0,1.0,0.0,0.0,3.0,3.0
Man Utd,game_state,1983566,against,-2 or worse,0,0,0,0,0,0,0,0,0,0,0,0,0,0,0,0,0,0,0,0,0,0,0,0,0,0,0,0,0,0,0,0,0,0,0,0,0,0,0,0,0,0,0,0,0,0,0,0,0,0,0,0,0,0,0,0,0,0,0,0,0,0,0.0,0.0,0.0,0.0,0.0,0.0,0.0,0.0,0.0,0.0,0.0,0.0
Man Utd,game_state,1983566,against,-1,158,2,85,63,72,37,19,29,36,27,2,0,4,1,17,6,0,29,20,19,7,10,66,2,2,2,3,1,1,1,1,2,0,1,0,0,0,0,0,0,0,10,5,3,0,36,18,39,18,0,4,4,11,14,2,18,25,8,6,2,9,37,48.0,95.0,366.0,623.91,1531.0642505803723,1759.17,0.0,1.0,1.0,0.0,12.0,3.0
Man Utd,game_state,1983566,against,Level,427,14,318,268,295,128,78,112,81,187,6,1,10,2,38,21,1,55,37,39,14,18,279,5,1,0,3,1,0,2,1,2,1,0,1,1,0,1,0,0,0,9,5,20,13,44,23,64,36,1,9,6,15,25,3,30,40,18,4,8,8,68,95.0,338.0,890.0,1012.2,5158.337428730838,3772.65,3.0,1.0,1.0,0.0,23.0,3.0
Man Utd,game_state,1983566,against,+1,0,0,0,0,0,0,0,0,0,0,0,0,0,0,0,0,0,0,0,0,0,0,0,0,0,0,0,0,0,0,0,0,0,0,0,0,0,0,0,0,0,0,0,0,0,0,0,0,0,0,0,0,0,0,0,0,0,0,0,0,0,0,0.0,0.0,0.0,0.0,0.0,0.0,0.0,0.0,0.0,0.0,0.0,0.0
Man Utd,game_state,1983566,against,+2 or better,0,0,0,0,0,0,0,0,0,0,0,0,0,0,0,0,0,0,0,0,0,0,0,0,0,0,0,0,0,0,0,0,0,0,0,0,0,0,0,0,0,0,0,0,0,0,0,0,0,0,0,0,0,0,0,0,0,0,0,0,0,0,0.0,0.0,0.0,0.0,0.0,0.0,0.0,0.0,0.0,0.0,0.0,0.0
Man Utd,game_state,1983566,for,-2 or worse,0,0,0,0,0,0,0,0,0,0,0,0,0,0,0,0,0,0,0,0,0,0,0,0,0,0,0,0,0,0,0,0,0,0,0,0,0,0,0,0,0,0,0,0,0,0,0,0,0,0,0,0,0,0,0,0,0,0,0,0,0,0,0.0,0.0,0.0,0.0,0.0,0.0,0.0,0.0,0.0,0.0,0.0,0.0
Man Utd,game_state,1983566,for,-1,226,7,160,139,157,81,22,57,91,48,10,2,13,4,11,5,1,70,55,55,18,21,105,3,3,1,6,2,2,2,3,3,1,1,0,0,0,0,0,0,0,9,6,3,3,35,17,38,20,0,9,2,4,19,3,28,23,20,5,9,2,31,46.0,179.0,506.0,1029.84,2749.724363811908,2274.825,0.0,1.0,1.0,1.0,7.0,6.0
Man Utd,game_state,1983566,for,Level,442,22,327,286,316,149,62,116,153,133,11,1,14,2,13,4,1,108,89,88,23,43,239,3,8,3,10,1,7,2,3,7,0,1,0,0,0,0,0,0,0,10,4,20,7,44,21,64,28,0,9,6,9,31,3,31,40,23,5,8,8,60,91.0,354.0,962.0,1398.1799999999998,5141.845563156758,4411.995,2.0,4.0,2.0,0.0,12.0,10.0
Man Utd,game_state,1983566,for,+1,0,0,0,0,0,0,0,0,0,0,0,0,0,0,0,0,0,0,0,0,0,0,0,0,0,0,0,0,0,0,0,0,0,0,0,0,0,0,0,0,0,0,0,0,0,0,0,0,0,0,0,0,0,0,0,0,0,0,0,0,0,0,0.0,0.0,0.0,0.0,0.0,0.0,0.0,0.0,0.0,0.0,0.0,0.0
Man Utd,game_state,1983566,for,+2 or better,0,0,0,0,0,0,0,0,0,0,0,0,0,0,0,0,0,0,0,0,0,0,0,0,0,0,0,0,0,0,0,0,0,0,0,0,0,0,0,0,0,0,0,0,0,0,0,0,0,0,0,0,0,0,0,0,0,0,0,0,0,0,0.0,0.0,0.0,0.0,0.0,0.0,0.0,0.0,0.0,0.0,0.0,0.0
Man Utd,total,1983566,against,Season,585,16,403,331,367,165,97,141,117,214,8,1,14,3,55,27,1,84,57,58,21,28,345,7,3,2,6,2,1,3,2,4,1,1,1,1,0,1,0,0,0,19,10,23,13,80,41,103,54,1,13,10,26,39,5,48,65,26,10,10,17,105,143.0,433.0,1256.0,1636.1100000000001,6689.4016793112105,5531.82,3.0,2.0,2.0,0.0,35.0,6.0
Man Utd,total,1983566,for,Season,668,29,487,425,473,230,84,173,244,181,21,3,27,6,24,9,2,178,144,143,41,64,344,6,11,4,16,3,9,4,6,10,1,2,0,0,0,0,0,0,0,19,10,23,10,79,38,102,48,0,18,8,13,50,6,59,63,43,10,17,10,91,137.0,533.0,1468.0,2428.02,7891.569926968666,6686.82,2.0,5.0,3.0,1.0,19.0,16.0
Sunderland,time_block,1983567,against,0-15,146,7,115,106,111,51,24,40,53,53,2,0,2,0,8,6,1,28,25,22,9,19,93,0,2,1,2,1,0,1,2,0,1,0,0,0,0,0,0,0,0,2,0,3,2,10,4,13,6,0,2,3,2,5,2,10,7,8,0,3,2,15,20.0,126.0,426.0,566.37,2107.507079457817,666.75,0.0,2.0,0.0,0.0,3.0,2.0
Sunderland,time_block,1983567,against,16-30,102,2,83,77,80,28,20,35,38,39,0,0,0,0,2,2,0,22,19,18,7,9,65,0,2,1,2,0,2,0,1,1,0,0,0,0,0,0,0,0,0,1,0,3,3,4,2,7,5,0,0,0,2,1,1,2,3,2,0,1,2,11,13.0,87.0,257.0,244.02000000000004,1332.0792381161216,692.265,0.0,0.0,0.0,0.0,1.0,2.0
Sunderland,time_block,1983567,against,31-45,81,2,41,28,34,19,6,16,13,15,2,2,3,2,7,3,0,16,9,12,3,5,29,1,1,1,1,1,0,0,1,0,1,0,0,0,0,0,0,0,0,5,2,4,3,16,9,20,12,0,2,1,5,3,2,8,8,6,1,2,5,19,23.0,48.0,112.0,158.025,614.3048463825795,1199.205,0.0,0.0,0.0,0.0,1.0,1.0
Sunderland,time_block,1983567,against,46-60,67,1,45,35,44,15,10,20,10,25,0,0,0,0,5,1,0,13,8,9,2,4,36,0,1,0,1,1,0,0,0,1,0,1,1,0,1,1,0,0,0,0,0,4,1,5,2,9,3,0,2,0,4,3,0,3,7,1,0,1,0,15,18.0,49.0,311.0,222.39,716.530198700423,493.395,1.0,0.0,0.0,0.0,8.0,1.0
Sunderland,time_block,1983567,against,61-75,91,4,65,53,62,30,7,28,30,23,0,0,1,1,6,0,0,24,18,17,5,10,48,1,4,2,4,1,2,1,3,1,1,0,0,0,0,0,0,0,0,1,0,5,4,10,6,15,10,0,4,2,2,9,1,10,11,5,2,1,2,17,25.0,69.0,159.0,318.36,971.2204826680846,1132.425,1.0,1.0,1.0,0.0,4.0,4.0
Sunderland,time_block,1983567,against,76+,80,3,37,21,31,27,2,8,10,11,1,0,1,0,11,5,1,15,7,6,5,6,31,0,0,0,1,1,0,0,1,0,1,0,1,1,0,1,0,0,0,2,0,13,7,16,10,29,17,0,3,2,9,4,2,10,13,5,0,3,7,24,28.0,41.0,104.0,450.13500000000005,613.3409498526916,1015.14,0.0,1.0,0.0,0.0,9.0,1.0
Sunderland,time_block,1983567,for,0-15,69,1,36,27,32,17,7,12,7,20,1,0,2,1,6,2,0,6,3,3,1,2,33,0,1,1,2,0,2,0,1,1,0,0,0,0,0,0,0,0,0,2,0,3,1,11,6,14,7,0,3,1,5,9,4,10,14,9,0,2,3,13,20.0,43.0,102.0,272.15999999999997,632.9595774731914,737.1,0.0,1.0,1.0,0.0,4.0,2.0
Sunderland,time_block,1983567,for,16-30,54,0,42,33,38,17,13,12,12,21,0,0,0,0,9,4,0,8,3,7,2,4,35,0,0,0,0,0,0,0,0,0,0,0,0,0,0,0,0,0,0,0,0,3,0,4,2,7,2,0,1,0,1,3,1,4,4,2,0,2,1,11,15.0,46.0,120.0,61.95,741.0068763198709,509.145,0.0,0.0,0.0,0.0,2.0,0.0
Sunderland,time_block,1983567,for,31-45,77,5,41,32,38,16,11,14,7,25,2,0,5,1,5,1,0,8,6,8,1,0,33,2,3,1,3,0,1,2,0,3,0,0,0,0,0,0,0,0,0,2,1,4,1,16,7,20,8,0,4,1,4,7,1,13,11,10,2,5,2,15,26.0,48.0,120.0,165.48,753.1207376528547,1315.44,0.0,0.0,0.0,0.0,5.0,3.0
Sunderland,time_block,1983567,for,46-60,64,5,40,30,40,21,12,7,11,19,1,0,1,0,4,1,0,10,5,6,2,2,34,0,1,0,3,1,1,1,2,1,1,0,0,0,0,0,0,0,0,1,0,4,3,5,3,9,6,0,2,0,3,6,2,4,9,3,0,0,1,14,23.0,45.0,107.0,63.105000000000004,629.402485352404,1465.485,0.0,0.0,0.0,0.0,1.0,3.0
Sunderland,time_block,1983567,for,61-75,96,8,63,50,61,31,13,19,23,27,1,0,1,0,11,5,0,17,12,13,7,8,50,0,1,1,2,0,0,2,2,0,0,0,0,0,0,0,0,0,0,4,2,5,1,9,3,14,4,0,0,2,4,6,1,5,10,3,0,2,1,18,22.0,68.0,308.0,206.115,1256.8325550040283,990.045,0.0,0.0,1.0,0.0,5.0,2.0
Sunderland,time_block,1983567,for,76+,94,7,62,45,56,36,10,16,32,13,6,3,7,3,14,10,0,33,22,19,13,15,43,2,1,1,2,1,1,0,2,0,1,0,0,0,0,0,0,0,0,0,0,13,6,15,5,28,11,0,2,1,3,5,1,11,8,7,0,7,3,23,33.0,73.0,182.0,503.68499999999995,1189.179931402817,1614.48,1.0,0.0,0.0,0.0,3.0,2.0
Sunderland,game_state,1983567,against,-2 or worse,0,0,0,0,0,0,0,0,0,0,0,0,0,0,0,0,0,0,0,0,0,0,0,0,0,0,0,0,0,0,0,0,0,0,0,0,0,0,0,0,0,0,0,0,0,0,0,0,0,0,0,0,0,0,0,0,0,0,0,0,0,0,0.0,0.0,0.0,0.0,0.0,0.0,0.0,0.0,0.0,0.0,0.0,0.0
Sunderland,game_state,1983567,against,-1,177,7,106,77,97,60,9,37,40,37,1,0,2,1,17,5,1,39,25,23,10,17,83,1,4,2,5,2,2,1,4,1,2,0,1,1,0,1,0,0,0,3,0,18,11,27,16,45,27,0,7,4,12,14,3,20,26,10,2,4,9,43,55.0,114.0,351.0,800.835,1644.0700826028954,2192.295,1.0,2.0,1.0,0.0,15.0,5.0
Sunderland,game_state,1983567,against,Level,390,12,280,243,265,110,60,110,114,129,4,2,5,2,22,12,1,79,61,61,21,36,219,1,6,3,6,3,2,1,4,2,2,1,1,0,1,1,0,0,0,8,2,14,9,34,17,48,26,0,6,4,12,11,5,23,23,17,1,7,9,58,72.0,306.0,1018.0,1158.465,4710.912712574822,3006.885,1.0,2.0,0.0,0.0,11.0,6.0
Sunderland,game_state,1983567,against,+1,0,0,0,0,0,0,0,0,0,0,0,0,0,0,0,0,0,0,0,0,0,0,0,0,0,0,0,0,0,0,0,0,0,0,0,0,0,0,0,0,0,0,0,0,0,0,0,0,0,0,0,0,0,0,0,0,0,0,0,0,0,0,0.0,0.0,0.0,0.0,0.0,0.0,0.0,0.0,0.0,0.0,0.0,0.0
Sunderland,game_state,1983567,against,+2 or better,0,0,0,0,0,0,0,0,0,0,0,0,0,0,0,0,0,0,0,0,0,0,0,0,0,0,0,0,0,0,0,0,0,0,0,0,0,0,0,0,0,0,0,0,0,0,0,0,0,0,0,0,0,0,0,0,0,0,0,0,0,0,0.0,0.0,0.0,0.0,0.0,0.0,0.0,0.0,0.0,0.0,0.0,0.0
Sunderland,game_state,1983567,for,-2 or worse,2,0,2,1,2,1,1,0,0,1,0,0,0,0,1,0,0,1,0,0,0,0,2,0,0,0,0,0,0,0,0,0,0,0,0,0,0,0,0,0,0,0,0,0,0,0,0,0,0,0,0,0,0,0,0,0,0,0,0,0,0,1,1.0,2.0,1.0,-24.255,24.314502359702942,52.29,0.0,0.0,0.0,0.0,0.0,0.0
Sunderland,game_state,1983567,for,-1,195,15,128,97,120,69,24,35,56,41,7,3,8,3,25,15,0,51,34,32,20,23,96,2,2,2,4,1,1,2,4,0,1,0,0,0,0,0,0,0,0,4,2,18,7,25,9,43,16,0,3,3,7,12,2,17,19,11,0,9,4,42,58.0,144.0,501.0,733.11,2495.9407812294394,2786.595,1.0,0.0,1.0,0.0,8.0,4.0
Sunderland,game_state,1983567,for,Level,257,11,154,119,143,68,41,45,36,83,4,0,8,2,23,8,0,30,17,24,6,8,130,2,5,2,8,1,4,3,3,5,1,0,0,0,0,0,0,0,0,5,1,14,5,35,17,49,22,0,9,2,13,24,8,30,37,23,2,9,7,51,80.0,177.0,437.0,563.64,2682.246879616024,3792.81,0.0,1.0,1.0,0.0,12.0,8.0
Sunderland,game_state,1983567,for,+1,0,0,0,0,0,0,0,0,0,0,0,0,0,0,0,0,0,0,0,0,0,0,0,0,0,0,0,0,0,0,0,0,0,0,0,0,0,0,0,0,0,0,0,0,0,0,0,0,0,0,0,0,0,0,0,0,0,0,0,0,0,0,0.0,0.0,0.0,0.0,0.0,0.0,0.0,0.0,0.0,0.0,0.0,0.0
Sunderland,game_state,1983567,for,+2 or better,0,0,0,0,0,0,0,0,0,0,0,0,0,0,0,0,0,0,0,0,0,0,0,0,0,0,0,0,0,0,0,0,0,0,0,0,0,0,0,0,0,0,0,0,0,0,0,0,0,0,0,0,0,0,0,0,0,0,0,0,0,0,0.0,0.0,0.0,0.0,0.0,0.0,0.0,0.0,0.0,0.0,0.0,0.0
Sunderland,total,1983567,against,Season,567,19,386,320,362,170,69,147,154,166,5,2,7,3,39,17,2,118,86,84,31,53,302,2,10,5,11,5,4,2,8,3,4,1,2,1,1,2,0,0,0,11,2,32,20,61,33,93,53,0,13,8,24,25,8,43,49,27,3,11,18,101,127.0,420.0,1369.0,1959.3,6354.982795177718,5199.18,2.0,4.0,1.0,0.0,26.0,11.0
Sunderland,total,1983567,for,Season,454,26,284,217,265,138,66,80,92,125,11,3,16,5,49,23,0,82,51,56,26,31,228,4,7,4,12,2,5,5,7,5,2,0,0,0,0,0,0,0,0,9,3,32,12,60,26,92,38,0,12,5,20,36,10,47,56,34,2,18,11,94,139.0,323.0,939.0,1272.495,5202.502163205167,6631.695,1.0,1.0,2.0,0.0,20.0,12.0
Arsenal,time_block,1983567,against,0-15,69,1,36,27,32,17,7,12,7,20,1,0,2,1,6,2,0,6,3,3,1,2,33,0,1,1,2,0,2,0,1,1,0,0,0,0,0,0,0,0,0,2,0,3,1,11,6,14,7,0,3,1,5,9,4,10,14,9,0,2,3,13,20.0,43.0,102.0,272.15999999999997,632.9595774731914,737.1,0.0,1.0,1.0,0.0,4.0,2.0
Arsenal,time_block,1983567,against,16-30,54,0,42,33,38,17,13,12,12,21,0,0,0,0,9,4,0,8,3,7,2,4,35,0,0,0,0,0,0,0,0,0,0,0,0,0,0,0,0,0,0,0,0,3,0,4,2,7,2,0,1,0,1,3,1,4,4,2,0,2,1,11,15.0,46.0,120.0,61.95,741.0068763198709,509.145,0.0,0.0,0.0,0.0,2.0,0.0
Arsenal,time_block,1983567,against,31-45,77,5,41,32,38,16,11,14,7,25,2,0,5,1,5,1,0,8,6,8,1,0,33,2,3,1,3,0,1,2,0,3,0,0,0,0,0,0,0,0,0,2,1,4,1,16,7,20,8,0,4,1,4,7,1,13,11,10,2,5,2,15,26.0,48.0,120.0,165.48,753.1207376528547,1315.44,0.0,0.0,0.0,0.0,5.0,3.0
Arsenal,time_block,1983567,against,46-60,64,5,40,30,40,21,12,7,11,19,1,0,1,0,4,1,0,10,5,6,2,2,34,0,1,0,3,1,1,1,2,1,1,0,0,0,0,0,0,0,0,1,0,4,3,5,3,9,6,0,2,0,3,6,2,4,9,3,0,0,1,14,23.0,45.0,107.0,63.105000000000004,629.402485352404,1465.485,0.0,0.0,0.0,0.0,1.0,3.0
Arsenal,time_block,1983567,against,61-75,96,8,63,50,61,31,13,19,23,27,1,0,1,0,11,5,0,17,12,13,7,8,50,0,1,1,2,0,0,2,2,0,0,0,0,0,0,0,0,0,0,4,2,5,1,9,3,14,4,0,0,2,4,6,1,5,10,3,0,2,1,18,22.0,68.0,308.0,206.115,1256.8325550040283,990.045,0.0,0.0,1.0,0.0,5.0,2.0
Arsenal,time_block,1983567,against,76+,94,7,62,45,56,36,10,16,32,13,6,3,7,3,14,10,0,33,22,19,13,15,43,2,1,1,2,1,1,0,2,0,1,0,0,0,0,0,0,0,0,0,0,13,6,15,5,28,11,0,2,1,3,5,1,11,8,7,0,7,3,23,33.0,73.0,182.0,503.68499999999995,1189.179931402817,1614.48,1.0,0.0,0.0,0.0,3.0,2.0
Arsenal,time_block,1983567,for,0-15,146,7,115,106,111,51,24,40,53,53,2,0,2,0,8,6,1,28,25,22,9,19,93,0,2,1,2,1,0,1,2,0,1,0,0,0,0,0,0,0,0,2,0,3,2,10,4,13,6,0,2,3,2,5,2,10,7,8,0,3,2,15,20.0,126.0,426.0,566.37,2107.507079457817,666.75,0.0,2.0,0.0,0.0,3.0,2.0
Arsenal,time_block,1983567,for,16-30,102,2,83,77,80,28,20,35,38,39,0,0,0,0,2,2,0,22,19,18,7,9,65,0,2,1,2,0,2,0,1,1,0,0,0,0,0,0,0,0,0,1,0,3,3,4,2,7,5,0,0,0,2,1,1,2,3,2,0,1,2,11,13.0,87.0,257.0,244.02000000000004,1332.0792381161216,692.265,0.0,0.0,0.0,0.0,1.0,2.0
Arsenal,time_block,1983567,for,31-45,81,2,41,28,34,19,6,16,13,15,2,2,3,2,7,3,0,16,9,12,3,5,29,1,1,1,1,1,0,0,1,0,1,0,0,0,0,0,0,0,0,5,2,4,3,16,9,20,12,0,2,1,5,3,2,8,8,6,1,2,5,19,23.0,48.0,112.0,158.025,614.3048463825795,1199.205,0.0,0.0,0.0,0.0,1.0,1.0
Arsenal,time_block,1983567,for,46-60,67,1,45,35,44,15,10,20,10,25,0,0,0,0,5,1,0,13,8,9,2,4,36,0,1,0,1,1,0,0,0,1,0,1,1,0,1,1,0,0,0,0,0,4,1,5,2,9,3,0,2,0,4,3,0,3,7,1,0,1,0,15,18.0,49.0,311.0,222.39,716.530198700423,493.395,1.0,0.0,0.0,0.0,8.0,1.0
Arsenal,time_block,1983567,for,61-75,91,4,65,53,62,30,7,28,30,23,0,0,1,1,6,0,0,24,18,17,5,10,48,1,4,2,4,1,2,1,3,1,1,0,0,0,0,0,0,0,0,1,0,5,4,10,6,15,10,0,4,2,2,9,1,10,11,5,2,1,2,17,25.0,69.0,159.0,318.36,971.2204826680846,1132.425,1.0,1.0,1.0,0.0,4.0,4.0
Arsenal,time_block,1983567,for,76+,80,3,37,21,31,27,2,8,10,11,1,0,1,0,11,5,1,15,7,6,5,6,31,0,0,0,1,1,0,0,1,0,1,0,1,1,0,1,0,0,0,2,0,13,7,16,10,29,17,0,3,2,9,4,2,10,13,5,0,3,7,24,28.0,41.0,104.0,450.13500000000005,613.3409498526916,1015.14,0.0,1.0,0.0,0.0,9.0,1.0
Arsenal,game_state,1983567,against,-2 or worse,0,0,0,0,0,0,0,0,0,0,0,0,0,0,0,0,0,0,0,0,0,0,0,0,0,0,0,0,0,0,0,0,0,0,0,0,0,0,0,0,0,0,0,0,0,0,0,0,0,0,0,0,0,0,0,0,0,0,0,0,0,0,0.0,0.0,0.0,0.0,0.0,0.0,0.0,0.0,0.0,0.0,0.0,0.0
Arsenal,game_state,1983567,against,-1,0,0,0,0,0,0,0,0,0,0,0,0,0,0,0,0,0,0,0,0,0,0,0,0,0,0,0,0,0,0,0,0,0,0,0,0,0,0,0,0,0,0,0,0,0,0,0,0,0,0,0,0,0,0,0,0,0,0,0,0,0,0,0.0,0.0,0.0,0.0,0.0,0.0,0.0,0.0,0.0,0.0,0.0,0.0
Arsenal,game_state,1983567,against,Level,257,11,154,119,143,68,41,45,36,83,4,0,8,2,23,8,0,30,17,24,6,8,130,2,5,2,8,1,4,3,3,5,1,0,0,0,0,0,0,0,0,5,1,14,5,35,17,49,22,0,9,2,13,24,8,30,37,23,2,9,7,51,80.0,177.0,437.0,563.64,2682.246879616024,3792.81,0.0,1.0,1.0,0.0,12.0,8.0
Arsenal,game_state,1983567,against,+1,195,15,128,97,120,69,24,35,56,41,7,3,8,3,25,15,0,51,34,32,20,23,96,2,2,2,4,1,1,2,4,0,1,0,0,0,0,0,0,0,0,4,2,18,7,25,9,43,16,0,3,3,7,12,2,17,19,11,0,9,4,42,58.0,144.0,501.0,733.11,2495.9407812294394,2786.595,1.0,0.0,1.0,0.0,8.0,4.0
Arsenal,game_state,1983567,against,+2 or better,2,0,2,1,2,1,1,0,0,1,0,0,0,0,1,0,0,1,0,0,0,0,2,0,0,0,0,0,0,0,0,0,0,0,0,0,0,0,0,0,0,0,0,0,0,0,0,0,0,0,0,0,0,0,0,0,0,0,0,0,0,1,1.0,2.0,1.0,-24.255,24.314502359702942,52.29,0.0,0.0,0.0,0.0,0.0,0.0
Arsenal,game_state,1983567,for,-2 or worse,0,0,0,0,0,0,0,0,0,0,0,0,0,0,0,0,0,0,0,0,0,0,0,0,0,0,0,0,0,0,0,0,0,0,0,0,0,0,0,0,0,0,0,0,0,0,0,0,0,0,0,0,0,0,0,0,0,0,0,0,0,0,0.0,0.0,0.0,0.0,0.0,0.0,0.0,0.0,0.0,0.0,0.0,0.0
Arsenal,game_state,1983567,for,-1,0,0,0,0,0,0,0,0,0,0,0,0,0,0,0,0,0,0,0,0,0,0,0,0,0,0,0,0,0,0,0,0,0,0,0,0,0,0,0,0,0,0,0,0,0,0,0,0,0,0,0,0,0,0,0,0,0,0,0,0,0,0,0.0,0.0,0.0,0.0,0.0,0.0,0.0,0.0,0.0,0.0,0.0,0.0
Arsenal,game_state,1983567,for,Level,390,12,280,243,265,110,60,110,114,129,4,2,5,2,22,12,1,79,61,61,21,36,219,1,6,3,6,3,2,1,4,2,2,1,1,0,1,1,0,0,0,8,2,14,9,34,17,48,26,0,6,4,12,11,5,23,23,17,1,7,9,58,72.0,306.0,1018.0,1158.465,4710.912712574822,3006.885,1.0,2.0,0.0,0.0,11.0,6.0
Arsenal,game_state,1983567,for,+1,177,7,106,77,97,60,9,37,40,37,1,0,2,1,17,5,1,39,25,23,10,17,83,1,4,2,5,2,2,1,4,1,2,0,1,1,0,1,0,0,0,3,0,18,11,27,16,45,27,0,7,4,12,14,3,20,26,10,2,4,9,43,55.0,114.0,351.0,800.835,1644.0700826028954,2192.295,1.0,2.0,1.0,0.0,15.0,5.0
Arsenal,game_state,1983567,for,+2 or better,0,0,0,0,0,0,0,0,0,0,0,0,0,0,0,0,0,0,0,0,0,0,0,0,0,0,0,0,0,0,0,0,0,0,0,0,0,0,0,0,0,0,0,0,0,0,0,0,0,0,0,0,0,0,0,0,0,0,0,0,0,0,0.0,0.0,0.0,0.0,0.0,0.0,0.0,0.0,0.0,0.0,0.0,0.0
Arsenal,total,1983567,against,Season,454,26,284,217,265,138,66,80,92,125,11,3,16,5,49,23,0,82,51,56,26,31,228,4,7,4,12,2,5,5,7,5,2,0,0,0,0,0,0,0,0,9,3,32,12,60,26,92,38,0,12,5,20,36,10,47,56,34,2,18,11,94,139.0,323.0,939.0,1272.495,5202.502163205167,6631.695,1.0,1.0,2.0,0.0,20.0,12.0
Arsenal,total,1983567,for,Season,567,19,386,320,362,170,69,147,154,166,5,2,7,3,39,17,2,118,86,84,31,53,302,2,10,5,11,5,4,2,8,3,4,1,2,1,1,2,0,0,0,11,2,32,20,61,33,93,53,0,13,8,24,25,8,43,49,27,3,11,18,101,127.0,420.0,1369.0,1959.3,6354.982795177718,5199.18,2.0,4.0,1.0,0.0,26.0,11.0
Chelsea,time_block,1983568,against,0-15,83,11,58,45,55,28,11,19,24,21,1,0,3,1,5,0,0,17,12,11,4,11,47,1,2,2,4,4,0,0,4,0,4,0,0,0,0,0,0,0,0,0,0,11,4,8,4,19,8,0,0,0,4,4,1,4,8,2,1,2,4,15,25.0,72.0,181.0,159.18000000000004,958.3094219495927,1461.18,0.0,0.0,1.0,0.0,1.0,4.0
Chelsea,time_block,1983568,against,16-30,114,11,76,68,73,33,16,27,50,18,3,1,4,1,6,3,1,44,39,37,8,18,39,1,5,4,5,2,0,3,4,1,1,1,1,0,1,1,0,0,0,2,1,1,1,9,6,10,7,0,4,2,4,7,0,7,11,5,0,1,1,12,24.0,75.0,238.0,448.455,1238.7182020339378,1229.445,2.0,2.0,0.0,0.0,4.0,5.0
Chelsea,time_block,1983568,against,31-45,127,4,108,90,99,45,20,43,57,33,2,0,2,0,9,3,1,56,46,46,9,20,62,0,1,1,1,0,1,0,1,0,0,0,0,0,0,0,0,0,0,1,1,5,2,11,6,16,8,0,0,1,1,5,1,5,6,4,0,3,5,23,27.0,110.0,304.0,405.72,1634.0157013709313,1173.165,1.0,0.0,2.0,0.0,3.0,1.0
Chelsea,time_block,1983568,against,46-60,122,7,94,83,89,36,25,33,60,23,4,0,4,0,8,5,0,43,37,35,11,16,59,0,4,4,4,2,0,2,2,2,2,0,1,1,0,1,0,0,0,2,1,4,1,13,7,17,8,0,2,1,0,5,1,7,5,6,1,2,4,14,25.0,101.0,242.0,315.94500000000005,1457.2502344362417,1290.45,0.0,2.0,0.0,0.0,2.0,4.0
Chelsea,time_block,1983568,against,61-75,92,11,61,55,58,26,10,25,24,31,1,0,3,2,7,3,1,20,17,17,3,6,44,3,2,2,2,1,0,1,2,0,1,0,0,0,0,0,0,0,0,0,0,4,4,6,2,10,6,1,0,1,6,3,2,4,9,3,0,1,1,12,18.0,66.0,171.0,246.85500000000002,985.1526148306582,783.1949999999999,0.0,1.0,0.0,0.0,4.0,2.0
Chelsea,time_block,1983568,against,76+,98,0,64,49,61,34,17,13,35,14,0,0,0,0,10,4,1,25,15,13,6,4,51,0,0,0,0,0,0,0,0,0,0,0,0,0,0,0,0,0,0,3,0,4,1,12,5,16,6,0,4,4,8,5,3,15,13,8,0,4,1,19,22.0,67.0,184.0,187.52999999999997,1074.5523297369411,842.52,0.0,0.0,0.0,0.0,5.0,0.0
Chelsea,time_block,1983568,for,0-15,58,4,35,22,30,18,9,8,5,17,0,0,0,0,12,4,0,9,3,3,2,4,32,0,1,1,1,1,0,0,0,1,0,1,1,0,1,1,0,0,0,2,1,11,7,9,4,20,11,0,1,1,4,2,1,7,6,4,0,4,2,19,23.0,35.0,91.0,90.72,446.6738983692378,885.885,0.0,0.0,1.0,0.0,6.0,1.0
Chelsea,time_block,1983568,for,16-30,114,6,83,72,82,30,24,29,48,24,0,0,0,0,9,5,0,38,32,33,5,12,50,0,3,1,3,2,1,0,1,2,0,2,0,0,0,0,0,0,0,1,0,1,0,8,2,9,2,0,1,3,4,10,2,8,14,4,1,1,1,17,21.0,85.0,287.0,331.275,1394.53729979738,844.935,1.0,0.0,1.0,0.0,4.0,3.0
Chelsea,time_block,1983568,for,31-45,81,3,54,42,47,27,11,16,26,16,3,0,3,0,11,3,0,25,17,14,7,13,40,0,2,0,2,0,2,0,1,1,0,0,0,0,0,0,0,0,0,1,0,5,3,13,6,18,9,1,2,1,6,6,2,11,12,8,1,5,3,15,25.0,59.0,176.0,215.88,863.0442442640342,1015.56,0.0,1.0,1.0,0.0,3.0,2.0
Chelsea,time_block,1983568,for,46-60,83,2,56,47,52,26,12,18,20,27,0,0,0,0,8,3,0,10,7,7,2,6,49,0,1,1,1,0,1,0,0,1,0,0,0,0,0,0,0,0,0,2,1,4,3,12,5,16,8,0,2,0,5,4,1,8,9,3,1,4,2,12,17.0,58.0,188.0,227.325,934.158530003529,552.405,0.0,0.0,1.0,0.0,4.0,1.0
Chelsea,time_block,1983568,for,61-75,93,2,68,60,66,33,14,21,42,18,4,0,5,0,4,1,1,25,19,20,6,12,48,1,0,0,3,1,1,1,1,2,1,0,0,0,0,0,0,0,0,0,0,4,0,5,4,9,4,0,3,0,4,5,0,4,9,3,0,1,1,9,20.0,78.0,234.0,351.225,1163.5382157231663,1117.41,1.0,0.0,0.0,0.0,1.0,3.0
Chelsea,time_block,1983568,for,76+,123,9,88,71,84,30,15,43,36,35,4,1,6,1,5,2,0,23,13,18,5,5,70,2,1,0,3,1,1,1,2,1,1,0,0,0,0,0,0,0,0,3,0,4,3,13,7,17,10,0,3,2,2,7,1,7,9,2,0,1,4,25,33.0,98.0,262.0,387.03000000000003,1391.5406439510105,1754.76,0.0,2.0,0.0,0.0,6.0,3.0
Chelsea,game_state,1983568,against,-2 or worse,0,0,0,0,0,0,0,0,0,0,0,0,0,0,0,0,0,0,0,0,0,0,0,0,0,0,0,0,0,0,0,0,0,0,0,0,0,0,0,0,0,0,0,0,0,0,0,0,0,0,0,0,0,0,0,0,0,0,0,0,0,0,0.0,0.0,0.0,0.0,0.0,0.0,0.0,0.0,0.0,0.0,0.0,0.0
Chelsea,game_state,1983568,against,-1,271,16,184,156,174,83,42,59,98,58,5,0,7,2,22,11,2,74,56,53,15,21,131,3,4,4,4,2,0,2,3,1,2,0,0,0,0,0,0,0,0,5,1,11,6,30,13,41,19,1,6,6,14,11,5,25,25,16,1,7,5,41,58.0,198.0,495.0,688.1700000000001,2958.063493373419,2611.665,0.0,2.0,0.0,0.0,10.0,4.0
Chelsea,game_state,1983568,against,Level,201,7,159,131,147,66,33,60,81,50,3,0,3,0,15,4,1,76,62,61,15,27,98,0,3,3,3,1,1,1,2,1,1,0,1,1,0,1,0,0,0,2,2,11,3,18,10,29,13,0,1,3,7,10,2,11,17,9,0,5,7,35,44.0,165.0,443.0,523.005,2401.693462688263,1902.075,1.0,1.0,2.0,0.0,6.0,3.0
Chelsea,game_state,1983568,against,+1,164,21,118,103,114,53,24,41,71,32,3,1,6,2,8,3,1,55,48,45,11,27,73,2,7,6,9,6,0,3,8,1,5,1,1,0,1,1,0,0,0,1,0,7,4,11,7,18,11,0,3,0,2,8,1,6,10,3,1,1,4,19,39.0,128.0,382.0,552.51,1988.2415482966207,2266.215,2.0,2.0,1.0,0.0,3.0,9.0
Chelsea,game_state,1983568,against,+2 or better,0,0,0,0,0,0,0,0,0,0,0,0,0,0,0,0,0,0,0,0,0,0,0,0,0,0,0,0,0,0,0,0,0,0,0,0,0,0,0,0,0,0,0,0,0,0,0,0,0,0,0,0,0,0,0,0,0,0,0,0,0,0,0.0,0.0,0.0,0.0,0.0,0.0,0.0,0.0,0.0,0.0,0.0,0.0
Chelsea,game_state,1983568,for,-2 or worse,0,0,0,0,0,0,0,0,0,0,0,0,0,0,0,0,0,0,0,0,0,0,0,0,0,0,0,0,0,0,0,0,0,0,0,0,0,0,0,0,0,0,0,0,0,0,0,0,0,0,0,0,0,0,0,0,0,0,0,0,0,0,0.0,0.0,0.0,0.0,0.0,0.0,0.0,0.0,0.0,0.0,0.0,0.0
Chelsea,game_state,1983568,for,-1,286,13,201,171,192,83,39,79,93,78,8,1,11,1,13,5,1,58,39,45,13,21,156,3,2,1,7,2,3,2,3,4,2,0,0,0,0,0,0,0,0,5,1,11,5,29,16,40,21,0,8,2,11,14,2,18,25,7,1,5,7,41,65.0,223.0,657.0,939.12,3388.81812560436,3260.88,1.0,2.0,1.0,0.0,10.0,7.0
Chelsea,game_state,1983568,for,Level,161,8,117,92,107,53,30,34,66,26,3,0,3,0,21,6,0,51,37,35,11,25,82,0,4,2,4,1,3,0,2,2,0,1,1,0,1,1,0,0,0,1,0,11,8,20,9,31,17,1,3,1,9,12,3,16,21,13,2,7,5,31,45.0,123.0,355.0,320.03999999999996,1634.334116921491,1998.465,0.0,1.0,2.0,0.0,6.0,4.0
Chelsea,game_state,1983568,for,+1,105,5,66,51,62,28,16,22,18,33,0,0,0,0,15,7,0,21,15,15,3,6,51,0,2,0,2,2,0,0,0,2,0,2,0,0,0,0,0,0,0,3,1,7,3,11,3,18,6,0,1,4,5,8,2,11,13,4,0,4,1,25,29.0,67.0,226.0,344.29499999999996,1170.340589582507,911.61,1.0,0.0,1.0,0.0,8.0,2.0
Chelsea,game_state,1983568,for,+2 or better,0,0,0,0,0,0,0,0,0,0,0,0,0,0,0,0,0,0,0,0,0,0,0,0,0,0,0,0,0,0,0,0,0,0,0,0,0,0,0,0,0,0,0,0,0,0,0,0,0,0,0,0,0,0,0,0,0,0,0,0,0,0,0.0,0.0,0.0,0.0,0.0,0.0,0.0,0.0,0.0,0.0,0.0,0.0
Chelsea,total,1983568,against,Season,636,44,461,390,435,202,99,160,250,140,11,1,16,4,45,18,4,205,166,159,41,75,302,5,14,13,16,9,1,6,13,3,8,1,2,1,1,2,0,0,0,8,3,29,13,59,30,88,43,1,10,9,23,29,8,42,52,28,2,13,16,95,141.0,491.0,1320.0,1763.6850000000002,7347.998504358303,6779.955,3.0,5.0,3.0,0.0,19.0,16.0
Chelsea,total,1983568,for,Season,552,26,384,314,361,164,85,135,177,137,11,1,14,1,49,18,1,130,91,95,27,52,289,3,8,3,13,5,6,2,5,8,2,3,1,0,1,1,0,0,0,9,2,29,16,60,28,89,44,1,12,7,25,34,7,45,59,24,3,16,13,97,139.0,413.0,1238.0,1603.455,6193.492832108358,6170.955,2.0,3.0,4.0,0.0,24.0,13.0
Arsenal,time_block,1983568,against,0-15,58,4,35,22,30,18,9,8,5,17,0,0,0,0,12,4,0,9,3,3,2,4,32,0,1,1,1,1,0,0,0,1,0,1,1,0,1,1,0,0,0,2,1,11,7,9,4,20,11,0,1,1,4,2,1,7,6,4,0,4,2,19,23.0,35.0,91.0,90.72,446.6738983692378,885.885,0.0,0.0,1.0,0.0,6.0,1.0
Arsenal,time_block,1983568,against,16-30,114,6,83,72,82,30,24,29,48,24,0,0,0,0,9,5,0,38,32,33,5,12,50,0,3,1,3,2,1,0,1,2,0,2,0,0,0,0,0,0,0,1,0,1,0,8,2,9,2,0,1,3,4,10,2,8,14,4,1,1,1,17,21.0,85.0,287.0,331.275,1394.53729979738,844.935,1.0,0.0,1.0,0.0,4.0,3.0
Arsenal,time_block,1983568,against,31-45,81,3,54,42,47,27,11,16,26,16,3,0,3,0,11,3,0,25,17,14,7,13,40,0,2,0,2,0,2,0,1,1,0,0,0,0,0,0,0,0,0,1,0,5,3,13,6,18,9,1,2,1,6,6,2,11,12,8,1,5,3,15,25.0,59.0,176.0,215.88,863.0442442640342,1015.56,0.0,1.0,1.0,0.0,3.0,2.0
Arsenal,time_block,1983568,against,46-60,83,2,56,47,52,26,12,18,20,27,0,0,0,0,8,3,0,10,7,7,2,6,49,0,1,1,1,0,1,0,0,1,0,0,0,0,0,0,0,0,0,2,1,4,3,12,5,16,8,0,2,0,5,4,1,8,9,3,1,4,2,12,17.0,58.0,188.0,227.325,934.158530003529,552.405,0.0,0.0,1.0,0.0,4.0,1.0
Arsenal,time_block,1983568,against,61-75,93,2,68,60,66,33,14,21,42,18,4,0,5,0,4,1,1,25,19,20,6,12,48,1,0,0,3,1,1,1,1,2,1,0,0,0,0,0,0,0,0,0,0,4,0,5,4,9,4,0,3,0,4,5,0,4,9,3,0,1,1,9,20.0,78.0,234.0,351.225,1163.5382157231663,1117.41,1.0,0.0,0.0,0.0,1.0,3.0
Arsenal,time_block,1983568,against,76+,123,9,88,71,84,30,15,43,36,35,4,1,6,1,5,2,0,23,13,18,5,5,70,2,1,0,3,1,1,1,2,1,1,0,0,0,0,0,0,0,0,3,0,4,3,13,7,17,10,0,3,2,2,7,1,7,9,2,0,1,4,25,33.0,98.0,262.0,387.03000000000003,1391.5406439510105,1754.76,0.0,2.0,0.0,0.0,6.0,3.0
Arsenal,time_block,1983568,for,0-15,83,11,58,45,55,28,11,19,24,21,1,0,3,1,5,0,0,17,12,11,4,11,47,1,2,2,4,4,0,0,4,0,4,0,0,0,0,0,0,0,0,0,0,11,4,8,4,19,8,0,0,0,4,4,1,4,8,2,1,2,4,15,25.0,72.0,181.0,159.18000000000004,958.3094219495927,1461.18,0.0,0.0,1.0,0.0,1.0,4.0
Arsenal,time_block,1983568,for,16-30,114,11,76,68,73,33,16,27,50,18,3,1,4,1,6,3,1,44,39,37,8,18,39,1,5,4,5,2,0,3,4,1,1,1,1,0,1,1,0,0,0,2,1,1,1,9,6,10,7,0,4,2,4,7,0,7,11,5,0,1,1,12,24.0,75.0,238.0,448.455,1238.7182020339378,1229.445,2.0,2.0,0.0,0.0,4.0,5.0
Arsenal,time_block,1983568,for,31-45,127,4,108,90,99,45,20,43,57,33,2,0,2,0,9,3,1,56,46,46,9,20,62,0,1,1,1,0,1,0,1,0,0,0,0,0,0,0,0,0,0,1,1,5,2,11,6,16,8,0,0,1,1,5,1,5,6,4,0,3,5,23,27.0,110.0,304.0,405.72,1634.0157013709313,1173.165,1.0,0.0,2.0,0.0,3.0,1.0
Arsenal,time_block,1983568,for,46-60,122,7,94,83,89,36,25,33,60,23,4,0,4,0,8,5,0,43,37,35,11,16,59,0,4,4,4,2,0,2,2,2,2,0,1,1,0,1,0,0,0,2,1,4,1,13,7,17,8,0,2,1,0,5,1,7,5,6,1,2,4,14,25.0,101.0,242.0,315.94500000000005,1457.2502344362417,1290.45,0.0,2.0,0.0,0.0,2.0,4.0
Arsenal,time_block,1983568,for,61-75,92,11,61,55,58,26,10,25,24,31,1,0,3,2,7,3,1,20,17,17,3,6,44,3,2,2,2,1,0,1,2,0,1,0,0,0,0,0,0,0,0,0,0,4,4,6,2,10,6,1,0,1,6,3,2,4,9,3,0,1,1,12,18.0,66.0,171.0,246.85500000000002,985.1526148306582,783.1949999999999,0.0,1.0,0.0,0.0,4.0,2.0
Arsenal,time_block,1983568,for,76+,98,0,64,49,61,34,17,13,35,14,0,0,0,0,10,4,1,25,15,13,6,4,51,0,0,0,0,0,0,0,0,0,0,0,0,0,0,0,0,0,0,3,0,4,1,12,5,16,6,0,4,4,8,5,3,15,13,8,0,4,1,19,22.0,67.0,184.0,187.52999999999997,1074.5523297369411,842.52,0.0,0.0,0.0,0.0,5.0,0.0
Arsenal,game_state,1983568,against,-2 or worse,0,0,0,0,0,0,0,0,0,0,0,0,0,0,0,0,0,0,0,0,0,0,0,0,0,0,0,0,0,0,0,0,0,0,0,0,0,0,0,0,0,0,0,0,0,0,0,0,0,0,0,0,0,0,0,0,0,0,0,0,0,0,0.0,0.0,0.0,0.0,0.0,0.0,0.0,0.0,0.0,0.0,0.0,0.0
Arsenal,game_state,1983568,against,-1,105,5,66,51,62,28,16,22,18,33,0,0,0,0,15,7,0,21,15,15,3,6,51,0,2,0,2,2,0,0,0,2,0,2,0,0,0,0,0,0,0,3,1,7,3,11,3,18,6,0,1,4,5,8,2,11,13,4,0,4,1,25,29.0,67.0,226.0,344.29499999999996,1170.340589582507,911.61,1.0,0.0,1.0,0.0,8.0,2.0
Arsenal,game_state,1983568,against,Level,161,8,117,92,107,53,30,34,66,26,3,0,3,0,21,6,0,51,37,35,11,25,82,0,4,2,4,1,3,0,2,2,0,1,1,0,1,1,0,0,0,1,0,11,8,20,9,31,17,1,3,1,9,12,3,16,21,13,2,7,5,31,45.0,123.0,355.0,320.03999999999996,1634.334116921491,1998.465,0.0,1.0,2.0,0.0,6.0,4.0
Arsenal,game_state,1983568,against,+1,286,13,201,171,192,83,39,79,93,78,8,1,11,1,13,5,1,58,39,45,13,21,156,3,2,1,7,2,3,2,3,4,2,0,0,0,0,0,0,0,0,5,1,11,5,29,16,40,21,0,8,2,11,14,2,18,25,7,1,5,7,41,65.0,223.0,657.0,939.12,3388.81812560436,3260.88,1.0,2.0,1.0,0.0,10.0,7.0
Arsenal,game_state,1983568,against,+2 or better,0,0,0,0,0,0,0,0,0,0,0,0,0,0,0,0,0,0,0,0,0,0,0,0,0,0,0,0,0,0,0,0,0,0,0,0,0,0,0,0,0,0,0,0,0,0,0,0,0,0,0,0,0,0,0,0,0,0,0,0,0,0,0.0,0.0,0.0,0.0,0.0,0.0,0.0,0.0,0.0,0.0,0.0,0.0
Arsenal,game_state,1983568,for,-2 or worse,0,0,0,0,0,0,0,0,0,0,0,0,0,0,0,0,0,0,0,0,0,0,0,0,0,0,0,0,0,0,0,0,0,0,0,0,0,0,0,0,0,0,0,0,0,0,0,0,0,0,0,0,0,0,0,0,0,0,0,0,0,0,0.0,0.0,0.0,0.0,0.0,0.0,0.0,0.0,0.0,0.0,0.0,0.0
Arsenal,game_state,1983568,for,-1,164,21,118,103,114,53,24,41,71,32,3,1,6,2,8,3,1,55,48,45,11,27,73,2,7,6,9,6,0,3,8,1,5,1,1,0,1,1,0,0,0,1,0,7,4,11,7,18,11,0,3,0,2,8,1,6,10,3,1,1,4,19,39.0,128.0,382.0,552.51,1988.2415482966207,2266.215,2.0,2.0,1.0,0.0,3.0,9.0
Arsenal,game_state,1983568,for,Level,201,7,159,131,147,66,33,60,81,50,3,0,3,0,15,4,1,76,62,61,15,27,98,0,3,3,3,1,1,1,2,1,1,0,1,1,0,1,0,0,0,2,2,11,3,18,10,29,13,0,1,3,7,10,2,11,17,9,0,5,7,35,44.0,165.0,443.0,523.005,2401.693462688263,1902.075,1.0,1.0,2.0,0.0,6.0,3.0
Arsenal,game_state,1983568,for,+1,271,16,184,156,174,83,42,59,98,58,5,0,7,2,22,11,2,74,56,53,15,21,131,3,4,4,4,2,0,2,3,1,2,0,0,0,0,0,0,0,0,5,1,11,6,30,13,41,19,1,6,6,14,11,5,25,25,16,1,7,5,41,58.0,198.0,495.0,688.1700000000001,2958.063493373419,2611.665,0.0,2.0,0.0,0.0,10.0,4.0
Arsenal,game_state,1983568,for,+2 or better,0,0,0,0,0,0,0,0,0,0,0,0,0,0,0,0,0,0,0,0,0,0,0,0,0,0,0,0,0,0,0,0,0,0,0,0,0,0,0,0,0,0,0,0,0,0,0,0,0,0,0,0,0,0,0,0,0,0,0,0,0,0,0.0,0.0,0.0,0.0,0.0,0.0,0.0,0.0,0.0,0.0,0.0,0.0
Arsenal,total,1983568,against,Season,552,26,384,314,361,164,85,135,177,137,11,1,14,1,49,18,1,130,91,95,27,52,289,3,8,3,13,5,6,2,5,8,2,3,1,0,1,1,0,0,0,9,2,29,16,60,28,89,44,1,12,7,25,34,7,45,59,24,3,16,13,97,139.0,413.0,1238.0,1603.455,6193.492832108358,6170.955,2.0,3.0,4.0,0.0,24.0,13.0
Arsenal,total,1983568,for,Season,636,44,461,390,435,202,99,160,250,140,11,1,16,4,45,18,4,205,166,159,41,75,302,5,14,13,16,9,1,6,13,3,8,1,2,1,1,2,0,0,0,8,3,29,13,59,30,88,43,1,10,9,23,29,8,42,52,28,2,13,16,95,141.0,491.0,1320.0,1763.6850000000002,7347.998504358303,6779.955,3.0,5.0,3.0,0.0,19.0,16.0
Everton,time_block,1983569,against,0-15,191,12,153,148,151,41,28,84,117,31,6,2,6,2,3,3,0,48,45,43,18,14,110,0,3,2,4,0,1,3,2,2,0,0,0,0,0,0,0,0,0,9,5,1,1,18,9,19,10,0,3,1,3,8,1,8,11,8,1,2,1,14,22.0,174.0,447.0,379.89,2391.5779511888722,1318.905,1.0,0.0,0.0,0.0,1.0,4.0
Everton,time_block,1983569,against,16-30,134,7,96,92,95,33,14,49,56,36,0,0,1,0,4,2,1,27,25,17,10,12,79,1,0,0,1,0,1,0,1,0,0,0,0,0,0,0,0,0,0,4,2,3,1,17,5,20,6,0,3,1,6,5,2,10,11,9,2,2,0,17,18.0,91.0,262.0,279.825,1272.0855140658218,871.29,1.0,0.0,2.0,0.0,2.0,1.0
Everton,time_block,1983569,against,31-45,127,4,100,91,95,26,20,54,47,44,1,0,2,0,5,2,0,28,23,24,9,8,76,1,2,1,2,0,1,1,1,1,0,0,0,0,0,0,0,0,0,6,1,5,3,16,4,21,7,0,0,2,2,7,1,9,9,8,3,3,3,16,23.0,110.0,294.0,396.06,1605.5993859970063,1012.515,0.0,0.0,1.0,1.0,3.0,2.0
Everton,time_block,1983569,against,46-60,137,2,108,100,108,32,21,55,58,42,2,0,2,0,3,2,0,32,28,26,13,12,82,0,1,0,1,1,0,0,0,1,0,1,0,0,0,0,0,0,0,3,1,3,1,12,3,15,4,0,2,0,8,9,1,7,17,6,2,2,0,16,17.0,107.0,289.0,224.805,1480.8803543986064,927.885,0.0,0.0,4.0,0.0,1.0,1.0
Everton,time_block,1983569,against,61-75,108,8,77,67,75,36,21,20,34,33,4,1,4,1,4,2,0,24,20,23,5,14,54,0,1,1,1,0,0,1,1,0,0,0,0,0,0,0,0,0,0,4,1,3,2,10,4,13,6,0,2,0,6,7,2,6,13,3,0,2,1,15,20.0,82.0,240.0,302.295,1241.5717652025962,835.8,1.0,2.0,1.0,0.0,3.0,1.0
Everton,time_block,1983569,against,76+,152,6,110,101,104,41,24,45,79,22,6,2,8,2,6,4,0,49,43,41,11,17,69,3,3,1,5,1,1,3,3,2,0,1,0,0,0,0,0,0,0,2,1,4,1,13,7,17,8,0,3,3,4,5,0,9,9,7,0,3,3,15,28.0,125.0,332.0,290.32500000000005,1672.412167046503,1577.625,1.0,0.0,0.0,0.0,3.0,5.0
Everton,time_block,1983569,for,0-15,93,0,59,53,55,23,15,21,9,44,1,0,2,0,7,3,0,2,1,1,0,3,58,1,0,0,1,0,1,0,0,1,0,0,0,0,0,0,0,0,0,2,1,1,0,16,7,17,7,0,4,1,7,5,1,12,12,3,5,1,2,14,16.0,63.0,177.0,183.33000000000004,1076.5429453863562,563.115,0.0,0.0,0.0,0.0,5.0,1.0
Everton,time_block,1983569,for,16-30,103,4,72,56,67,27,11,34,34,22,4,0,4,0,5,0,0,26,18,23,3,7,49,1,2,2,2,0,0,2,1,1,0,0,0,0,0,0,0,0,0,3,2,3,2,17,12,20,14,0,8,0,0,9,0,10,9,2,2,0,2,21,28.0,79.0,174.0,133.66500000000002,824.6470987420734,1316.91,0.0,0.0,2.0,1.0,8.0,2.0
Everton,time_block,1983569,for,31-45,111,0,84,74,80,29,19,36,26,48,2,0,3,0,11,5,0,7,4,2,3,4,82,1,0,0,1,1,0,0,0,1,0,1,0,0,0,0,0,0,0,4,3,5,2,14,9,19,11,0,3,3,1,8,1,11,9,8,1,3,3,12,20.0,90.0,231.0,187.63500000000002,1181.6836000868257,757.785,0.0,0.0,0.0,0.0,3.0,1.0
Everton,time_block,1983569,for,46-60,109,3,72,62,68,30,20,22,15,47,1,1,3,1,8,3,1,16,10,11,3,5,61,2,2,2,3,1,0,2,3,0,1,0,0,0,0,0,0,0,0,3,2,3,2,12,9,15,11,0,5,2,3,7,2,10,10,7,1,0,2,17,23.0,82.0,259.0,232.155,1354.6786760349369,1105.02,0.0,0.0,1.0,0.0,3.0,3.0
Everton,time_block,1983569,for,61-75,89,7,63,53,59,25,14,24,33,20,4,2,4,2,6,1,0,20,14,16,5,7,47,0,3,3,4,1,2,1,4,0,1,0,0,0,0,0,0,0,0,2,0,3,1,8,4,11,5,0,2,2,4,4,0,6,8,2,1,1,2,12,21.0,75.0,200.0,160.755,968.8274216486386,1073.31,0.0,0.0,1.0,1.0,2.0,4.0
Everton,time_block,1983569,for,76+,63,5,31,21,28,15,6,10,9,12,0,0,1,1,11,4,0,13,8,7,1,2,24,1,1,1,1,0,0,1,1,0,0,0,0,0,0,0,0,0,0,0,0,4,3,12,5,16,8,0,2,0,7,4,1,7,11,5,1,3,3,15,18.0,33.0,111.0,146.79,489.6791541937055,715.05,0.0,0.0,0.0,0.0,5.0,1.0
Everton,game_state,1983569,against,-2 or worse,0,0,0,0,0,0,0,0,0,0,0,0,0,0,0,0,0,0,0,0,0,0,0,0,0,0,0,0,0,0,0,0,0,0,0,0,0,0,0,0,0,0,0,0,0,0,0,0,0,0,0,0,0,0,0,0,0,0,0,0,0,0,0.0,0.0,0.0,0.0,0.0,0.0,0.0,0.0,0.0,0.0,0.0,0.0
Everton,game_state,1983569,against,-1,0,0,0,0,0,0,0,0,0,0,0,0,0,0,0,0,0,0,0,0,0,0,0,0,0,0,0,0,0,0,0,0,0,0,0,0,0,0,0,0,0,0,0,0,0,0,0,0,0,0,0,0,0,0,0,0,0,0,0,0,0,0,0.0,0.0,0.0,0.0,0.0,0.0,0.0,0.0,0.0,0.0,0.0,0.0
Everton,game_state,1983569,against,Level,849,39,644,599,628,209,128,307,391,208,19,5,23,5,25,15,1,208,184,174,66,77,470,5,10,5,14,2,4,8,8,6,0,2,0,0,0,0,0,0,0,28,11,19,9,86,32,105,41,0,13,7,29,41,7,49,70,41,8,14,8,93,128.0,689.0,1864.0,1873.2,9664.127137899406,6544.0199999999995,4.0,2.0,8.0,1.0,13.0,14.0
Everton,game_state,1983569,against,+1,0,0,0,0,0,0,0,0,0,0,0,0,0,0,0,0,0,0,0,0,0,0,0,0,0,0,0,0,0,0,0,0,0,0,0,0,0,0,0,0,0,0,0,0,0,0,0,0,0,0,0,0,0,0,0,0,0,0,0,0,0,0,0.0,0.0,0.0,0.0,0.0,0.0,0.0,0.0,0.0,0.0,0.0,0.0
Everton,game_state,1983569,against,+2 or better,0,0,0,0,0,0,0,0,0,0,0,0,0,0,0,0,0,0,0,0,0,0,0,0,0,0,0,0,0,0,0,0,0,0,0,0,0,0,0,0,0,0,0,0,0,0,0,0,0,0,0,0,0,0,0,0,0,0,0,0,0,0,0.0,0.0,0.0,0.0,0.0,0.0,0.0,0.0,0.0,0.0,0.0,0.0
Everton,game_state,1983569,for,-2 or worse,0,0,0,0,0,0,0,0,0,0,0,0,0,0,0,0,0,0,0,0,0,0,0,0,0,0,0,0,0,0,0,0,0,0,0,0,0,0,0,0,0,0,0,0,0,0,0,0,0,0,0,0,0,0,0,0,0,0,0,0,0,0,0.0,0.0,0.0,0.0,0.0,0.0,0.0,0.0,0.0,0.0,0.0,0.0
Everton,game_state,1983569,for,-1,0,0,0,0,0,0,0,0,0,0,0,0,0,0,0,0,0,0,0,0,0,0,0,0,0,0,0,0,0,0,0,0,0,0,0,0,0,0,0,0,0,0,0,0,0,0,0,0,0,0,0,0,0,0,0,0,0,0,0,0,0,0,0.0,0.0,0.0,0.0,0.0,0.0,0.0,0.0,0.0,0.0,0.0,0.0
Everton,game_state,1983569,for,Level,568,19,381,319,357,149,85,147,126,193,12,3,17,4,48,16,1,84,55,60,15,28,321,6,8,8,12,3,3,6,9,3,2,1,0,0,0,0,0,0,0,14,8,19,10,79,46,98,56,0,24,8,22,37,5,56,59,27,11,8,14,91,126.0,422.0,1152.0,1044.3300000000002,5896.058896092536,5531.19,0.0,0.0,4.0,2.0,26.0,12.0
Everton,game_state,1983569,for,+1,0,0,0,0,0,0,0,0,0,0,0,0,0,0,0,0,0,0,0,0,0,0,0,0,0,0,0,0,0,0,0,0,0,0,0,0,0,0,0,0,0,0,0,0,0,0,0,0,0,0,0,0,0,0,0,0,0,0,0,0,0,0,0.0,0.0,0.0,0.0,0.0,0.0,0.0,0.0,0.0,0.0,0.0,0.0
Everton,game_state,1983569,for,+2 or better,0,0,0,0,0,0,0,0,0,0,0,0,0,0,0,0,0,0,0,0,0,0,0,0,0,0,0,0,0,0,0,0,0,0,0,0,0,0,0,0,0,0,0,0,0,0,0,0,0,0,0,0,0,0,0,0,0,0,0,0,0,0,0.0,0.0,0.0,0.0,0.0,0.0,0.0,0.0,0.0,0.0,0.0,0.0
Everton,total,1983569,against,Season,849,39,644,599,628,209,128,307,391,208,19,5,23,5,25,15,1,208,184,174,66,77,470,5,10,5,14,2,4,8,8,6,0,2,0,0,0,0,0,0,0,28,11,19,9,86,32,105,41,0,13,7,29,41,7,49,70,41,8,14,8,93,128.0,689.0,1864.0,1873.2,9664.127137899406,6544.0199999999995,4.0,2.0,8.0,1.0,13.0,14.0
Everton,total,1983569,for,Season,568,19,381,319,357,149,85,147,126,193,12,3,17,4,48,16,1,84,55,60,15,28,321,6,8,8,12,3,3,6,9,3,2,1,0,0,0,0,0,0,0,14,8,19,10,79,46,98,56,0,24,8,22,37,5,56,59,27,11,8,14,91,126.0,422.0,1152.0,1044.3300000000002,5896.058896092536,5531.19,0.0,0.0,4.0,2.0,26.0,12.0
Tottenham,time_block,1983569,against,0-15,93,0,59,53,55,23,15,21,9,44,1,0,2,0,7,3,0,2,1,1,0,3,58,1,0,0,1,0,1,0,0,1,0,0,0,0,0,0,0,0,0,2,1,1,0,16,7,17,7,0,4,1,7,5,1,12,12,3,5,1,2,14,16.0,63.0,177.0,183.33000000000004,1076.5429453863562,563.115,0.0,0.0,0.0,0.0,5.0,1.0
Tottenham,time_block,1983569,against,16-30,103,4,72,56,67,27,11,34,34,22,4,0,4,0,5,0,0,26,18,23,3,7,49,1,2,2,2,0,0,2,1,1,0,0,0,0,0,0,0,0,0,3,2,3,2,17,12,20,14,0,8,0,0,9,0,10,9,2,2,0,2,21,28.0,79.0,174.0,133.66500000000002,824.6470987420734,1316.91,0.0,0.0,2.0,1.0,8.0,2.0
Tottenham,time_block,1983569,against,31-45,111,0,84,74,80,29,19,36,26,48,2,0,3,0,11,5,0,7,4,2,3,4,82,1,0,0,1,1,0,0,0,1,0,1,0,0,0,0,0,0,0,4,3,5,2,14,9,19,11,0,3,3,1,8,1,11,9,8,1,3,3,12,20.0,90.0,231.0,187.63500000000002,1181.6836000868257,757.785,0.0,0.0,0.0,0.0,3.0,1.0
Tottenham,time_block,1983569,against,46-60,109,3,72,62,68,30,20,22,15,47,1,1,3,1,8,3,1,16,10,11,3,5,61,2,2,2,3,1,0,2,3,0,1,0,0,0,0,0,0,0,0,3,2,3,2,12,9,15,11,0,5,2,3,7,2,10,10,7,1,0,2,17,23.0,82.0,259.0,232.155,1354.6786760349369,1105.02,0.0,0.0,1.0,0.0,3.0,3.0
Tottenham,time_block,1983569,against,61-75,89,7,63,53,59,25,14,24,33,20,4,2,4,2,6,1,0,20,14,16,5,7,47,0,3,3,4,1,2,1,4,0,1,0,0,0,0,0,0,0,0,2,0,3,1,8,4,11,5,0,2,2,4,4,0,6,8,2,1,1,2,12,21.0,75.0,200.0,160.755,968.8274216486386,1073.31,0.0,0.0,1.0,1.0,2.0,4.0
Tottenham,time_block,1983569,against,76+,63,5,31,21,28,15,6,10,9,12,0,0,1,1,11,4,0,13,8,7,1,2,24,1,1,1,1,0,0,1,1,0,0,0,0,0,0,0,0,0,0,0,0,4,3,12,5,16,8,0,2,0,7,4,1,7,11,5,1,3,3,15,18.0,33.0,111.0,146.79,489.6791541937055,715.05,0.0,0.0,0.0,0.0,5.0,1.0
Tottenham,time_block,1983569,for,0-15,191,12,153,148,151,41,28,84,117,31,6,2,6,2,3,3,0,48,45,43,18,14,110,0,3,2,4,0,1,3,2,2,0,0,0,0,0,0,0,0,0,9,5,1,1,18,9,19,10,0,3,1,3,8,1,8,11,8,1,2,1,14,22.0,174.0,447.0,379.89,2391.5779511888722,1318.905,1.0,0.0,0.0,0.0,1.0,4.0
Tottenham,time_block,1983569,for,16-30,134,7,96,92,95,33,14,49,56,36,0,0,1,0,4,2,1,27,25,17,10,12,79,1,0,0,1,0,1,0,1,0,0,0,0,0,0,0,0,0,0,4,2,3,1,17,5,20,6,0,3,1,6,5,2,10,11,9,2,2,0,17,18.0,91.0,262.0,279.825,1272.0855140658218,871.29,1.0,0.0,2.0,0.0,2.0,1.0
Tottenham,time_block,1983569,for,31-45,127,4,100,91,95,26,20,54,47,44,1,0,2,0,5,2,0,28,23,24,9,8,76,1,2,1,2,0,1,1,1,1,0,0,0,0,0,0,0,0,0,6,1,5,3,16,4,21,7,0,0,2,2,7,1,9,9,8,3,3,3,16,23.0,110.0,294.0,396.06,1605.5993859970063,1012.515,0.0,0.0,1.0,1.0,3.0,2.0
Tottenham,time_block,1983569,for,46-60,137,2,108,100,108,32,21,55,58,42,2,0,2,0,3,2,0,32,28,26,13,12,82,0,1,0,1,1,0,0,0,1,0,1,0,0,0,0,0,0,0,3,1,3,1,12,3,15,4,0,2,0,8,9,1,7,17,6,2,2,0,16,17.0,107.0,289.0,224.805,1480.8803543986064,927.885,0.0,0.0,4.0,0.0,1.0,1.0
Tottenham,time_block,1983569,for,61-75,108,8,77,67,75,36,21,20,34,33,4,1,4,1,4,2,0,24,20,23,5,14,54,0,1,1,1,0,0,1,1,0,0,0,0,0,0,0,0,0,0,4,1,3,2,10,4,13,6,0,2,0,6,7,2,6,13,3,0,2,1,15,20.0,82.0,240.0,302.295,1241.5717652025962,835.8,1.0,2.0,1.0,0.0,3.0,1.0
Tottenham,time_block,1983569,for,76+,152,6,110,101,104,41,24,45,79,22,6,2,8,2,6,4,0,49,43,41,11,17,69,3,3,1,5,1,1,3,3,2,0,1,0,0,0,0,0,0,0,2,1,4,1,13,7,17,8,0,3,3,4,5,0,9,9,7,0,3,3,15,28.0,125.0,332.0,290.32500000000005,1672.412167046503,1577.625,1.0,0.0,0.0,0.0,3.0,5.0
Tottenham,game_state,1983569,against,-2 or worse,0,0,0,0,0,0,0,0,0,0,0,0,0,0,0,0,0,0,0,0,0,0,0,0,0,0,0,0,0,0,0,0,0,0,0,0,0,0,0,0,0,0,0,0,0,0,0,0,0,0,0,0,0,0,0,0,0,0,0,0,0,0,0.0,0.0,0.0,0.0,0.0,0.0,0.0,0.0,0.0,0.0,0.0,0.0
Tottenham,game_state,1983569,against,-1,0,0,0,0,0,0,0,0,0,0,0,0,0,0,0,0,0,0,0,0,0,0,0,0,0,0,0,0,0,0,0,0,0,0,0,0,0,0,0,0,0,0,0,0,0,0,0,0,0,0,0,0,0,0,0,0,0,0,0,0,0,0,0.0,0.0,0.0,0.0,0.0,0.0,0.0,0.0,0.0,0.0,0.0,0.0
Tottenham,game_state,1983569,against,Level,568,19,381,319,357,149,85,147,126,193,12,3,17,4,48,16,1,84,55,60,15,28,321,6,8,8,12,3,3,6,9,3,2,1,0,0,0,0,0,0,0,14,8,19,10,79,46,98,56,0,24,8,22,37,5,56,59,27,11,8,14,91,126.0,422.0,1152.0,1044.3300000000002,5896.058896092536,5531.19,0.0,0.0,4.0,2.0,26.0,12.0
Tottenham,game_state,1983569,against,+1,0,0,0,0,0,0,0,0,0,0,0,0,0,0,0,0,0,0,0,0,0,0,0,0,0,0,0,0,0,0,0,0,0,0,0,0,0,0,0,0,0,0,0,0,0,0,0,0,0,0,0,0,0,0,0,0,0,0,0,0,0,0,0.0,0.0,0.0,0.0,0.0,0.0,0.0,0.0,0.0,0.0,0.0,0.0
Tottenham,game_state,1983569,against,+2 or better,0,0,0,0,0,0,0,0,0,0,0,0,0,0,0,0,0,0,0,0,0,0,0,0,0,0,0,0,0,0,0,0,0,0,0,0,0,0,0,0,0,0,0,0,0,0,0,0,0,0,0,0,0,0,0,0,0,0,0,0,0,0,0.0,0.0,0.0,0.0,0.0,0.0,0.0,0.0,0.0,0.0,0.0,0.0
Tottenham,game_state,1983569,for,-2 or worse,0,0,0,0,0,0,0,0,0,0,0,0,0,0,0,0,0,0,0,0,0,0,0,0,0,0,0,0,0,0,0,0,0,0,0,0,0,0,0,0,0,0,0,0,0,0,0,0,0,0,0,0,0,0,0,0,0,0,0,0,0,0,0.0,0.0,0.0,0.0,0.0,0.0,0.0,0.0,0.0,0.0,0.0,0.0
Tottenham,game_state,1983569,for,-1,0,0,0,0,0,0,0,0,0,0,0,0,0,0,0,0,0,0,0,0,0,0,0,0,0,0,0,0,0,0,0,0,0,0,0,0,0,0,0,0,0,0,0,0,0,0,0,0,0,0,0,0,0,0,0,0,0,0,0,0,0,0,0.0,0.0,0.0,0.0,0.0,0.0,0.0,0.0,0.0,0.0,0.0,0.0
Tottenham,game_state,1983569,for,Level,849,39,644,599,628,209,128,307,391,208,19,5,23,5,25,15,1,208,184,174,66,77,470,5,10,5,14,2,4,8,8,6,0,2,0,0,0,0,0,0,0,28,11,19,9,86,32,105,41,0,13,7,29,41,7,49,70,41,8,14,8,93,128.0,689.0,1864.0,1873.2,9664.127137899406,6544.0199999999995,4.0,2.0,8.0,1.0,13.0,14.0
Tottenham,game_state,1983569,for,+1,0,0,0,0,0,0,0,0,0,0,0,0,0,0,0,0,0,0,0,0,0,0,0,0,0,0,0,0,0,0,0,0,0,0,0,0,0,0,0,0,0,0,0,0,0,0,0,0,0,0,0,0,0,0,0,0,0,0,0,0,0,0,0.0,0.0,0.0,0.0,0.0,0.0,0.0,0.0,0.0,0.0,0.0,0.0
Tottenham,game_state,1983569,for,+2 or better,0,0,0,0,0,0,0,0,0,0,0,0,0,0,0,0,0,0,0,0,0,0,0,0,0,0,0,0,0,0,0,0,0,0,0,0,0,0,0,0,0,0,0,0,0,0,0,0,0,0,0,0,0,0,0,0,0,0,0,0,0,0,0.0,0.0,0.0,0.0,0.0,0.0,0.0,0.0,0.0,0.0,0.0,0.0
Tottenham,total,1983569,against,Season,568,19,381,319,357,149,85,147,126,193,12,3,17,4,48,16,1,84,55,60,15,28,321,6,8,8,12,3,3,6,9,3,2,1,0,0,0,0,0,0,0,14,8,19,10,79,46,98,56,0,24,8,22,37,5,56,59,27,11,8,14,91,126.0,422.0,1152.0,1044.3300000000002,5896.058896092536,5531.19,0.0,0.0,4.0,2.0,26.0,12.0
Tottenham,total,1983569,for,Season,849,39,644,599,628,209,128,307,391,208,19,5,23,5,25,15,1,208,184,174,66,77,470,5,10,5,14,2,4,8,8,6,0,2,0,0,0,0,0,0,0,28,11,19,9,86,32,105,41,0,13,7,29,41,7,49,70,41,8,14,8,93,128.0,689.0,1864.0,1873.2,9664.127137899406,6544.0199999999995,4.0,2.0,8.0,1.0,13.0,14.0
Sunderland,time_block,1983570,against,0-15,46,2,23,16,19,14,2,7,10,6,3,1,4,1,3,2,0,13,10,8,3,8,15,2,1,1,2,0,0,2,1,1,0,0,0,0,0,0,0,0,0,2,1,4,4,9,5,13,9,0,1,3,3,5,1,7,8,5,1,1,3,10,14.0,28.0,61.0,238.03500000000003,453.45499825090684,800.73,0.0,0.0,1.0,0.0,0.0,2.0
Sunderland,time_block,1983570,against,16-30,76,1,55,45,51,29,10,16,13,32,2,0,2,0,5,2,0,17,12,13,3,6,42,0,0,0,0,0,0,0,0,0,0,0,0,0,0,0,0,0,0,2,0,3,1,13,3,16,4,0,3,1,4,3,1,12,7,10,3,4,0,14,17.0,60.0,167.0,346.605,898.7437350314696,638.19,0.0,0.0,1.0,0.0,2.0,0.0
Sunderland,time_block,1983570,against,31-45,167,7,119,100,117,48,31,40,34,66,2,1,3,1,9,5,0,25,20,19,7,12,100,1,2,1,3,0,3,0,1,2,0,0,0,0,0,0,0,0,0,8,3,12,4,17,7,29,11,0,3,2,9,11,2,11,20,9,0,4,1,30,37.0,126.0,405.0,451.08000000000004,1977.1903784946787,1391.9850000000001,1.0,1.0,1.0,0.0,14.0,3.0
Sunderland,time_block,1983570,against,46-60,141,4,98,84,98,42,28,28,45,39,6,1,6,1,10,6,0,30,24,24,9,11,74,0,2,2,3,2,1,0,2,1,2,0,1,1,0,1,0,0,0,7,0,9,6,9,2,18,8,0,1,1,4,8,2,4,12,3,0,0,1,26,34.0,112.0,311.0,188.37,1632.9604770159458,1741.2150000000001,1.0,0.0,1.0,0.0,6.0,3.0
Sunderland,time_block,1983570,against,61-75,67,4,42,25,37,27,3,12,11,14,0,0,0,0,9,5,0,18,9,8,4,6,34,0,0,0,1,0,1,0,1,0,0,0,0,0,0,0,0,0,0,3,1,9,4,13,4,22,8,1,1,1,5,8,1,10,13,9,1,6,1,21,26.0,45.0,105.0,412.86,691.737345965953,917.7,0.0,0.0,1.0,0.0,9.0,1.0
Sunderland,time_block,1983570,against,76+,75,4,34,17,30,22,4,8,7,10,2,0,4,1,13,2,0,17,8,6,3,5,28,1,2,1,3,0,1,2,2,1,0,0,0,0,0,0,0,0,0,4,1,16,6,15,5,31,11,0,1,0,6,5,4,11,11,5,2,4,3,24,36.0,44.0,90.0,180.6,546.7033065917421,1771.56,0.0,0.0,0.0,0.0,12.0,3.0
Sunderland,time_block,1983570,for,0-15,77,5,59,50,58,27,14,18,14,36,1,0,2,0,6,2,0,10,5,6,2,5,53,1,1,1,1,0,0,1,1,0,0,0,0,0,0,0,0,0,0,3,1,4,0,11,4,15,4,0,2,0,2,6,0,6,8,5,1,3,1,12,16.0,62.0,184.0,183.015,1002.5902888704344,707.91,1.0,0.0,0.0,0.0,3.0,1.0
Sunderland,time_block,1983570,for,16-30,120,9,87,78,84,37,28,22,54,24,2,0,3,0,12,8,0,32,28,25,11,18,62,0,1,1,3,0,1,2,3,0,0,0,0,0,0,0,0,0,0,6,3,3,2,13,9,16,11,0,2,1,4,6,0,3,10,2,0,0,4,17,24.0,93.0,274.0,324.345,1479.6605152954535,1088.6399999999999,1.0,1.0,2.0,0.0,6.0,3.0
Sunderland,time_block,1983570,for,31-45,122,12,82,57,76,39,18,25,31,26,2,1,5,2,14,7,1,40,21,27,7,9,55,2,1,1,1,0,0,1,1,0,0,0,0,0,0,0,0,0,0,1,0,12,8,16,9,28,17,0,5,2,4,9,3,14,13,11,3,1,4,32,40.0,92.0,208.0,335.475,1234.2291433218802,2043.615,0.0,0.0,2.0,0.0,6.0,1.0
Sunderland,time_block,1983570,for,46-60,84,2,43,28,42,17,11,15,13,15,0,0,0,0,11,5,0,13,9,13,1,0,30,0,1,1,1,0,0,1,1,0,0,0,0,0,0,0,0,0,0,1,0,9,3,8,6,17,9,0,6,1,6,4,3,11,10,11,0,1,0,20,27.0,49.0,132.0,157.71,662.6343362101516,1140.09,0.0,0.0,1.0,0.0,7.0,1.0
Sunderland,time_block,1983570,for,61-75,87,1,61,44,58,35,13,13,11,33,0,0,2,0,9,5,0,19,10,11,7,7,50,0,1,1,3,1,2,0,1,2,1,0,0,0,0,0,0,0,0,1,1,9,5,12,9,21,14,0,2,1,4,12,1,6,16,3,1,1,6,19,29.0,64.0,129.0,342.405,869.8754135600279,1314.3899999999999,0.0,1.0,1.0,0.0,5.0,3.0
Sunderland,time_block,1983570,for,76+,93,4,52,33,49,28,9,15,8,25,2,0,2,0,13,8,0,22,8,11,6,4,41,0,1,1,5,2,3,0,3,2,1,1,1,1,0,1,0,0,0,4,2,16,10,14,8,30,18,0,2,0,8,10,2,8,18,6,1,3,4,26,35.0,58.0,137.0,396.27,925.5773866633979,1793.6100000000001,0.0,0.0,2.0,0.0,7.0,5.0
Sunderland,game_state,1983570,against,-2 or worse,0,0,0,0,0,0,0,0,0,0,0,0,0,0,0,0,0,0,0,0,0,0,0,0,0,0,0,0,0,0,0,0,0,0,0,0,0,0,0,0,0,0,0,0,0,0,0,0,0,0,0,0,0,0,0,0,0,0,0,0,0,0,0.0,0.0,0.0,0.0,0.0,0.0,0.0,0.0,0.0,0.0,0.0,0.0
Sunderland,game_state,1983570,against,-1,113,6,79,56,73,42,14,23,27,29,1,0,1,0,14,7,0,29,18,17,7,9,62,0,0,0,1,0,1,0,1,0,0,0,0,0,0,0,0,0,0,4,1,12,6,19,6,31,12,1,1,1,6,11,2,14,17,10,2,8,3,28,36.0,83.0,210.0,434.80500000000006,1254.6318960434753,1370.145,1.0,0.0,1.0,0.0,12.0,1.0
Sunderland,game_state,1983570,against,Level,459,16,292,231,279,140,64,88,93,138,14,3,18,4,35,15,0,91,65,61,22,39,231,4,7,5,11,2,5,4,6,5,2,0,1,1,0,1,0,0,0,22,5,41,19,57,20,98,39,0,9,7,25,29,9,41,54,31,5,11,6,97,128.0,332.0,929.0,1382.745,4946.158345307221,5891.235,1.0,1.0,4.0,0.0,31.0,11.0
Sunderland,game_state,1983570,against,+1,0,0,0,0,0,0,0,0,0,0,0,0,0,0,0,0,0,0,0,0,0,0,0,0,0,0,0,0,0,0,0,0,0,0,0,0,0,0,0,0,0,0,0,0,0,0,0,0,0,0,0,0,0,0,0,0,0,0,0,0,0,0,0.0,0.0,0.0,0.0,0.0,0.0,0.0,0.0,0.0,0.0,0.0,0.0
Sunderland,game_state,1983570,against,+2 or better,0,0,0,0,0,0,0,0,0,0,0,0,0,0,0,0,0,0,0,0,0,0,0,0,0,0,0,0,0,0,0,0,0,0,0,0,0,0,0,0,0,0,0,0,0,0,0,0,0,0,0,0,0,0,0,0,0,0,0,0,0,0,0.0,0.0,0.0,0.0,0.0,0.0,0.0,0.0,0.0,0.0,0.0,0.0
Sunderland,game_state,1983570,for,-2 or worse,0,0,0,0,0,0,0,0,0,0,0,0,0,0,0,0,0,0,0,0,0,0,0,0,0,0,0,0,0,0,0,0,0,0,0,0,0,0,0,0,0,0,0,0,0,0,0,0,0,0,0,0,0,0,0,0,0,0,0,0,0,0,0.0,0.0,0.0,0.0,0.0,0.0,0.0,0.0,0.0,0.0,0.0,0.0
Sunderland,game_state,1983570,for,-1,126,3,86,62,83,46,20,20,14,48,1,0,3,0,16,8,0,27,14,15,9,9,71,0,1,1,5,3,2,0,2,3,2,1,1,1,0,1,0,0,0,3,2,12,6,19,13,31,19,0,3,1,5,16,2,10,21,7,1,3,8,28,43.0,91.0,190.0,371.91,1273.178984926345,2013.48,0.0,1.0,2.0,0.0,8.0,5.0
Sunderland,game_state,1983570,for,Level,457,30,298,228,284,137,73,88,117,111,6,1,11,2,49,27,1,109,67,78,25,34,220,3,5,5,9,0,4,5,8,1,0,0,0,0,0,0,0,0,0,13,5,41,22,55,32,96,54,0,16,4,23,31,7,38,54,31,5,6,11,98,128.0,327.0,874.0,1367.31,4901.388098995,6074.775,2.0,1.0,6.0,0.0,26.0,9.0
Sunderland,game_state,1983570,for,+1,0,0,0,0,0,0,0,0,0,0,0,0,0,0,0,0,0,0,0,0,0,0,0,0,0,0,0,0,0,0,0,0,0,0,0,0,0,0,0,0,0,0,0,0,0,0,0,0,0,0,0,0,0,0,0,0,0,0,0,0,0,0,0.0,0.0,0.0,0.0,0.0,0.0,0.0,0.0,0.0,0.0,0.0,0.0
Sunderland,game_state,1983570,for,+2 or better,0,0,0,0,0,0,0,0,0,0,0,0,0,0,0,0,0,0,0,0,0,0,0,0,0,0,0,0,0,0,0,0,0,0,0,0,0,0,0,0,0,0,0,0,0,0,0,0,0,0,0,0,0,0,0,0,0,0,0,0,0,0,0.0,0.0,0.0,0.0,0.0,0.0,0.0,0.0,0.0,0.0,0.0,0.0
Sunderland,total,1983570,against,Season,572,22,371,287,352,182,78,111,120,167,15,3,19,4,49,22,0,120,83,78,29,48,293,4,7,5,12,2,6,4,7,5,2,0,1,1,0,1,0,0,0,26,6,53,25,76,26,129,51,1,10,8,31,40,11,55,71,41,7,19,9,125,164.0,415.0,1139.0,1817.55,6200.790241350696,7261.38,2.0,1.0,5.0,0.0,43.0,12.0
Sunderland,total,1983570,for,Season,583,33,384,290,367,183,93,108,131,159,7,1,14,2,65,35,1,136,81,93,34,43,291,3,6,6,14,3,6,5,10,4,2,1,1,1,0,1,0,0,0,16,7,53,28,74,45,127,73,0,19,5,28,47,9,48,75,38,6,9,19,126,171.0,418.0,1064.0,1739.22,6174.567083921345,8088.255,2.0,2.0,8.0,0.0,34.0,14.0
Brentford,time_block,1983570,against,0-15,77,5,59,50,58,27,14,18,14,36,1,0,2,0,6,2,0,10,5,6,2,5,53,1,1,1,1,0,0,1,1,0,0,0,0,0,0,0,0,0,0,3,1,4,0,11,4,15,4,0,2,0,2,6,0,6,8,5,1,3,1,12,16.0,62.0,184.0,183.015,1002.5902888704344,707.91,1.0,0.0,0.0,0.0,3.0,1.0
Brentford,time_block,1983570,against,16-30,120,9,87,78,84,37,28,22,54,24,2,0,3,0,12,8,0,32,28,25,11,18,62,0,1,1,3,0,1,2,3,0,0,0,0,0,0,0,0,0,0,6,3,3,2,13,9,16,11,0,2,1,4,6,0,3,10,2,0,0,4,17,24.0,93.0,274.0,324.345,1479.6605152954535,1088.6399999999999,1.0,1.0,2.0,0.0,6.0,3.0
Brentford,time_block,1983570,against,31-45,122,12,82,57,76,39,18,25,31,26,2,1,5,2,14,7,1,40,21,27,7,9,55,2,1,1,1,0,0,1,1,0,0,0,0,0,0,0,0,0,0,1,0,12,8,16,9,28,17,0,5,2,4,9,3,14,13,11,3,1,4,32,40.0,92.0,208.0,335.475,1234.2291433218802,2043.615,0.0,0.0,2.0,0.0,6.0,1.0
Brentford,time_block,1983570,against,46-60,84,2,43,28,42,17,11,15,13,15,0,0,0,0,11,5,0,13,9,13,1,0,30,0,1,1,1,0,0,1,1,0,0,0,0,0,0,0,0,0,0,1,0,9,3,8,6,17,9,0,6,1,6,4,3,11,10,11,0,1,0,20,27.0,49.0,132.0,157.71,662.6343362101516,1140.09,0.0,0.0,1.0,0.0,7.0,1.0
Brentford,time_block,1983570,against,61-75,87,1,61,44,58,35,13,13,11,33,0,0,2,0,9,5,0,19,10,11,7,7,50,0,1,1,3,1,2,0,1,2,1,0,0,0,0,0,0,0,0,1,1,9,5,12,9,21,14,0,2,1,4,12,1,6,16,3,1,1,6,19,29.0,64.0,129.0,342.405,869.8754135600279,1314.3899999999999,0.0,1.0,1.0,0.0,5.0,3.0
Brentford,time_block,1983570,against,76+,93,4,52,33,49,28,9,15,8,25,2,0,2,0,13,8,0,22,8,11,6,4,41,0,1,1,5,2,3,0,3,2,1,1,1,1,0,1,0,0,0,4,2,16,10,14,8,30,18,0,2,0,8,10,2,8,18,6,1,3,4,26,35.0,58.0,137.0,396.27,925.5773866633979,1793.6100000000001,0.0,0.0,2.0,0.0,7.0,5.0
Brentford,time_block,1983570,for,0-15,46,2,23,16,19,14,2,7,10,6,3,1,4,1,3,2,0,13,10,8,3,8,15,2,1,1,2,0,0,2,1,1,0,0,0,0,0,0,0,0,0,2,1,4,4,9,5,13,9,0,1,3,3,5,1,7,8,5,1,1,3,10,14.0,28.0,61.0,238.03500000000003,453.45499825090684,800.73,0.0,0.0,1.0,0.0,0.0,2.0
Brentford,time_block,1983570,for,16-30,76,1,55,45,51,29,10,16,13,32,2,0,2,0,5,2,0,17,12,13,3,6,42,0,0,0,0,0,0,0,0,0,0,0,0,0,0,0,0,0,0,2,0,3,1,13,3,16,4,0,3,1,4,3,1,12,7,10,3,4,0,14,17.0,60.0,167.0,346.605,898.7437350314696,638.19,0.0,0.0,1.0,0.0,2.0,0.0
Brentford,time_block,1983570,for,31-45,167,7,119,100,117,48,31,40,34,66,2,1,3,1,9,5,0,25,20,19,7,12,100,1,2,1,3,0,3,0,1,2,0,0,0,0,0,0,0,0,0,8,3,12,4,17,7,29,11,0,3,2,9,11,2,11,20,9,0,4,1,30,37.0,126.0,405.0,451.08000000000004,1977.1903784946787,1391.9850000000001,1.0,1.0,1.0,0.0,14.0,3.0
Brentford,time_block,1983570,for,46-60,141,4,98,84,98,42,28,28,45,39,6,1,6,1,10,6,0,30,24,24,9,11,74,0,2,2,3,2,1,0,2,1,2,0,1,1,0,1,0,0,0,7,0,9,6,9,2,18,8,0,1,1,4,8,2,4,12,3,0,0,1,26,34.0,112.0,311.0,188.37,1632.9604770159458,1741.2150000000001,1.0,0.0,1.0,0.0,6.0,3.0
Brentford,time_block,1983570,for,61-75,67,4,42,25,37,27,3,12,11,14,0,0,0,0,9,5,0,18,9,8,4,6,34,0,0,0,1,0,1,0,1,0,0,0,0,0,0,0,0,0,0,3,1,9,4,13,4,22,8,1,1,1,5,8,1,10,13,9,1,6,1,21,26.0,45.0,105.0,412.86,691.737345965953,917.7,0.0,0.0,1.0,0.0,9.0,1.0
Brentford,time_block,1983570,for,76+,75,4,34,17,30,22,4,8,7,10,2,0,4,1,13,2,0,17,8,6,3,5,28,1,2,1,3,0,1,2,2,1,0,0,0,0,0,0,0,0,0,4,1,16,6,15,5,31,11,0,1,0,6,5,4,11,11,5,2,4,3,24,36.0,44.0,90.0,180.6,546.7033065917421,1771.56,0.0,0.0,0.0,0.0,12.0,3.0
Brentford,game_state,1983570,against,-2 or worse,0,0,0,0,0,0,0,0,0,0,0,0,0,0,0,0,0,0,0,0,0,0,0,0,0,0,0,0,0,0,0,0,0,0,0,0,0,0,0,0,0,0,0,0,0,0,0,0,0,0,0,0,0,0,0,0,0,0,0,0,0,0,0.0,0.0,0.0,0.0,0.0,0.0,0.0,0.0,0.0,0.0,0.0,0.0
Brentford,game_state,1983570,against,-1,0,0,0,0,0,0,0,0,0,0,0,0,0,0,0,0,0,0,0,0,0,0,0,0,0,0,0,0,0,0,0,0,0,0,0,0,0,0,0,0,0,0,0,0,0,0,0,0,0,0,0,0,0,0,0,0,0,0,0,0,0,0,0.0,0.0,0.0,0.0,0.0,0.0,0.0,0.0,0.0,0.0,0.0,0.0
Brentford,game_state,1983570,against,Level,457,30,298,228,284,137,73,88,117,111,6,1,11,2,49,27,1,109,67,78,25,34,220,3,5,5,9,0,4,5,8,1,0,0,0,0,0,0,0,0,0,13,5,41,22,55,32,96,54,0,16,4,23,31,7,38,54,31,5,6,11,98,128.0,327.0,874.0,1367.31,4901.388098995,6074.775,2.0,1.0,6.0,0.0,26.0,9.0
Brentford,game_state,1983570,against,+1,126,3,86,62,83,46,20,20,14,48,1,0,3,0,16,8,0,27,14,15,9,9,71,0,1,1,5,3,2,0,2,3,2,1,1,1,0,1,0,0,0,3,2,12,6,19,13,31,19,0,3,1,5,16,2,10,21,7,1,3,8,28,43.0,91.0,190.0,371.91,1273.178984926345,2013.48,0.0,1.0,2.0,0.0,8.0,5.0
Brentford,game_state,1983570,against,+2 or better,0,0,0,0,0,0,0,0,0,0,0,0,0,0,0,0,0,0,0,0,0,0,0,0,0,0,0,0,0,0,0,0,0,0,0,0,0,0,0,0,0,0,0,0,0,0,0,0,0,0,0,0,0,0,0,0,0,0,0,0,0,0,0.0,0.0,0.0,0.0,0.0,0.0,0.0,0.0,0.0,0.0,0.0,0.0
Brentford,game_state,1983570,for,-2 or worse,0,0,0,0,0,0,0,0,0,0,0,0,0,0,0,0,0,0,0,0,0,0,0,0,0,0,0,0,0,0,0,0,0,0,0,0,0,0,0,0,0,0,0,0,0,0,0,0,0,0,0,0,0,0,0,0,0,0,0,0,0,0,0.0,0.0,0.0,0.0,0.0,0.0,0.0,0.0,0.0,0.0,0.0,0.0
Brentford,game_state,1983570,for,-1,0,0,0,0,0,0,0,0,0,0,0,0,0,0,0,0,0,0,0,0,0,0,0,0,0,0,0,0,0,0,0,0,0,0,0,0,0,0,0,0,0,0,0,0,0,0,0,0,0,0,0,0,0,0,0,0,0,0,0,0,0,0,0.0,0.0,0.0,0.0,0.0,0.0,0.0,0.0,0.0,0.0,0.0,0.0
Brentford,game_state,1983570,for,Level,459,16,292,231,279,140,64,88,93,138,14,3,18,4,35,15,0,91,65,61,22,39,231,4,7,5,11,2,5,4,6,5,2,0,1,1,0,1,0,0,0,22,5,41,19,57,20,98,39,0,9,7,25,29,9,41,54,31,5,11,6,97,128.0,332.0,929.0,1382.745,4946.158345307221,5891.235,1.0,1.0,4.0,0.0,31.0,11.0
Brentford,game_state,1983570,for,+1,113,6,79,56,73,42,14,23,27,29,1,0,1,0,14,7,0,29,18,17,7,9,62,0,0,0,1,0,1,0,1,0,0,0,0,0,0,0,0,0,0,4,1,12,6,19,6,31,12,1,1,1,6,11,2,14,17,10,2,8,3,28,36.0,83.0,210.0,434.80500000000006,1254.6318960434753,1370.145,1.0,0.0,1.0,0.0,12.0,1.0
Brentford,game_state,1983570,for,+2 or better,0,0,0,0,0,0,0,0,0,0,0,0,0,0,0,0,0,0,0,0,0,0,0,0,0,0,0,0,0,0,0,0,0,0,0,0,0,0,0,0,0,0,0,0,0,0,0,0,0,0,0,0,0,0,0,0,0,0,0,0,0,0,0.0,0.0,0.0,0.0,0.0,0.0,0.0,0.0,0.0,0.0,0.0,0.0
Brentford,total,1983570,against,Season,583,33,384,290,367,183,93,108,131,159,7,1,14,2,65,35,1,136,81,93,34,43,291,3,6,6,14,3,6,5,10,4,2,1,1,1,0,1,0,0,0,16,7,53,28,74,45,127,73,0,19,5,28,47,9,48,75,38,6,9,19,126,171.0,418.0,1064.0,1739.22,6174.567083921345,8088.255,2.0,2.0,8.0,0.0,34.0,14.0
Brentford,total,1983570,for,Season,572,22,371,287,352,182,78,111,120,167,15,3,19,4,49,22,0,120,83,78,29,48,293,4,7,5,12,2,6,4,7,5,2,0,1,1,0,1,0,0,0,26,6,53,25,76,26,129,51,1,10,8,31,40,11,55,71,41,7,19,9,125,164.0,415.0,1139.0,1817.55,6200.790241350696,7261.38,2.0,1.0,5.0,0.0,43.0,12.0
Bournemouth,time_block,1983571,against,0-15,120,1,84,63,79,38,14,32,7,56,1,0,1,0,12,6,0,9,4,2,3,3,82,0,0,0,1,0,1,0,0,1,0,0,0,0,0,0,0,0,0,1,0,8,6,9,5,17,11,0,2,3,4,14,4,11,18,7,0,2,3,32,39.0,89.0,213.0,325.08,1382.7419512864858,1596.21,0.0,0.0,1.0,0.0,8.0,1.0
Bournemouth,time_block,1983571,against,16-30,109,5,72,62,70,26,19,27,39,23,2,0,2,0,9,5,1,24,20,16,8,9,56,0,1,1,1,0,0,1,0,1,0,0,0,0,0,0,0,0,0,5,1,4,2,15,5,19,7,0,4,1,4,4,0,9,8,4,1,3,0,17,25.0,89.0,258.0,273.41999999999996,1429.2113692475973,1049.265,1.0,1.0,1.0,0.0,9.0,1.0
Bournemouth,time_block,1983571,against,31-45,126,4,95,83,90,42,24,29,39,44,2,0,3,0,10,5,1,25,20,18,8,15,77,1,3,2,5,1,2,2,3,2,1,0,0,0,0,0,0,0,0,3,2,3,1,11,8,14,9,1,2,1,4,4,1,6,8,4,0,2,3,15,25.0,94.0,249.0,317.73,1435.2907289819989,1187.76,1.0,0.0,0.0,0.0,3.0,5.0
Bournemouth,time_block,1983571,against,46-60,124,4,87,72,83,39,15,33,44,28,4,1,4,1,5,3,0,29,21,18,13,13,69,0,2,1,3,1,0,2,2,1,1,0,1,1,0,1,0,0,0,5,1,2,2,11,3,13,5,0,1,1,4,6,1,4,10,3,0,1,1,26,29.0,100.0,233.0,406.66499999999996,1581.5211384024378,1316.385,1.0,1.0,0.0,0.0,5.0,3.0
Bournemouth,time_block,1983571,against,61-75,96,4,56,45,54,24,9,23,22,23,1,0,2,0,9,5,2,19,15,17,5,6,39,1,1,1,1,0,0,1,1,0,0,0,0,0,0,0,0,0,0,3,2,5,3,9,6,14,9,0,4,1,12,6,1,8,18,3,0,2,0,17,25.0,59.0,176.0,348.07500000000005,857.290359364202,1011.885,1.0,1.0,0.0,0.0,8.0,1.0
Bournemouth,time_block,1983571,against,76+,117,1,79,61,70,40,19,20,39,22,0,0,1,0,15,8,0,30,18,18,9,9,61,1,1,1,1,1,0,0,1,0,1,0,0,0,0,0,0,0,0,3,0,7,5,15,7,22,12,0,3,1,7,3,1,9,10,6,1,3,4,30,36.0,80.0,198.0,261.13499999999993,1194.2746568754376,1510.005,0.0,0.0,0.0,0.0,9.0,1.0
Bournemouth,time_block,1983571,for,0-15,102,4,69,48,65,31,14,24,28,20,1,0,1,0,10,4,0,29,17,16,7,9,53,1,0,0,0,0,0,0,0,0,0,0,0,0,0,0,0,0,0,0,0,8,2,9,4,17,6,0,2,1,3,12,2,8,15,5,0,3,2,27,37.0,80.0,129.0,158.54999999999998,918.6734146693849,1740.795,0.0,0.0,0.0,0.0,7.0,0.0
Bournemouth,time_block,1983571,for,16-30,94,4,49,38,46,28,13,8,27,11,4,2,7,3,10,6,0,24,18,15,10,11,34,1,2,2,2,1,1,0,2,0,1,0,0,0,0,0,0,0,0,5,1,4,2,15,9,19,11,0,5,1,4,6,2,9,10,4,1,0,3,22,27.0,59.0,178.0,335.58000000000004,1104.0310986855961,1454.88,0.0,0.0,3.0,1.0,4.0,2.0
Bournemouth,time_block,1983571,for,31-45,85,5,56,43,52,33,12,11,24,19,3,0,3,0,12,5,0,20,12,12,6,7,44,0,1,1,1,0,0,1,1,0,0,0,0,0,0,0,0,0,0,1,0,3,2,10,2,13,4,0,0,1,5,4,0,6,9,5,2,3,2,19,24.0,65.0,160.0,355.11,973.3450730909839,1082.34,0.0,0.0,2.0,0.0,3.0,1.0
Bournemouth,time_block,1983571,for,46-60,87,3,52,38,49,28,15,9,10,28,3,1,4,1,7,2,0,11,6,7,3,7,45,0,2,1,2,0,2,0,2,0,0,0,0,0,0,0,0,0,0,0,0,2,0,11,8,13,8,0,7,2,4,6,2,13,10,8,1,1,1,15,25.0,68.0,159.0,232.575,941.0481610551095,976.8149999999999,1.0,1.0,0.0,0.0,5.0,2.0
Bournemouth,time_block,1983571,for,61-75,110,6,73,62,71,37,19,17,33,29,4,1,5,1,8,5,0,30,23,20,11,14,53,0,1,1,1,1,0,0,1,0,1,0,0,0,0,0,0,0,0,4,0,5,2,10,3,15,5,0,1,1,6,6,1,5,12,3,2,0,2,19,30.0,84.0,215.0,358.26,1261.954495561682,1742.37,1.0,0.0,0.0,0.0,2.0,1.0
Bournemouth,time_block,1983571,for,76+,126,5,84,69,82,46,13,25,38,31,6,1,7,1,8,4,0,31,26,24,10,20,60,1,2,0,3,0,2,1,0,3,0,0,0,0,0,0,0,0,0,3,1,7,2,13,6,20,8,0,2,0,4,5,0,6,9,6,0,4,3,22,38.0,92.0,254.0,599.4449999999999,1451.5612279688387,1689.24,0.0,1.0,1.0,1.0,9.0,3.0
Bournemouth,game_state,1983571,against,-2 or worse,0,0,0,0,0,0,0,0,0,0,0,0,0,0,0,0,0,0,0,0,0,0,0,0,0,0,0,0,0,0,0,0,0,0,0,0,0,0,0,0,0,0,0,0,0,0,0,0,0,0,0,0,0,0,0,0,0,0,0,0,0,0,0.0,0.0,0.0,0.0,0.0,0.0,0.0,0.0,0.0,0.0,0.0,0.0
Bournemouth,game_state,1983571,against,-1,234,5,145,115,134,68,31,46,67,48,1,0,3,0,26,14,2,51,34,37,14,16,108,2,3,2,3,1,0,2,2,1,1,0,0,0,0,0,0,0,0,7,2,12,8,27,14,39,22,0,8,2,23,11,2,18,34,9,1,5,4,51,66.0,151.0,416.0,618.555,2277.031498023368,2715.615,1.0,2.0,0.0,0.0,19.0,3.0
Bournemouth,game_state,1983571,against,Level,458,14,328,271,312,141,69,118,123,148,9,1,10,1,34,18,2,85,64,52,32,39,276,1,5,4,9,2,3,4,5,4,2,0,1,1,0,1,0,0,0,13,4,17,11,43,20,60,31,1,8,6,12,26,6,29,38,18,1,8,7,86,113.0,360.0,911.0,1313.55,5603.298706134792,4955.895,3.0,1.0,2.0,0.0,23.0,9.0
Bournemouth,game_state,1983571,against,+1,0,0,0,0,0,0,0,0,0,0,0,0,0,0,0,0,0,0,0,0,0,0,0,0,0,0,0,0,0,0,0,0,0,0,0,0,0,0,0,0,0,0,0,0,0,0,0,0,0,0,0,0,0,0,0,0,0,0,0,0,0,0,0.0,0.0,0.0,0.0,0.0,0.0,0.0,0.0,0.0,0.0,0.0,0.0
Bournemouth,game_state,1983571,against,+2 or better,0,0,0,0,0,0,0,0,0,0,0,0,0,0,0,0,0,0,0,0,0,0,0,0,0,0,0,0,0,0,0,0,0,0,0,0,0,0,0,0,0,0,0,0,0,0,0,0,0,0,0,0,0,0,0,0,0,0,0,0,0,0,0.0,0.0,0.0,0.0,0.0,0.0,0.0,0.0,0.0,0.0,0.0,0.0
Bournemouth,game_state,1983571,for,-2 or worse,0,0,0,0,0,0,0,0,0,0,0,0,0,0,0,0,0,0,0,0,0,0,0,0,0,0,0,0,0,0,0,0,0,0,0,0,0,0,0,0,0,0,0,0,0,0,0,0,0,0,0,0,0,0,0,0,0,0,0,0,0,0,0.0,0.0,0.0,0.0,0.0,0.0,0.0,0.0,0.0,0.0,0.0,0.0
Bournemouth,game_state,1983571,for,-1,255,11,167,139,163,87,36,44,75,64,12,2,14,2,18,10,0,65,51,47,23,35,120,1,3,1,4,1,2,1,1,3,1,0,0,0,0,0,0,0,0,7,1,12,4,26,11,38,15,0,5,1,10,13,1,13,23,11,2,4,5,44,74.0,195.0,512.0,1032.045,3021.4365241232267,3761.835,1.0,1.0,1.0,1.0,11.0,4.0
Bournemouth,game_state,1983571,for,Level,349,16,216,159,202,116,50,50,85,74,9,3,13,4,37,16,0,80,51,47,24,33,169,2,5,4,5,1,3,1,5,0,1,0,0,0,0,0,0,0,0,6,1,17,6,42,21,59,27,0,12,5,16,26,6,34,42,20,4,7,8,80,107.0,253.0,583.0,1007.475,3629.176946908369,4924.605,1.0,1.0,5.0,1.0,19.0,5.0
Bournemouth,game_state,1983571,for,+1,0,0,0,0,0,0,0,0,0,0,0,0,0,0,0,0,0,0,0,0,0,0,0,0,0,0,0,0,0,0,0,0,0,0,0,0,0,0,0,0,0,0,0,0,0,0,0,0,0,0,0,0,0,0,0,0,0,0,0,0,0,0,0.0,0.0,0.0,0.0,0.0,0.0,0.0,0.0,0.0,0.0,0.0,0.0
Bournemouth,game_state,1983571,for,+2 or better,0,0,0,0,0,0,0,0,0,0,0,0,0,0,0,0,0,0,0,0,0,0,0,0,0,0,0,0,0,0,0,0,0,0,0,0,0,0,0,0,0,0,0,0,0,0,0,0,0,0,0,0,0,0,0,0,0,0,0,0,0,0,0.0,0.0,0.0,0.0,0.0,0.0,0.0,0.0,0.0,0.0,0.0,0.0
Bournemouth,total,1983571,against,Season,692,19,473,386,446,209,100,164,190,196,10,1,13,1,60,32,4,136,98,89,46,55,384,3,8,6,12,3,3,6,7,5,3,0,1,1,0,1,0,0,0,20,6,29,19,70,34,99,53,1,16,8,35,37,8,47,72,27,2,13,11,137,179.0,511.0,1327.0,1932.105,7880.33020415816,7671.51,4.0,3.0,2.0,0.0,42.0,12.0
Bournemouth,total,1983571,for,Season,604,27,383,298,365,203,86,94,160,138,21,5,27,6,55,26,0,145,102,94,47,68,289,3,8,5,9,2,5,2,6,3,2,0,0,0,0,0,0,0,0,13,2,29,10,68,32,97,42,0,17,6,26,39,7,47,65,31,6,11,13,124,181.0,448.0,1095.0,2039.52,6650.6134710315955,8686.44,2.0,2.0,6.0,2.0,30.0,9.0
Liverpool,time_block,1983571,against,0-15,102,4,69,48,65,31,14,24,28,20,1,0,1,0,10,4,0,29,17,16,7,9,53,1,0,0,0,0,0,0,0,0,0,0,0,0,0,0,0,0,0,0,0,8,2,9,4,17,6,0,2,1,3,12,2,8,15,5,0,3,2,27,37.0,80.0,129.0,158.54999999999998,918.6734146693849,1740.795,0.0,0.0,0.0,0.0,7.0,0.0
Liverpool,time_block,1983571,against,16-30,94,4,49,38,46,28,13,8,27,11,4,2,7,3,10,6,0,24,18,15,10,11,34,1,2,2,2,1,1,0,2,0,1,0,0,0,0,0,0,0,0,5,1,4,2,15,9,19,11,0,5,1,4,6,2,9,10,4,1,0,3,22,27.0,59.0,178.0,335.58000000000004,1104.0310986855961,1454.88,0.0,0.0,3.0,1.0,4.0,2.0
Liverpool,time_block,1983571,against,31-45,85,5,56,43,52,33,12,11,24,19,3,0,3,0,12,5,0,20,12,12,6,7,44,0,1,1,1,0,0,1,1,0,0,0,0,0,0,0,0,0,0,1,0,3,2,10,2,13,4,0,0,1,5,4,0,6,9,5,2,3,2,19,24.0,65.0,160.0,355.11,973.3450730909839,1082.34,0.0,0.0,2.0,0.0,3.0,1.0
Liverpool,time_block,1983571,against,46-60,87,3,52,38,49,28,15,9,10,28,3,1,4,1,7,2,0,11,6,7,3,7,45,0,2,1,2,0,2,0,2,0,0,0,0,0,0,0,0,0,0,0,0,2,0,11,8,13,8,0,7,2,4,6,2,13,10,8,1,1,1,15,25.0,68.0,159.0,232.575,941.0481610551095,976.8149999999999,1.0,1.0,0.0,0.0,5.0,2.0
Liverpool,time_block,1983571,against,61-75,110,6,73,62,71,37,19,17,33,29,4,1,5,1,8,5,0,30,23,20,11,14,53,0,1,1,1,1,0,0,1,0,1,0,0,0,0,0,0,0,0,4,0,5,2,10,3,15,5,0,1,1,6,6,1,5,12,3,2,0,2,19,30.0,84.0,215.0,358.26,1261.954495561682,1742.37,1.0,0.0,0.0,0.0,2.0,1.0
Liverpool,time_block,1983571,against,76+,126,5,84,69,82,46,13,25,38,31,6,1,7,1,8,4,0,31,26,24,10,20,60,1,2,0,3,0,2,1,0,3,0,0,0,0,0,0,0,0,0,3,1,7,2,13,6,20,8,0,2,0,4,5,0,6,9,6,0,4,3,22,38.0,92.0,254.0,599.4449999999999,1451.5612279688387,1689.24,0.0,1.0,1.0,1.0,9.0,3.0
Liverpool,time_block,1983571,for,0-15,120,1,84,63,79,38,14,32,7,56,1,0,1,0,12,6,0,9,4,2,3,3,82,0,0,0,1,0,1,0,0,1,0,0,0,0,0,0,0,0,0,1,0,8,6,9,5,17,11,0,2,3,4,14,4,11,18,7,0,2,3,32,39.0,89.0,213.0,325.08,1382.7419512864858,1596.21,0.0,0.0,1.0,0.0,8.0,1.0
Liverpool,time_block,1983571,for,16-30,109,5,72,62,70,26,19,27,39,23,2,0,2,0,9,5,1,24,20,16,8,9,56,0,1,1,1,0,0,1,0,1,0,0,0,0,0,0,0,0,0,5,1,4,2,15,5,19,7,0,4,1,4,4,0,9,8,4,1,3,0,17,25.0,89.0,258.0,273.41999999999996,1429.2113692475973,1049.265,1.0,1.0,1.0,0.0,9.0,1.0
Liverpool,time_block,1983571,for,31-45,126,4,95,83,90,42,24,29,39,44,2,0,3,0,10,5,1,25,20,18,8,15,77,1,3,2,5,1,2,2,3,2,1,0,0,0,0,0,0,0,0,3,2,3,1,11,8,14,9,1,2,1,4,4,1,6,8,4,0,2,3,15,25.0,94.0,249.0,317.73,1435.2907289819989,1187.76,1.0,0.0,0.0,0.0,3.0,5.0
Liverpool,time_block,1983571,for,46-60,124,4,87,72,83,39,15,33,44,28,4,1,4,1,5,3,0,29,21,18,13,13,69,0,2,1,3,1,0,2,2,1,1,0,1,1,0,1,0,0,0,5,1,2,2,11,3,13,5,0,1,1,4,6,1,4,10,3,0,1,1,26,29.0,100.0,233.0,406.66499999999996,1581.5211384024378,1316.385,1.0,1.0,0.0,0.0,5.0,3.0
Liverpool,time_block,1983571,for,61-75,96,4,56,45,54,24,9,23,22,23,1,0,2,0,9,5,2,19,15,17,5,6,39,1,1,1,1,0,0,1,1,0,0,0,0,0,0,0,0,0,0,3,2,5,3,9,6,14,9,0,4,1,12,6,1,8,18,3,0,2,0,17,25.0,59.0,176.0,348.07500000000005,857.290359364202,1011.885,1.0,1.0,0.0,0.0,8.0,1.0
Liverpool,time_block,1983571,for,76+,117,1,79,61,70,40,19,20,39,22,0,0,1,0,15,8,0,30,18,18,9,9,61,1,1,1,1,1,0,0,1,0,1,0,0,0,0,0,0,0,0,3,0,7,5,15,7,22,12,0,3,1,7,3,1,9,10,6,1,3,4,30,36.0,80.0,198.0,261.13499999999993,1194.2746568754376,1510.005,0.0,0.0,0.0,0.0,9.0,1.0
Liverpool,game_state,1983571,against,-2 or worse,0,0,0,0,0,0,0,0,0,0,0,0,0,0,0,0,0,0,0,0,0,0,0,0,0,0,0,0,0,0,0,0,0,0,0,0,0,0,0,0,0,0,0,0,0,0,0,0,0,0,0,0,0,0,0,0,0,0,0,0,0,0,0.0,0.0,0.0,0.0,0.0,0.0,0.0,0.0,0.0,0.0,0.0,0.0
Liverpool,game_state,1983571,against,-1,0,0,0,0,0,0,0,0,0,0,0,0,0,0,0,0,0,0,0,0,0,0,0,0,0,0,0,0,0,0,0,0,0,0,0,0,0,0,0,0,0,0,0,0,0,0,0,0,0,0,0,0,0,0,0,0,0,0,0,0,0,0,0.0,0.0,0.0,0.0,0.0,0.0,0.0,0.0,0.0,0.0,0.0,0.0
Liverpool,game_state,1983571,against,Level,349,16,216,159,202,116,50,50,85,74,9,3,13,4,37,16,0,80,51,47,24,33,169,2,5,4,5,1,3,1,5,0,1,0,0,0,0,0,0,0,0,6,1,17,6,42,21,59,27,0,12,5,16,26,6,34,42,20,4,7,8,80,107.0,253.0,583.0,1007.475,3629.176946908369,4924.605,1.0,1.0,5.0,1.0,19.0,5.0
Liverpool,game_state,1983571,against,+1,255,11,167,139,163,87,36,44,75,64,12,2,14,2,18,10,0,65,51,47,23,35,120,1,3,1,4,1,2,1,1,3,1,0,0,0,0,0,0,0,0,7,1,12,4,26,11,38,15,0,5,1,10,13,1,13,23,11,2,4,5,44,74.0,195.0,512.0,1032.045,3021.4365241232267,3761.835,1.0,1.0,1.0,1.0,11.0,4.0
Liverpool,game_state,1983571,against,+2 or better,0,0,0,0,0,0,0,0,0,0,0,0,0,0,0,0,0,0,0,0,0,0,0,0,0,0,0,0,0,0,0,0,0,0,0,0,0,0,0,0,0,0,0,0,0,0,0,0,0,0,0,0,0,0,0,0,0,0,0,0,0,0,0.0,0.0,0.0,0.0,0.0,0.0,0.0,0.0,0.0,0.0,0.0,0.0
Liverpool,game_state,1983571,for,-2 or worse,0,0,0,0,0,0,0,0,0,0,0,0,0,0,0,0,0,0,0,0,0,0,0,0,0,0,0,0,0,0,0,0,0,0,0,0,0,0,0,0,0,0,0,0,0,0,0,0,0,0,0,0,0,0,0,0,0,0,0,0,0,0,0.0,0.0,0.0,0.0,0.0,0.0,0.0,0.0,0.0,0.0,0.0,0.0
Liverpool,game_state,1983571,for,-1,0,0,0,0,0,0,0,0,0,0,0,0,0,0,0,0,0,0,0,0,0,0,0,0,0,0,0,0,0,0,0,0,0,0,0,0,0,0,0,0,0,0,0,0,0,0,0,0,0,0,0,0,0,0,0,0,0,0,0,0,0,0,0.0,0.0,0.0,0.0,0.0,0.0,0.0,0.0,0.0,0.0,0.0,0.0
Liverpool,game_state,1983571,for,Level,458,14,328,271,312,141,69,118,123,148,9,1,10,1,34,18,2,85,64,52,32,39,276,1,5,4,9,2,3,4,5,4,2,0,1,1,0,1,0,0,0,13,4,17,11,43,20,60,31,1,8,6,12,26,6,29,38,18,1,8,7,86,113.0,360.0,911.0,1313.55,5603.298706134792,4955.895,3.0,1.0,2.0,0.0,23.0,9.0
Liverpool,game_state,1983571,for,+1,234,5,145,115,134,68,31,46,67,48,1,0,3,0,26,14,2,51,34,37,14,16,108,2,3,2,3,1,0,2,2,1,1,0,0,0,0,0,0,0,0,7,2,12,8,27,14,39,22,0,8,2,23,11,2,18,34,9,1,5,4,51,66.0,151.0,416.0,618.555,2277.031498023368,2715.615,1.0,2.0,0.0,0.0,19.0,3.0
Liverpool,game_state,1983571,for,+2 or better,0,0,0,0,0,0,0,0,0,0,0,0,0,0,0,0,0,0,0,0,0,0,0,0,0,0,0,0,0,0,0,0,0,0,0,0,0,0,0,0,0,0,0,0,0,0,0,0,0,0,0,0,0,0,0,0,0,0,0,0,0,0,0.0,0.0,0.0,0.0,0.0,0.0,0.0,0.0,0.0,0.0,0.0,0.0
Liverpool,total,1983571,against,Season,604,27,383,298,365,203,86,94,160,138,21,5,27,6,55,26,0,145,102,94,47,68,289,3,8,5,9,2,5,2,6,3,2,0,0,0,0,0,0,0,0,13,2,29,10,68,32,97,42,0,17,6,26,39,7,47,65,31,6,11,13,124,181.0,448.0,1095.0,2039.52,6650.6134710315955,8686.44,2.0,2.0,6.0,2.0,30.0,9.0
Liverpool,total,1983571,for,Season,692,19,473,386,446,209,100,164,190,196,10,1,13,1,60,32,4,136,98,89,46,55,384,3,8,6,12,3,3,6,7,5,3,0,1,1,0,1,0,0,0,20,6,29,19,70,34,99,53,1,16,8,35,37,8,47,72,27,2,13,11,137,179.0,511.0,1327.0,1932.105,7880.33020415816,7671.51,4.0,3.0,2.0,0.0,42.0,12.0
Brighton,time_block,1983572,against,0-15,78,6,52,36,51,26,11,15,14,22,2,0,4,0,8,3,0,13,5,7,2,2,45,2,1,1,3,2,1,0,3,0,2,0,1,1,0,1,0,0,0,4,1,8,4,9,3,17,7,0,1,1,1,4,0,5,5,3,0,3,1,21,33.0,61.0,104.0,151.2,772.6042450955898,1818.18,1.0,1.0,0.0,0.0,7.0,3.0
Brighton,time_block,1983572,against,16-30,64,3,42,28,39,22,11,9,12,16,1,0,3,1,8,2,0,16,6,12,3,1,30,2,1,1,3,0,2,1,3,0,0,0,0,0,0,0,0,0,0,3,2,4,3,11,6,15,9,0,2,2,1,7,1,9,8,7,0,4,2,17,23.0,47.0,104.0,166.42499999999998,613.2890498259015,1381.3799999999999,0.0,0.0,1.0,1.0,0.0,3.0
Brighton,time_block,1983572,against,31-45,77,0,38,23,31,16,6,16,3,20,0,0,0,0,7,1,0,6,1,2,0,2,36,0,0,0,0,0,0,0,0,0,0,0,0,0,0,0,0,0,0,3,2,6,1,16,10,22,11,0,4,1,6,3,2,10,9,7,0,3,4,24,29.0,42.0,70.0,144.58499999999998,433.8314282751753,1058.82,0.0,0.0,0.0,0.0,6.0,0.0
Brighton,time_block,1983572,against,46-60,88,5,39,28,36,19,9,11,18,10,3,0,3,0,8,2,0,19,15,15,2,4,24,0,1,1,1,1,0,0,1,0,1,0,0,0,0,0,0,0,0,4,2,9,3,12,8,21,11,0,4,2,7,5,4,11,12,7,1,0,2,17,25.0,48.0,117.0,132.51000000000002,636.2108179525046,1142.4,0.0,0.0,1.0,0.0,6.0,1.0
Brighton,time_block,1983572,against,61-75,90,3,48,38,46,26,11,11,10,28,1,0,1,0,8,3,0,10,8,5,4,6,43,0,0,0,2,1,0,1,2,0,1,0,0,0,0,0,0,0,0,1,0,6,5,12,5,18,10,0,4,1,13,1,1,12,14,4,5,1,1,16,22.0,53.0,176.0,298.09499999999997,818.2010762813843,817.11,0.0,1.0,0.0,0.0,4.0,2.0
Brighton,time_block,1983572,against,76+,69,2,33,18,25,22,5,6,8,10,0,0,2,0,13,4,0,12,5,8,3,5,25,2,1,0,1,0,1,0,1,0,0,0,0,0,0,0,0,0,0,3,0,9,5,17,5,26,10,0,2,1,11,4,1,13,15,9,4,5,3,20,28.0,38.0,67.0,213.57000000000002,416.2311179967806,1175.79,0.0,0.0,0.0,0.0,3.0,1.0
Brighton,time_block,1983572,for,0-15,113,0,84,70,81,39,22,23,16,54,1,0,2,0,10,6,0,12,8,6,4,3,78,0,0,0,0,0,0,0,0,0,0,0,0,0,0,0,0,0,0,1,0,8,4,8,5,16,9,1,1,3,7,1,0,6,8,5,1,1,3,17,25.0,100.0,270.0,138.70499999999998,1569.3289444971067,1137.045,0.0,0.0,0.0,0.0,9.0,0.0
Brighton,time_block,1983572,for,16-30,138,1,106,98,100,38,23,45,25,73,0,0,0,0,11,8,1,15,12,8,5,5,98,0,2,2,2,1,1,0,1,1,1,0,0,0,0,0,0,0,0,3,0,4,1,11,4,15,5,0,0,0,7,5,2,6,12,4,2,2,4,17,22.0,107.0,285.0,195.29999999999998,1706.9451567167814,826.77,0.0,1.0,1.0,0.0,4.0,2.0
Brighton,time_block,1983572,for,31-45,145,5,109,90,107,39,25,45,54,36,6,0,9,2,9,1,0,37,26,30,6,11,79,2,1,1,1,0,0,1,0,1,0,0,0,0,0,0,0,0,0,2,0,6,5,15,5,21,10,0,2,0,3,9,4,12,12,10,2,4,3,26,36.0,117.0,278.0,173.88,1650.2463317461766,2174.655,0.0,0.0,2.0,0.0,4.0,1.0
Brighton,time_block,1983572,for,46-60,106,4,66,50,63,28,10,28,31,19,5,0,7,0,7,3,0,23,21,18,7,10,48,2,2,1,3,0,1,2,1,2,0,0,0,0,0,0,0,0,0,4,1,9,6,11,3,20,9,0,2,1,7,9,0,7,16,4,2,2,0,24,32.0,74.0,173.0,367.92,965.2498947771368,1651.545,0.0,0.0,3.0,1.0,6.0,3.0
Brighton,time_block,1983572,for,61-75,97,9,53,39,52,31,9,13,19,20,8,1,10,2,7,3,0,18,11,13,4,7,40,2,3,1,7,3,3,1,4,3,3,0,1,1,0,1,0,0,0,6,5,6,1,12,7,18,8,0,1,1,1,4,0,3,5,3,0,1,1,19,33.0,69.0,193.0,282.345,1141.2445168087775,1947.855,0.0,2.0,0.0,0.0,4.0,7.0
Brighton,time_block,1983572,for,76+,154,10,104,90,98,43,23,38,49,41,6,2,7,2,15,8,0,26,19,17,8,13,87,1,4,3,7,1,3,3,5,2,1,0,0,0,0,0,0,0,0,6,4,9,4,17,11,26,15,0,2,0,8,10,1,6,18,4,0,3,5,22,38.0,113.0,323.0,418.11,1784.0242480708694,2123.625,0.0,0.0,2.0,0.0,4.0,7.0
Brighton,game_state,1983572,against,-2 or worse,0,0,0,0,0,0,0,0,0,0,0,0,0,0,0,0,0,0,0,0,0,0,0,0,0,0,0,0,0,0,0,0,0,0,0,0,0,0,0,0,0,0,0,0,0,0,0,0,0,0,0,0,0,0,0,0,0,0,0,0,0,0,0.0,0.0,0.0,0.0,0.0,0.0,0.0,0.0,0.0,0.0,0.0,0.0
Brighton,game_state,1983572,against,-1,295,9,152,109,137,75,35,42,37,72,4,0,6,1,28,7,0,45,26,31,7,10,121,2,2,2,5,2,2,1,5,0,2,0,0,0,0,0,0,0,0,10,6,24,11,49,28,73,39,0,13,6,27,15,7,40,42,23,6,8,9,65,88.0,173.0,410.0,643.86,2281.1813282322337,3796.275,0.0,1.0,2.0,1.0,16.0,5.0
Brighton,game_state,1983572,against,Level,171,10,100,62,91,56,18,26,28,34,3,0,7,0,24,8,0,31,14,18,7,10,82,4,2,1,5,2,2,1,5,0,2,0,1,1,0,1,0,0,0,8,1,18,10,28,9,46,19,0,4,2,12,9,2,20,21,14,4,8,4,50,72.0,116.0,228.0,462.52500000000003,1409.1864071951027,3597.4049999999997,1.0,1.0,0.0,0.0,10.0,5.0
Brighton,game_state,1983572,against,+1,0,0,0,0,0,0,0,0,0,0,0,0,0,0,0,0,0,0,0,0,0,0,0,0,0,0,0,0,0,0,0,0,0,0,0,0,0,0,0,0,0,0,0,0,0,0,0,0,0,0,0,0,0,0,0,0,0,0,0,0,0,0,0.0,0.0,0.0,0.0,0.0,0.0,0.0,0.0,0.0,0.0,0.0,0.0
Brighton,game_state,1983572,against,+2 or better,0,0,0,0,0,0,0,0,0,0,0,0,0,0,0,0,0,0,0,0,0,0,0,0,0,0,0,0,0,0,0,0,0,0,0,0,0,0,0,0,0,0,0,0,0,0,0,0,0,0,0,0,0,0,0,0,0,0,0,0,0,0,0.0,0.0,0.0,0.0,0.0,0.0,0.0,0.0,0.0,0.0,0.0,0.0
Brighton,game_state,1983572,for,-2 or worse,0,0,0,0,0,0,0,0,0,0,0,0,0,0,0,0,0,0,0,0,0,0,0,0,0,0,0,0,0,0,0,0,0,0,0,0,0,0,0,0,0,0,0,0,0,0,0,0,0,0,0,0,0,0,0,0,0,0,0,0,0,0,0.0,0.0,0.0,0.0,0.0,0.0,0.0,0.0,0.0,0.0,0.0,0.0
Brighton,game_state,1983572,for,-1,467,18,325,274,313,129,68,128,129,145,19,1,26,4,33,15,1,93,70,69,22,32,256,6,8,5,13,4,5,4,6,7,4,0,1,1,0,1,0,0,0,15,6,24,13,47,18,71,31,0,4,1,17,25,6,26,42,19,6,9,8,78,114.0,367.0,945.0,972.93,5523.528616356597,6303.78,0.0,2.0,6.0,1.0,14.0,13.0
Brighton,game_state,1983572,for,Level,286,11,197,163,188,89,44,64,65,98,7,2,9,2,26,14,0,38,27,23,12,17,174,1,4,3,7,1,3,3,5,2,1,0,0,0,0,0,0,0,0,7,4,18,8,27,17,45,25,1,4,4,16,13,1,14,29,11,1,4,8,47,72.0,213.0,577.0,603.33,3293.5104762602514,3557.715,0.0,1.0,2.0,0.0,17.0,7.0
Brighton,game_state,1983572,for,+1,0,0,0,0,0,0,0,0,0,0,0,0,0,0,0,0,0,0,0,0,0,0,0,0,0,0,0,0,0,0,0,0,0,0,0,0,0,0,0,0,0,0,0,0,0,0,0,0,0,0,0,0,0,0,0,0,0,0,0,0,0,0,0.0,0.0,0.0,0.0,0.0,0.0,0.0,0.0,0.0,0.0,0.0,0.0
Brighton,game_state,1983572,for,+2 or better,0,0,0,0,0,0,0,0,0,0,0,0,0,0,0,0,0,0,0,0,0,0,0,0,0,0,0,0,0,0,0,0,0,0,0,0,0,0,0,0,0,0,0,0,0,0,0,0,0,0,0,0,0,0,0,0,0,0,0,0,0,0,0.0,0.0,0.0,0.0,0.0,0.0,0.0,0.0,0.0,0.0,0.0,0.0
Brighton,total,1983572,against,Season,466,19,252,171,228,131,53,68,65,106,7,0,13,1,52,15,0,76,40,49,14,20,203,6,4,3,10,4,4,2,10,0,4,0,1,1,0,1,0,0,0,18,7,42,21,77,37,119,58,0,17,8,39,24,9,60,63,37,10,16,13,115,160.0,289.0,638.0,1106.385,3690.3677354273364,7393.68,1.0,2.0,2.0,1.0,26.0,10.0
Brighton,total,1983572,for,Season,753,29,522,437,501,218,112,192,194,243,26,3,35,6,59,29,1,131,97,92,34,49,430,7,12,8,20,5,8,7,11,9,5,0,1,1,0,1,0,0,0,22,10,42,21,74,35,116,56,1,8,5,33,38,7,40,71,30,7,13,16,125,186.0,580.0,1522.0,1576.26,8817.03909261685,9861.495,0.0,3.0,8.0,1.0,31.0,20.0
Leeds,time_block,1983572,against,0-15,113,0,84,70,81,39,22,23,16,54,1,0,2,0,10,6,0,12,8,6,4,3,78,0,0,0,0,0,0,0,0,0,0,0,0,0,0,0,0,0,0,1,0,8,4,8,5,16,9,1,1,3,7,1,0,6,8,5,1,1,3,17,25.0,100.0,270.0,138.70499999999998,1569.3289444971067,1137.045,0.0,0.0,0.0,0.0,9.0,0.0
Leeds,time_block,1983572,against,16-30,138,1,106,98,100,38,23,45,25,73,0,0,0,0,11,8,1,15,12,8,5,5,98,0,2,2,2,1,1,0,1,1,1,0,0,0,0,0,0,0,0,3,0,4,1,11,4,15,5,0,0,0,7,5,2,6,12,4,2,2,4,17,22.0,107.0,285.0,195.29999999999998,1706.9451567167814,826.77,0.0,1.0,1.0,0.0,4.0,2.0
Leeds,time_block,1983572,against,31-45,145,5,109,90,107,39,25,45,54,36,6,0,9,2,9,1,0,37,26,30,6,11,79,2,1,1,1,0,0,1,0,1,0,0,0,0,0,0,0,0,0,2,0,6,5,15,5,21,10,0,2,0,3,9,4,12,12,10,2,4,3,26,36.0,117.0,278.0,173.88,1650.2463317461766,2174.655,0.0,0.0,2.0,0.0,4.0,1.0
Leeds,time_block,1983572,against,46-60,106,4,66,50,63,28,10,28,31,19,5,0,7,0,7,3,0,23,21,18,7,10,48,2,2,1,3,0,1,2,1,2,0,0,0,0,0,0,0,0,0,4,1,9,6,11,3,20,9,0,2,1,7,9,0,7,16,4,2,2,0,24,32.0,74.0,173.0,367.92,965.2498947771368,1651.545,0.0,0.0,3.0,1.0,6.0,3.0
Leeds,time_block,1983572,against,61-75,97,9,53,39,52,31,9,13,19,20,8,1,10,2,7,3,0,18,11,13,4,7,40,2,3,1,7,3,3,1,4,3,3,0,1,1,0,1,0,0,0,6,5,6,1,12,7,18,8,0,1,1,1,4,0,3,5,3,0,1,1,19,33.0,69.0,193.0,282.345,1141.2445168087775,1947.855,0.0,2.0,0.0,0.0,4.0,7.0
Leeds,time_block,1983572,against,76+,154,10,104,90,98,43,23,38,49,41,6,2,7,2,15,8,0,26,19,17,8,13,87,1,4,3,7,1,3,3,5,2,1,0,0,0,0,0,0,0,0,6,4,9,4,17,11,26,15,0,2,0,8,10,1,6,18,4,0,3,5,22,38.0,113.0,323.0,418.11,1784.0242480708694,2123.625,0.0,0.0,2.0,0.0,4.0,7.0
Leeds,time_block,1983572,for,0-15,78,6,52,36,51,26,11,15,14,22,2,0,4,0,8,3,0,13,5,7,2,2,45,2,1,1,3,2,1,0,3,0,2,0,1,1,0,1,0,0,0,4,1,8,4,9,3,17,7,0,1,1,1,4,0,5,5,3,0,3,1,21,33.0,61.0,104.0,151.2,772.6042450955898,1818.18,1.0,1.0,0.0,0.0,7.0,3.0
Leeds,time_block,1983572,for,16-30,64,3,42,28,39,22,11,9,12,16,1,0,3,1,8,2,0,16,6,12,3,1,30,2,1,1,3,0,2,1,3,0,0,0,0,0,0,0,0,0,0,3,2,4,3,11,6,15,9,0,2,2,1,7,1,9,8,7,0,4,2,17,23.0,47.0,104.0,166.42499999999998,613.2890498259015,1381.3799999999999,0.0,0.0,1.0,1.0,0.0,3.0
Leeds,time_block,1983572,for,31-45,77,0,38,23,31,16,6,16,3,20,0,0,0,0,7,1,0,6,1,2,0,2,36,0,0,0,0,0,0,0,0,0,0,0,0,0,0,0,0,0,0,3,2,6,1,16,10,22,11,0,4,1,6,3,2,10,9,7,0,3,4,24,29.0,42.0,70.0,144.58499999999998,433.8314282751753,1058.82,0.0,0.0,0.0,0.0,6.0,0.0
Leeds,time_block,1983572,for,46-60,88,5,39,28,36,19,9,11,18,10,3,0,3,0,8,2,0,19,15,15,2,4,24,0,1,1,1,1,0,0,1,0,1,0,0,0,0,0,0,0,0,4,2,9,3,12,8,21,11,0,4,2,7,5,4,11,12,7,1,0,2,17,25.0,48.0,117.0,132.51000000000002,636.2108179525046,1142.4,0.0,0.0,1.0,0.0,6.0,1.0
Leeds,time_block,1983572,for,61-75,90,3,48,38,46,26,11,11,10,28,1,0,1,0,8,3,0,10,8,5,4,6,43,0,0,0,2,1,0,1,2,0,1,0,0,0,0,0,0,0,0,1,0,6,5,12,5,18,10,0,4,1,13,1,1,12,14,4,5,1,1,16,22.0,53.0,176.0,298.09499999999997,818.2010762813843,817.11,0.0,1.0,0.0,0.0,4.0,2.0
Leeds,time_block,1983572,for,76+,69,2,33,18,25,22,5,6,8,10,0,0,2,0,13,4,0,12,5,8,3,5,25,2,1,0,1,0,1,0,1,0,0,0,0,0,0,0,0,0,0,3,0,9,5,17,5,26,10,0,2,1,11,4,1,13,15,9,4,5,3,20,28.0,38.0,67.0,213.57000000000002,416.2311179967806,1175.79,0.0,0.0,0.0,0.0,3.0,1.0
Leeds,game_state,1983572,against,-2 or worse,0,0,0,0,0,0,0,0,0,0,0,0,0,0,0,0,0,0,0,0,0,0,0,0,0,0,0,0,0,0,0,0,0,0,0,0,0,0,0,0,0,0,0,0,0,0,0,0,0,0,0,0,0,0,0,0,0,0,0,0,0,0,0.0,0.0,0.0,0.0,0.0,0.0,0.0,0.0,0.0,0.0,0.0,0.0
Leeds,game_state,1983572,against,-1,0,0,0,0,0,0,0,0,0,0,0,0,0,0,0,0,0,0,0,0,0,0,0,0,0,0,0,0,0,0,0,0,0,0,0,0,0,0,0,0,0,0,0,0,0,0,0,0,0,0,0,0,0,0,0,0,0,0,0,0,0,0,0.0,0.0,0.0,0.0,0.0,0.0,0.0,0.0,0.0,0.0,0.0,0.0
Leeds,game_state,1983572,against,Level,286,11,197,163,188,89,44,64,65,98,7,2,9,2,26,14,0,38,27,23,12,17,174,1,4,3,7,1,3,3,5,2,1,0,0,0,0,0,0,0,0,7,4,18,8,27,17,45,25,1,4,4,16,13,1,14,29,11,1,4,8,47,72.0,213.0,577.0,603.33,3293.5104762602514,3557.715,0.0,1.0,2.0,0.0,17.0,7.0
Leeds,game_state,1983572,against,+1,467,18,325,274,313,129,68,128,129,145,19,1,26,4,33,15,1,93,70,69,22,32,256,6,8,5,13,4,5,4,6,7,4,0,1,1,0,1,0,0,0,15,6,24,13,47,18,71,31,0,4,1,17,25,6,26,42,19,6,9,8,78,114.0,367.0,945.0,972.93,5523.528616356597,6303.78,0.0,2.0,6.0,1.0,14.0,13.0
Leeds,game_state,1983572,against,+2 or better,0,0,0,0,0,0,0,0,0,0,0,0,0,0,0,0,0,0,0,0,0,0,0,0,0,0,0,0,0,0,0,0,0,0,0,0,0,0,0,0,0,0,0,0,0,0,0,0,0,0,0,0,0,0,0,0,0,0,0,0,0,0,0.0,0.0,0.0,0.0,0.0,0.0,0.0,0.0,0.0,0.0,0.0,0.0
Leeds,game_state,1983572,for,-2 or worse,0,0,0,0,0,0,0,0,0,0,0,0,0,0,0,0,0,0,0,0,0,0,0,0,0,0,0,0,0,0,0,0,0,0,0,0,0,0,0,0,0,0,0,0,0,0,0,0,0,0,0,0,0,0,0,0,0,0,0,0,0,0,0.0,0.0,0.0,0.0,0.0,0.0,0.0,0.0,0.0,0.0,0.0,0.0
Leeds,game_state,1983572,for,-1,0,0,0,0,0,0,0,0,0,0,0,0,0,0,0,0,0,0,0,0,0,0,0,0,0,0,0,0,0,0,0,0,0,0,0,0,0,0,0,0,0,0,0,0,0,0,0,0,0,0,0,0,0,0,0,0,0,0,0,0,0,0,0.0,0.0,0.0,0.0,0.0,0.0,0.0,0.0,0.0,0.0,0.0,0.0
Leeds,game_state,1983572,for,Level,171,10,100,62,91,56,18,26,28,34,3,0,7,0,24,8,0,31,14,18,7,10,82,4,2,1,5,2,2,1,5,0,2,0,1,1,0,1,0,0,0,8,1,18,10,28,9,46,19,0,4,2,12,9,2,20,21,14,4,8,4,50,72.0,116.0,228.0,462.52500000000003,1409.1864071951027,3597.4049999999997,1.0,1.0,0.0,0.0,10.0,5.0
Leeds,game_state,1983572,for,+1,295,9,152,109,137,75,35,42,37,72,4,0,6,1,28,7,0,45,26,31,7,10,121,2,2,2,5,2,2,1,5,0,2,0,0,0,0,0,0,0,0,10,6,24,11,49,28,73,39,0,13,6,27,15,7,40,42,23,6,8,9,65,88.0,173.0,410.0,643.86,2281.1813282322337,3796.275,0.0,1.0,2.0,1.0,16.0,5.0
Leeds,game_state,1983572,for,+2 or better,0,0,0,0,0,0,0,0,0,0,0,0,0,0,0,0,0,0,0,0,0,0,0,0,0,0,0,0,0,0,0,0,0,0,0,0,0,0,0,0,0,0,0,0,0,0,0,0,0,0,0,0,0,0,0,0,0,0,0,0,0,0,0.0,0.0,0.0,0.0,0.0,0.0,0.0,0.0,0.0,0.0,0.0,0.0
Leeds,total,1983572,against,Season,753,29,522,437,501,218,112,192,194,243,26,3,35,6,59,29,1,131,97,92,34,49,430,7,12,8,20,5,8,7,11,9,5,0,1,1,0,1,0,0,0,22,10,42,21,74,35,116,56,1,8,5,33,38,7,40,71,30,7,13,16,125,186.0,580.0,1522.0,1576.26,8817.03909261685,9861.495,0.0,3.0,8.0,1.0,31.0,20.0
Leeds,total,1983572,for,Season,466,19,252,171,228,131,53,68,65,106,7,0,13,1,52,15,0,76,40,49,14,20,203,6,4,3,10,4,4,2,10,0,4,0,1,1,0,1,0,0,0,18,7,42,21,77,37,119,58,0,17,8,39,24,9,60,63,37,10,16,13,115,160.0,289.0,638.0,1106.385,3690.3677354273364,7393.68,1.0,2.0,2.0,1.0,26.0,10.0
Brentford,time_block,1983573,against,0-15,144,8,107,92,103,42,25,40,49,43,6,1,7,1,13,6,0,24,18,19,6,11,88,1,1,1,2,1,1,0,2,0,1,0,0,0,0,0,0,0,0,4,1,7,5,14,6,21,11,0,2,3,5,13,1,10,18,10,2,2,3,23,39.0,135.0,312.0,325.185,1780.60339757817,2143.05,0.0,2.0,4.0,0.0,3.0,2.0
Brentford,time_block,1983573,against,16-30,105,1,79,69,76,23,20,36,46,23,2,0,2,0,6,3,0,23,19,20,7,5,59,1,0,0,1,1,0,0,0,1,0,1,0,0,0,0,0,0,0,1,1,9,5,8,5,17,10,0,2,1,7,4,1,5,11,3,0,1,2,13,17.0,68.0,156.0,76.12499999999999,829.0258649949049,860.475,1.0,0.0,0.0,0.0,0.0,1.0
Brentford,time_block,1983573,against,31-45,87,2,54,42,52,21,12,21,14,28,0,0,1,0,9,3,0,8,3,3,1,3,51,1,1,1,1,0,0,1,1,0,0,0,0,0,0,0,0,0,0,3,2,3,3,12,9,15,12,0,5,2,4,7,2,11,11,8,0,2,2,15,20.0,58.0,180.0,181.01999999999998,797.3091898904773,808.29,0.0,0.0,1.0,0.0,5.0,1.0
Brentford,time_block,1983573,against,46-60,95,1,58,50,51,20,11,27,24,26,2,0,2,0,6,3,0,12,9,12,1,1,46,2,1,0,2,0,1,1,1,1,0,0,0,0,0,0,0,0,0,2,0,3,1,7,4,10,5,0,4,6,6,6,1,12,12,9,1,0,0,16,22.0,64.0,182.0,197.925,930.0590247841864,885.15,0.0,0.0,2.0,1.0,5.0,2.0
Brentford,time_block,1983573,against,61-75,131,8,93,82,90,34,19,40,46,36,7,1,8,1,8,1,0,28,21,19,7,11,74,3,2,1,3,0,0,3,2,1,0,0,0,0,0,0,0,0,0,4,2,2,0,11,7,13,7,0,5,1,2,6,0,7,8,4,0,1,0,19,32.0,104.0,287.0,304.91999999999996,1382.1839998782882,1820.805,1.0,2.0,1.0,0.0,4.0,3.0
Brentford,time_block,1983573,against,76+,159,9,123,111,119,35,28,60,69,42,5,0,8,0,6,4,0,48,42,45,8,15,78,4,2,1,3,0,1,2,2,1,0,0,0,0,0,0,0,0,0,4,2,8,3,13,7,21,10,0,2,0,4,2,0,4,6,1,1,1,3,17,32.0,135.0,335.0,155.085,1809.7932943323106,2026.185,1.0,1.0,0.0,0.0,2.0,3.0
Brentford,time_block,1983573,for,0-15,107,1,69,51,67,32,11,26,16,35,3,1,3,1,14,8,0,15,8,5,6,5,64,0,1,1,1,0,1,0,1,0,0,0,0,0,0,0,0,0,0,5,2,7,2,15,8,22,10,0,4,1,7,9,0,9,16,5,1,3,2,25,33.0,80.0,215.0,221.65499999999997,1133.2432935268462,1158.045,0.0,0.0,2.0,1.0,9.0,1.0
Brentford,time_block,1983573,for,16-30,66,4,42,33,40,22,6,14,18,15,1,1,3,1,8,5,0,16,10,10,7,6,32,2,0,0,1,0,0,1,1,0,0,0,0,0,0,0,0,0,0,1,0,9,4,8,3,17,7,0,2,2,2,2,1,8,4,4,1,2,1,15,19.0,49.0,103.0,231.525,703.5561756442206,1027.95,0.0,0.0,0.0,0.0,2.0,1.0
Brentford,time_block,1983573,for,31-45,127,4,95,84,90,38,16,41,33,51,1,1,1,1,6,3,0,22,17,16,10,8,79,0,3,1,5,2,1,2,2,3,1,1,0,0,0,0,0,0,0,1,0,3,0,12,3,15,3,0,1,0,1,8,3,8,9,7,2,2,2,20,30.0,103.0,286.0,354.69,1521.5578662974397,1393.35,0.0,1.0,0.0,0.0,2.0,5.0
Brentford,time_block,1983573,for,46-60,112,5,88,71,85,35,16,37,31,40,2,0,3,1,11,3,0,28,19,19,6,8,69,1,1,1,2,1,1,0,1,1,1,0,1,1,0,1,0,0,0,3,1,3,2,7,3,10,5,0,2,3,2,9,0,5,11,3,0,0,0,22,28.0,93.0,196.0,140.06999999999996,1176.9306948376113,1358.385,0.0,0.0,1.0,0.0,4.0,2.0
Brentford,time_block,1983573,for,61-75,75,5,34,26,31,18,5,11,10,16,2,1,2,1,6,3,1,6,3,5,0,3,29,0,1,1,1,0,0,1,1,0,0,0,0,0,0,0,0,0,0,2,0,2,2,12,4,14,6,0,3,0,13,5,2,7,18,2,2,0,1,18,22.0,37.0,100.0,365.505,640.810307794683,769.02,0.0,1.0,0.0,0.0,9.0,1.0
Brentford,time_block,1983573,for,76+,55,5,21,11,18,14,2,5,6,5,0,0,1,0,7,3,0,8,4,6,1,2,15,1,1,1,3,3,0,0,3,0,3,0,2,2,0,2,0,0,0,3,1,8,5,12,5,20,10,0,3,1,9,2,2,11,11,2,2,3,1,14,22.0,24.0,29.0,141.64499999999998,253.4415490016418,1208.865,0.0,1.0,0.0,0.0,5.0,3.0
Brentford,game_state,1983573,against,-2 or worse,0,0,0,0,0,0,0,0,0,0,0,0,0,0,0,0,0,0,0,0,0,0,0,0,0,0,0,0,0,0,0,0,0,0,0,0,0,0,0,0,0,0,0,0,0,0,0,0,0,0,0,0,0,0,0,0,0,0,0,0,0,0,0.0,0.0,0.0,0.0,0.0,0.0,0.0,0.0,0.0,0.0,0.0,0.0
Brentford,game_state,1983573,against,-1,0,0,0,0,0,0,0,0,0,0,0,0,0,0,0,0,0,0,0,0,0,0,0,0,0,0,0,0,0,0,0,0,0,0,0,0,0,0,0,0,0,0,0,0,0,0,0,0,0,0,0,0,0,0,0,0,0,0,0,0,0,0,0.0,0.0,0.0,0.0,0.0,0.0,0.0,0.0,0.0,0.0,0.0,0.0
Brentford,game_state,1983573,against,Level,431,12,298,253,282,106,68,124,133,120,10,1,12,1,34,15,0,67,49,54,15,20,244,5,3,2,6,2,2,2,4,2,1,1,0,0,0,0,0,0,0,10,4,22,14,41,24,63,38,0,13,12,22,30,5,38,52,30,3,5,7,67,98.0,325.0,830.0,780.255,4336.997477247739,4696.965,1.0,2.0,7.0,1.0,13.0,6.0
Brentford,game_state,1983573,against,+1,175,14,124,111,119,43,26,55,66,45,11,1,13,1,10,3,0,47,38,37,7,16,87,6,3,1,5,0,0,5,3,2,0,0,0,0,0,0,0,0,0,6,3,6,0,15,8,21,8,0,5,1,2,6,0,8,8,5,0,2,0,23,42.0,142.0,389.0,340.61999999999995,1873.7996738411875,2620.695,1.0,2.0,1.0,0.0,4.0,5.0
Brentford,game_state,1983573,against,+2 or better,115,3,92,82,90,26,21,45,49,33,1,0,3,0,4,2,0,29,25,27,8,10,65,1,1,1,1,0,1,0,1,0,0,0,0,0,0,0,0,0,0,2,1,4,3,9,6,13,9,0,2,0,4,2,0,3,6,0,1,0,3,13,22.0,97.0,233.0,119.385,1318.1776203694112,1226.295,1.0,1.0,0.0,0.0,2.0,1.0
Brentford,game_state,1983573,for,-2 or worse,0,0,0,0,0,0,0,0,0,0,0,0,0,0,0,0,0,0,0,0,0,0,0,0,0,0,0,0,0,0,0,0,0,0,0,0,0,0,0,0,0,0,0,0,0,0,0,0,0,0,0,0,0,0,0,0,0,0,0,0,0,0,0.0,0.0,0.0,0.0,0.0,0.0,0.0,0.0,0.0,0.0,0.0,0.0
Brentford,game_state,1983573,for,-1,0,0,0,0,0,0,0,0,0,0,0,0,0,0,0,0,0,0,0,0,0,0,0,0,0,0,0,0,0,0,0,0,0,0,0,0,0,0,0,0,0,0,0,0,0,0,0,0,0,0,0,0,0,0,0,0,0,0,0,0,0,0,0.0,0.0,0.0,0.0,0.0,0.0,0.0,0.0,0.0,0.0,0.0,0.0
Brentford,game_state,1983573,for,Level,412,14,294,239,282,127,49,118,98,141,7,3,10,4,39,19,0,81,54,50,29,27,244,3,5,3,9,3,3,3,5,4,2,1,1,1,0,1,0,0,0,10,3,22,8,42,17,64,25,0,9,6,12,28,4,30,40,19,4,7,5,82,110.0,325.0,800.0,947.9399999999999,4535.288030306117,4937.73,0.0,1.0,3.0,1.0,17.0,9.0
Brentford,game_state,1983573,for,+1,96,7,38,29,34,22,5,11,10,19,2,1,2,1,8,5,1,8,4,5,1,4,33,0,2,2,3,2,0,1,3,0,2,0,1,1,0,1,0,0,0,2,0,6,6,16,7,22,13,0,5,1,20,6,2,11,26,2,3,0,2,19,26.0,41.0,109.0,476.48999999999995,755.2604566119301,930.51,0.0,2.0,0.0,0.0,10.0,3.0
Brentford,game_state,1983573,for,+2 or better,34,3,17,8,15,10,2,5,6,2,0,0,1,0,5,1,0,6,3,6,0,1,11,1,0,0,1,1,0,0,1,0,1,0,1,1,0,1,0,0,0,3,1,4,1,8,2,12,3,0,1,0,2,1,2,7,3,2,1,3,0,13,18.0,20.0,20.0,30.66,138.99140018439482,1047.375,0.0,0.0,0.0,0.0,4.0,1.0
Brentford,total,1983573,against,Season,721,29,514,446,491,175,115,224,248,198,22,2,28,2,48,20,0,143,112,118,30,46,396,12,7,4,12,2,3,7,8,4,1,1,0,0,0,0,0,0,0,18,8,32,17,65,38,97,55,0,20,13,28,38,5,49,66,35,4,7,10,103,162.0,564.0,1452.0,1240.26,7528.974771458337,8543.955,3.0,5.0,8.0,1.0,19.0,12.0
Brentford,total,1983573,for,Season,542,24,349,276,331,159,56,134,114,162,9,4,13,5,52,25,1,95,61,61,30,32,288,4,7,5,13,6,3,4,9,4,5,1,3,3,0,3,0,0,0,15,4,32,15,66,26,98,41,0,15,7,34,35,8,48,69,23,8,10,7,114,154.0,386.0,929.0,1455.09,5429.539887102443,6915.615,0.0,3.0,3.0,1.0,31.0,13.0
Chelsea,time_block,1983573,against,0-15,107,1,69,51,67,32,11,26,16,35,3,1,3,1,14,8,0,15,8,5,6,5,64,0,1,1,1,0,1,0,1,0,0,0,0,0,0,0,0,0,0,5,2,7,2,15,8,22,10,0,4,1,7,9,0,9,16,5,1,3,2,25,33.0,80.0,215.0,221.65499999999997,1133.2432935268462,1158.045,0.0,0.0,2.0,1.0,9.0,1.0
Chelsea,time_block,1983573,against,16-30,66,4,42,33,40,22,6,14,18,15,1,1,3,1,8,5,0,16,10,10,7,6,32,2,0,0,1,0,0,1,1,0,0,0,0,0,0,0,0,0,0,1,0,9,4,8,3,17,7,0,2,2,2,2,1,8,4,4,1,2,1,15,19.0,49.0,103.0,231.525,703.5561756442206,1027.95,0.0,0.0,0.0,0.0,2.0,1.0
Chelsea,time_block,1983573,against,31-45,127,4,95,84,90,38,16,41,33,51,1,1,1,1,6,3,0,22,17,16,10,8,79,0,3,1,5,2,1,2,2,3,1,1,0,0,0,0,0,0,0,1,0,3,0,12,3,15,3,0,1,0,1,8,3,8,9,7,2,2,2,20,30.0,103.0,286.0,354.69,1521.5578662974397,1393.35,0.0,1.0,0.0,0.0,2.0,5.0
Chelsea,time_block,1983573,against,46-60,112,5,88,71,85,35,16,37,31,40,2,0,3,1,11,3,0,28,19,19,6,8,69,1,1,1,2,1,1,0,1,1,1,0,1,1,0,1,0,0,0,3,1,3,2,7,3,10,5,0,2,3,2,9,0,5,11,3,0,0,0,22,28.0,93.0,196.0,140.06999999999996,1176.9306948376113,1358.385,0.0,0.0,1.0,0.0,4.0,2.0
Chelsea,time_block,1983573,against,61-75,75,5,34,26,31,18,5,11,10,16,2,1,2,1,6,3,1,6,3,5,0,3,29,0,1,1,1,0,0,1,1,0,0,0,0,0,0,0,0,0,0,2,0,2,2,12,4,14,6,0,3,0,13,5,2,7,18,2,2,0,1,18,22.0,37.0,100.0,365.505,640.810307794683,769.02,0.0,1.0,0.0,0.0,9.0,1.0
Chelsea,time_block,1983573,against,76+,55,5,21,11,18,14,2,5,6,5,0,0,1,0,7,3,0,8,4,6,1,2,15,1,1,1,3,3,0,0,3,0,3,0,2,2,0,2,0,0,0,3,1,8,5,12,5,20,10,0,3,1,9,2,2,11,11,2,2,3,1,14,22.0,24.0,29.0,141.64499999999998,253.4415490016418,1208.865,0.0,1.0,0.0,0.0,5.0,3.0
Chelsea,time_block,1983573,for,0-15,144,8,107,92,103,42,25,40,49,43,6,1,7,1,13,6,0,24,18,19,6,11,88,1,1,1,2,1,1,0,2,0,1,0,0,0,0,0,0,0,0,4,1,7,5,14,6,21,11,0,2,3,5,13,1,10,18,10,2,2,3,23,39.0,135.0,312.0,325.185,1780.60339757817,2143.05,0.0,2.0,4.0,0.0,3.0,2.0
Chelsea,time_block,1983573,for,16-30,105,1,79,69,76,23,20,36,46,23,2,0,2,0,6,3,0,23,19,20,7,5,59,1,0,0,1,1,0,0,0,1,0,1,0,0,0,0,0,0,0,1,1,9,5,8,5,17,10,0,2,1,7,4,1,5,11,3,0,1,2,13,17.0,68.0,156.0,76.12499999999999,829.0258649949049,860.475,1.0,0.0,0.0,0.0,0.0,1.0
Chelsea,time_block,1983573,for,31-45,87,2,54,42,52,21,12,21,14,28,0,0,1,0,9,3,0,8,3,3,1,3,51,1,1,1,1,0,0,1,1,0,0,0,0,0,0,0,0,0,0,3,2,3,3,12,9,15,12,0,5,2,4,7,2,11,11,8,0,2,2,15,20.0,58.0,180.0,181.01999999999998,797.3091898904773,808.29,0.0,0.0,1.0,0.0,5.0,1.0
Chelsea,time_block,1983573,for,46-60,95,1,58,50,51,20,11,27,24,26,2,0,2,0,6,3,0,12,9,12,1,1,46,2,1,0,2,0,1,1,1,1,0,0,0,0,0,0,0,0,0,2,0,3,1,7,4,10,5,0,4,6,6,6,1,12,12,9,1,0,0,16,22.0,64.0,182.0,197.925,930.0590247841864,885.15,0.0,0.0,2.0,1.0,5.0,2.0
Chelsea,time_block,1983573,for,61-75,131,8,93,82,90,34,19,40,46,36,7,1,8,1,8,1,0,28,21,19,7,11,74,3,2,1,3,0,0,3,2,1,0,0,0,0,0,0,0,0,0,4,2,2,0,11,7,13,7,0,5,1,2,6,0,7,8,4,0,1,0,19,32.0,104.0,287.0,304.91999999999996,1382.1839998782882,1820.805,1.0,2.0,1.0,0.0,4.0,3.0
Chelsea,time_block,1983573,for,76+,159,9,123,111,119,35,28,60,69,42,5,0,8,0,6,4,0,48,42,45,8,15,78,4,2,1,3,0,1,2,2,1,0,0,0,0,0,0,0,0,0,4,2,8,3,13,7,21,10,0,2,0,4,2,0,4,6,1,1,1,3,17,32.0,135.0,335.0,155.085,1809.7932943323106,2026.185,1.0,1.0,0.0,0.0,2.0,3.0
Chelsea,game_state,1983573,against,-2 or worse,34,3,17,8,15,10,2,5,6,2,0,0,1,0,5,1,0,6,3,6,0,1,11,1,0,0,1,1,0,0,1,0,1,0,1,1,0,1,0,0,0,3,1,4,1,8,2,12,3,0,1,0,2,1,2,7,3,2,1,3,0,13,18.0,20.0,20.0,30.66,138.99140018439482,1047.375,0.0,0.0,0.0,0.0,4.0,1.0
Chelsea,game_state,1983573,against,-1,96,7,38,29,34,22,5,11,10,19,2,1,2,1,8,5,1,8,4,5,1,4,33,0,2,2,3,2,0,1,3,0,2,0,1,1,0,1,0,0,0,2,0,6,6,16,7,22,13,0,5,1,20,6,2,11,26,2,3,0,2,19,26.0,41.0,109.0,476.48999999999995,755.2604566119301,930.51,0.0,2.0,0.0,0.0,10.0,3.0
Chelsea,game_state,1983573,against,Level,412,14,294,239,282,127,49,118,98,141,7,3,10,4,39,19,0,81,54,50,29,27,244,3,5,3,9,3,3,3,5,4,2,1,1,1,0,1,0,0,0,10,3,22,8,42,17,64,25,0,9,6,12,28,4,30,40,19,4,7,5,82,110.0,325.0,800.0,947.9399999999999,4535.288030306117,4937.73,0.0,1.0,3.0,1.0,17.0,9.0
Chelsea,game_state,1983573,against,+1,0,0,0,0,0,0,0,0,0,0,0,0,0,0,0,0,0,0,0,0,0,0,0,0,0,0,0,0,0,0,0,0,0,0,0,0,0,0,0,0,0,0,0,0,0,0,0,0,0,0,0,0,0,0,0,0,0,0,0,0,0,0,0.0,0.0,0.0,0.0,0.0,0.0,0.0,0.0,0.0,0.0,0.0,0.0
Chelsea,game_state,1983573,against,+2 or better,0,0,0,0,0,0,0,0,0,0,0,0,0,0,0,0,0,0,0,0,0,0,0,0,0,0,0,0,0,0,0,0,0,0,0,0,0,0,0,0,0,0,0,0,0,0,0,0,0,0,0,0,0,0,0,0,0,0,0,0,0,0,0.0,0.0,0.0,0.0,0.0,0.0,0.0,0.0,0.0,0.0,0.0,0.0
Chelsea,game_state,1983573,for,-2 or worse,115,3,92,82,90,26,21,45,49,33,1,0,3,0,4,2,0,29,25,27,8,10,65,1,1,1,1,0,1,0,1,0,0,0,0,0,0,0,0,0,0,2,1,4,3,9,6,13,9,0,2,0,4,2,0,3,6,0,1,0,3,13,22.0,97.0,233.0,119.385,1318.1776203694112,1226.295,1.0,1.0,0.0,0.0,2.0,1.0
Chelsea,game_state,1983573,for,-1,175,14,124,111,119,43,26,55,66,45,11,1,13,1,10,3,0,47,38,37,7,16,87,6,3,1,5,0,0,5,3,2,0,0,0,0,0,0,0,0,0,6,3,6,0,15,8,21,8,0,5,1,2,6,0,8,8,5,0,2,0,23,42.0,142.0,389.0,340.61999999999995,1873.7996738411875,2620.695,1.0,2.0,1.0,0.0,4.0,5.0
Chelsea,game_state,1983573,for,Level,431,12,298,253,282,106,68,124,133,120,10,1,12,1,34,15,0,67,49,54,15,20,244,5,3,2,6,2,2,2,4,2,1,1,0,0,0,0,0,0,0,10,4,22,14,41,24,63,38,0,13,12,22,30,5,38,52,30,3,5,7,67,98.0,325.0,830.0,780.255,4336.997477247739,4696.965,1.0,2.0,7.0,1.0,13.0,6.0
Chelsea,game_state,1983573,for,+1,0,0,0,0,0,0,0,0,0,0,0,0,0,0,0,0,0,0,0,0,0,0,0,0,0,0,0,0,0,0,0,0,0,0,0,0,0,0,0,0,0,0,0,0,0,0,0,0,0,0,0,0,0,0,0,0,0,0,0,0,0,0,0.0,0.0,0.0,0.0,0.0,0.0,0.0,0.0,0.0,0.0,0.0,0.0
Chelsea,game_state,1983573,for,+2 or better,0,0,0,0,0,0,0,0,0,0,0,0,0,0,0,0,0,0,0,0,0,0,0,0,0,0,0,0,0,0,0,0,0,0,0,0,0,0,0,0,0,0,0,0,0,0,0,0,0,0,0,0,0,0,0,0,0,0,0,0,0,0,0.0,0.0,0.0,0.0,0.0,0.0,0.0,0.0,0.0,0.0,0.0,0.0
Chelsea,total,1983573,against,Season,542,24,349,276,331,159,56,134,114,162,9,4,13,5,52,25,1,95,61,61,30,32,288,4,7,5,13,6,3,4,9,4,5,1,3,3,0,3,0,0,0,15,4,32,15,66,26,98,41,0,15,7,34,35,8,48,69,23,8,10,7,114,154.0,386.0,929.0,1455.09,5429.539887102443,6915.615,0.0,3.0,3.0,1.0,31.0,13.0
Chelsea,total,1983573,for,Season,721,29,514,446,491,175,115,224,248,198,22,2,28,2,48,20,0,143,112,118,30,46,396,12,7,4,12,2,3,7,8,4,1,1,0,0,0,0,0,0,0,18,8,32,17,65,38,97,55,0,20,13,28,38,5,49,66,35,4,7,10,103,162.0,564.0,1452.0,1240.26,7528.974771458337,8543.955,3.0,5.0,8.0,1.0,19.0,12.0
Everton,time_block,1983574,against,0-15,79,2,56,45,53,30,9,17,17,28,1,1,1,1,4,1,0,9,6,5,2,4,51,0,1,1,1,0,1,0,1,0,0,0,0,0,0,0,0,0,0,3,0,4,1,14,4,18,5,0,1,1,3,9,2,10,12,4,3,3,3,17,23.0,57.0,154.0,189.94500000000002,770.2367950225223,628.32,0.0,0.0,0.0,0.0,15.0,1.0
Everton,time_block,1983574,against,16-30,130,3,106,98,103,44,28,34,35,63,2,0,3,0,6,5,1,14,11,11,7,7,95,1,4,1,5,1,1,3,1,4,0,1,0,0,0,0,0,0,0,2,2,3,3,6,4,9,7,0,1,1,5,6,0,4,11,3,1,1,1,8,21.0,113.0,331.0,297.15000000000003,1725.280022123985,927.78,2.0,0.0,1.0,0.0,5.0,5.0
Everton,time_block,1983574,against,31-45,173,5,136,121,134,58,28,50,51,70,2,0,4,0,5,1,1,29,22,21,8,12,115,1,1,0,1,0,0,1,1,0,0,0,0,0,0,0,0,0,0,5,2,8,3,11,3,19,6,0,0,3,6,8,0,6,14,2,2,1,1,23,30.0,144.0,379.0,509.985,2036.869759380141,1226.295,3.0,0.0,0.0,0.0,8.0,2.0
Everton,time_block,1983574,against,46-60,105,3,77,62,76,34,19,24,36,26,0,0,0,0,7,2,0,27,20,26,5,7,51,0,0,0,1,1,0,0,0,1,0,1,1,0,1,1,0,0,0,1,1,2,2,9,5,11,7,0,3,0,4,6,1,8,10,3,3,1,1,17,24.0,84.0,249.0,226.695,1156.930647432419,966.105,0.0,1.0,0.0,0.0,7.0,0.0
Everton,time_block,1983574,against,61-75,108,4,81,74,79,33,23,25,38,36,0,0,1,1,6,3,0,13,10,14,4,6,67,1,1,1,4,0,2,2,1,3,0,0,0,0,0,0,0,0,0,4,1,5,3,10,3,15,6,0,1,3,5,5,2,9,10,7,0,3,1,11,14.0,84.0,242.0,248.01,1390.2752111761347,630.21,0.0,0.0,1.0,1.0,2.0,4.0
Everton,time_block,1983574,against,76+,107,9,71,58,68,28,21,22,32,26,2,2,2,2,10,4,0,20,14,17,5,7,54,0,2,2,2,1,1,0,2,0,1,0,1,1,0,1,0,0,0,1,0,8,4,11,5,19,9,0,5,1,10,6,1,10,16,3,1,2,0,19,22.0,75.0,197.0,141.75,1149.0629780684626,900.9,1.0,0.0,0.0,0.0,4.0,2.0
Everton,time_block,1983574,for,0-15,116,2,88,75,85,33,24,31,39,36,2,0,2,0,12,4,0,28,17,17,6,10,71,0,1,0,1,0,0,1,0,1,0,0,0,0,0,0,0,0,0,3,3,4,3,14,10,18,13,0,4,0,0,6,2,9,6,9,0,3,3,18,28.0,110.0,281.0,109.41,1549.1445859785356,1615.635,0.0,0.0,3.0,0.0,2.0,1.0
Everton,time_block,1983574,for,16-30,107,0,80,75,77,29,23,28,38,37,5,0,5,0,4,2,0,25,22,24,3,6,56,0,0,0,0,0,0,0,0,0,0,0,0,0,0,0,0,0,0,2,1,3,0,6,2,9,2,0,0,2,4,4,3,8,8,6,2,1,1,7,13.0,75.0,223.0,325.815,1204.7746944507749,490.56,0.0,0.0,1.0,0.0,3.0,0.0
Everton,time_block,1983574,for,31-45,112,7,75,65,74,29,17,29,24,41,3,1,4,2,7,3,0,19,13,16,1,6,59,0,3,2,4,1,2,1,4,0,1,0,0,0,0,0,0,0,0,2,2,8,5,11,8,19,13,0,5,3,6,8,2,13,14,5,2,1,1,13,22.0,84.0,236.0,297.045,1307.3738037450148,1227.765,0.0,1.0,3.0,1.0,2.0,4.0
Everton,time_block,1983574,for,46-60,88,7,54,45,52,24,11,19,21,24,3,0,5,0,7,3,0,20,13,14,4,8,40,2,3,2,4,1,0,3,4,0,1,0,0,0,0,0,0,0,0,4,3,2,0,9,4,11,4,0,0,5,1,7,1,8,8,5,1,1,1,14,25.0,64.0,177.0,262.08000000000004,1071.9355288639686,1409.1,0.0,0.0,1.0,0.0,2.0,4.0
Everton,time_block,1983574,for,61-75,69,5,47,38,42,27,10,10,18,20,1,0,2,1,4,2,1,15,10,13,0,6,34,1,2,2,4,1,2,1,3,1,0,1,0,0,0,0,0,0,0,0,0,5,2,10,7,15,9,0,4,1,1,7,0,7,8,4,1,1,3,11,20.0,51.0,129.0,265.965,760.5799962423989,995.505,0.0,0.0,1.0,0.0,2.0,4.0
Everton,time_block,1983574,for,76+,114,11,74,63,72,34,18,22,38,25,1,0,3,1,8,2,0,45,34,35,7,17,39,1,4,3,5,3,1,1,3,2,2,1,2,1,1,2,0,0,0,4,1,8,4,12,6,20,10,0,3,1,6,7,0,4,13,3,0,0,2,19,29.0,81.0,242.0,373.275,1300.862998212346,1638.63,2.0,2.0,1.0,0.0,1.0,5.0
Everton,game_state,1983574,against,-2 or worse,0,0,0,0,0,0,0,0,0,0,0,0,0,0,0,0,0,0,0,0,0,0,0,0,0,0,0,0,0,0,0,0,0,0,0,0,0,0,0,0,0,0,0,0,0,0,0,0,0,0,0,0,0,0,0,0,0,0,0,0,0,0,0.0,0.0,0.0,0.0,0.0,0.0,0.0,0.0,0.0,0.0,0.0,0.0
Everton,game_state,1983574,against,-1,271,9,193,161,187,83,52,58,88,73,0,0,1,1,21,8,0,50,35,47,11,16,146,1,1,1,4,0,2,2,1,3,0,0,0,0,0,0,0,0,0,5,2,14,8,27,13,41,21,0,9,4,18,16,3,25,34,11,4,5,2,41,54.0,204.0,590.0,519.12,3069.1605145772196,2147.04,0.0,1.0,1.0,1.0,13.0,4.0
Everton,game_state,1983574,against,Level,431,17,334,297,326,144,76,114,121,176,7,3,10,3,17,8,2,62,48,47,20,27,287,2,8,4,10,3,3,4,5,5,1,2,2,1,1,2,0,0,0,11,4,16,8,34,11,50,19,0,2,5,15,24,3,22,39,11,6,6,5,54,80.0,353.0,962.0,1094.415,5159.494898626444,3132.57,6.0,0.0,1.0,0.0,28.0,10.0
Everton,game_state,1983574,against,+1,0,0,0,0,0,0,0,0,0,0,0,0,0,0,0,0,0,0,0,0,0,0,0,0,0,0,0,0,0,0,0,0,0,0,0,0,0,0,0,0,0,0,0,0,0,0,0,0,0,0,0,0,0,0,0,0,0,0,0,0,0,0,0.0,0.0,0.0,0.0,0.0,0.0,0.0,0.0,0.0,0.0,0.0,0.0
Everton,game_state,1983574,against,+2 or better,0,0,0,0,0,0,0,0,0,0,0,0,0,0,0,0,0,0,0,0,0,0,0,0,0,0,0,0,0,0,0,0,0,0,0,0,0,0,0,0,0,0,0,0,0,0,0,0,0,0,0,0,0,0,0,0,0,0,0,0,0,0,0.0,0.0,0.0,0.0,0.0,0.0,0.0,0.0,0.0,0.0,0.0,0.0
Everton,game_state,1983574,for,-2 or worse,0,0,0,0,0,0,0,0,0,0,0,0,0,0,0,0,0,0,0,0,0,0,0,0,0,0,0,0,0,0,0,0,0,0,0,0,0,0,0,0,0,0,0,0,0,0,0,0,0,0,0,0,0,0,0,0,0,0,0,0,0,0,0.0,0.0,0.0,0.0,0.0,0.0,0.0,0.0,0.0,0.0,0.0,0.0
Everton,game_state,1983574,for,-1,252,23,166,140,159,80,36,50,77,63,5,0,10,2,16,7,1,77,57,62,11,31,104,4,9,7,13,5,3,5,10,3,3,2,2,1,1,2,0,0,0,8,4,14,6,28,14,42,20,0,5,7,5,21,1,17,26,11,2,2,5,39,69.0,186.0,512.0,881.79,2958.5208032640376,3895.08,2.0,2.0,3.0,0.0,5.0,13.0
Everton,game_state,1983574,for,Level,354,9,252,221,243,96,67,89,101,120,10,1,11,2,26,9,0,75,52,57,10,22,195,0,4,2,5,1,2,2,4,1,1,0,0,0,0,0,0,0,0,7,6,16,8,34,23,50,31,0,11,5,13,18,7,32,31,21,4,5,6,43,68.0,279.0,776.0,751.8,4236.150804229002,3482.115,0.0,1.0,7.0,1.0,7.0,5.0
Everton,game_state,1983574,for,+1,0,0,0,0,0,0,0,0,0,0,0,0,0,0,0,0,0,0,0,0,0,0,0,0,0,0,0,0,0,0,0,0,0,0,0,0,0,0,0,0,0,0,0,0,0,0,0,0,0,0,0,0,0,0,0,0,0,0,0,0,0,0,0.0,0.0,0.0,0.0,0.0,0.0,0.0,0.0,0.0,0.0,0.0,0.0
Everton,game_state,1983574,for,+2 or better,0,0,0,0,0,0,0,0,0,0,0,0,0,0,0,0,0,0,0,0,0,0,0,0,0,0,0,0,0,0,0,0,0,0,0,0,0,0,0,0,0,0,0,0,0,0,0,0,0,0,0,0,0,0,0,0,0,0,0,0,0,0,0.0,0.0,0.0,0.0,0.0,0.0,0.0,0.0,0.0,0.0,0.0,0.0
Everton,total,1983574,against,Season,702,26,527,458,513,227,128,172,209,249,7,3,11,4,38,16,2,112,83,94,31,43,433,3,9,5,14,3,5,6,6,8,1,2,2,1,1,2,0,0,0,16,6,30,16,61,24,91,40,0,11,9,33,40,6,47,73,22,10,11,7,95,134.0,557.0,1552.0,1613.535,8228.655413203664,5279.61,6.0,1.0,2.0,1.0,41.0,14.0
Everton,total,1983574,for,Season,606,32,418,361,402,176,103,139,178,183,15,1,21,4,42,16,1,152,109,119,21,53,299,4,13,9,18,6,5,7,14,4,4,2,2,1,1,2,0,0,0,15,10,30,14,62,37,92,51,0,16,12,18,39,8,49,57,32,6,7,11,82,137.0,465.0,1288.0,1633.59,7194.671607493039,7377.195,2.0,3.0,10.0,1.0,12.0,18.0
Man Utd,time_block,1983574,against,0-15,116,2,88,75,85,33,24,31,39,36,2,0,2,0,12,4,0,28,17,17,6,10,71,0,1,0,1,0,0,1,0,1,0,0,0,0,0,0,0,0,0,3,3,4,3,14,10,18,13,0,4,0,0,6,2,9,6,9,0,3,3,18,28.0,110.0,281.0,109.41,1549.1445859785356,1615.635,0.0,0.0,3.0,0.0,2.0,1.0
Man Utd,time_block,1983574,against,16-30,107,0,80,75,77,29,23,28,38,37,5,0,5,0,4,2,0,25,22,24,3,6,56,0,0,0,0,0,0,0,0,0,0,0,0,0,0,0,0,0,0,2,1,3,0,6,2,9,2,0,0,2,4,4,3,8,8,6,2,1,1,7,13.0,75.0,223.0,325.815,1204.7746944507749,490.56,0.0,0.0,1.0,0.0,3.0,0.0
Man Utd,time_block,1983574,against,31-45,112,7,75,65,74,29,17,29,24,41,3,1,4,2,7,3,0,19,13,16,1,6,59,0,3,2,4,1,2,1,4,0,1,0,0,0,0,0,0,0,0,2,2,8,5,11,8,19,13,0,5,3,6,8,2,13,14,5,2,1,1,13,22.0,84.0,236.0,297.045,1307.3738037450148,1227.765,0.0,1.0,3.0,1.0,2.0,4.0
Man Utd,time_block,1983574,against,46-60,88,7,54,45,52,24,11,19,21,24,3,0,5,0,7,3,0,20,13,14,4,8,40,2,3,2,4,1,0,3,4,0,1,0,0,0,0,0,0,0,0,4,3,2,0,9,4,11,4,0,0,5,1,7,1,8,8,5,1,1,1,14,25.0,64.0,177.0,262.08000000000004,1071.9355288639686,1409.1,0.0,0.0,1.0,0.0,2.0,4.0
Man Utd,time_block,1983574,against,61-75,69,5,47,38,42,27,10,10,18,20,1,0,2,1,4,2,1,15,10,13,0,6,34,1,2,2,4,1,2,1,3,1,0,1,0,0,0,0,0,0,0,0,0,5,2,10,7,15,9,0,4,1,1,7,0,7,8,4,1,1,3,11,20.0,51.0,129.0,265.965,760.5799962423989,995.505,0.0,0.0,1.0,0.0,2.0,4.0
Man Utd,time_block,1983574,against,76+,114,11,74,63,72,34,18,22,38,25,1,0,3,1,8,2,0,45,34,35,7,17,39,1,4,3,5,3,1,1,3,2,2,1,2,1,1,2,0,0,0,4,1,8,4,12,6,20,10,0,3,1,6,7,0,4,13,3,0,0,2,19,29.0,81.0,242.0,373.275,1300.862998212346,1638.63,2.0,2.0,1.0,0.0,1.0,5.0
Man Utd,time_block,1983574,for,0-15,79,2,56,45,53,30,9,17,17,28,1,1,1,1,4,1,0,9,6,5,2,4,51,0,1,1,1,0,1,0,1,0,0,0,0,0,0,0,0,0,0,3,0,4,1,14,4,18,5,0,1,1,3,9,2,10,12,4,3,3,3,17,23.0,57.0,154.0,189.94500000000002,770.2367950225223,628.32,0.0,0.0,0.0,0.0,15.0,1.0
Man Utd,time_block,1983574,for,16-30,130,3,106,98,103,44,28,34,35,63,2,0,3,0,6,5,1,14,11,11,7,7,95,1,4,1,5,1,1,3,1,4,0,1,0,0,0,0,0,0,0,2,2,3,3,6,4,9,7,0,1,1,5,6,0,4,11,3,1,1,1,8,21.0,113.0,331.0,297.15000000000003,1725.280022123985,927.78,2.0,0.0,1.0,0.0,5.0,5.0
Man Utd,time_block,1983574,for,31-45,173,5,136,121,134,58,28,50,51,70,2,0,4,0,5,1,1,29,22,21,8,12,115,1,1,0,1,0,0,1,1,0,0,0,0,0,0,0,0,0,0,5,2,8,3,11,3,19,6,0,0,3,6,8,0,6,14,2,2,1,1,23,30.0,144.0,379.0,509.985,2036.869759380141,1226.295,3.0,0.0,0.0,0.0,8.0,2.0
Man Utd,time_block,1983574,for,46-60,105,3,77,62,76,34,19,24,36,26,0,0,0,0,7,2,0,27,20,26,5,7,51,0,0,0,1,1,0,0,0,1,0,1,1,0,1,1,0,0,0,1,1,2,2,9,5,11,7,0,3,0,4,6,1,8,10,3,3,1,1,17,24.0,84.0,249.0,226.695,1156.930647432419,966.105,0.0,1.0,0.0,0.0,7.0,0.0
Man Utd,time_block,1983574,for,61-75,108,4,81,74,79,33,23,25,38,36,0,0,1,1,6,3,0,13,10,14,4,6,67,1,1,1,4,0,2,2,1,3,0,0,0,0,0,0,0,0,0,4,1,5,3,10,3,15,6,0,1,3,5,5,2,9,10,7,0,3,1,11,14.0,84.0,242.0,248.01,1390.2752111761347,630.21,0.0,0.0,1.0,1.0,2.0,4.0
Man Utd,time_block,1983574,for,76+,107,9,71,58,68,28,21,22,32,26,2,2,2,2,10,4,0,20,14,17,5,7,54,0,2,2,2,1,1,0,2,0,1,0,1,1,0,1,0,0,0,1,0,8,4,11,5,19,9,0,5,1,10,6,1,10,16,3,1,2,0,19,22.0,75.0,197.0,141.75,1149.0629780684626,900.9,1.0,0.0,0.0,0.0,4.0,2.0
Man Utd,game_state,1983574,against,-2 or worse,0,0,0,0,0,0,0,0,0,0,0,0,0,0,0,0,0,0,0,0,0,0,0,0,0,0,0,0,0,0,0,0,0,0,0,0,0,0,0,0,0,0,0,0,0,0,0,0,0,0,0,0,0,0,0,0,0,0,0,0,0,0,0.0,0.0,0.0,0.0,0.0,0.0,0.0,0.0,0.0,0.0,0.0,0.0
Man Utd,game_state,1983574,against,-1,0,0,0,0,0,0,0,0,0,0,0,0,0,0,0,0,0,0,0,0,0,0,0,0,0,0,0,0,0,0,0,0,0,0,0,0,0,0,0,0,0,0,0,0,0,0,0,0,0,0,0,0,0,0,0,0,0,0,0,0,0,0,0.0,0.0,0.0,0.0,0.0,0.0,0.0,0.0,0.0,0.0,0.0,0.0
Man Utd,game_state,1983574,against,Level,354,9,252,221,243,96,67,89,101,120,10,1,11,2,26,9,0,75,52,57,10,22,195,0,4,2,5,1,2,2,4,1,1,0,0,0,0,0,0,0,0,7,6,16,8,34,23,50,31,0,11,5,13,18,7,32,31,21,4,5,6,43,68.0,279.0,776.0,751.8,4236.150804229002,3482.115,0.0,1.0,7.0,1.0,7.0,5.0
Man Utd,game_state,1983574,against,+1,252,23,166,140,159,80,36,50,77,63,5,0,10,2,16,7,1,77,57,62,11,31,104,4,9,7,13,5,3,5,10,3,3,2,2,1,1,2,0,0,0,8,4,14,6,28,14,42,20,0,5,7,5,21,1,17,26,11,2,2,5,39,69.0,186.0,512.0,881.79,2958.5208032640376,3895.08,2.0,2.0,3.0,0.0,5.0,13.0
Man Utd,game_state,1983574,against,+2 or better,0,0,0,0,0,0,0,0,0,0,0,0,0,0,0,0,0,0,0,0,0,0,0,0,0,0,0,0,0,0,0,0,0,0,0,0,0,0,0,0,0,0,0,0,0,0,0,0,0,0,0,0,0,0,0,0,0,0,0,0,0,0,0.0,0.0,0.0,0.0,0.0,0.0,0.0,0.0,0.0,0.0,0.0,0.0
Man Utd,game_state,1983574,for,-2 or worse,0,0,0,0,0,0,0,0,0,0,0,0,0,0,0,0,0,0,0,0,0,0,0,0,0,0,0,0,0,0,0,0,0,0,0,0,0,0,0,0,0,0,0,0,0,0,0,0,0,0,0,0,0,0,0,0,0,0,0,0,0,0,0.0,0.0,0.0,0.0,0.0,0.0,0.0,0.0,0.0,0.0,0.0,0.0
Man Utd,game_state,1983574,for,-1,0,0,0,0,0,0,0,0,0,0,0,0,0,0,0,0,0,0,0,0,0,0,0,0,0,0,0,0,0,0,0,0,0,0,0,0,0,0,0,0,0,0,0,0,0,0,0,0,0,0,0,0,0,0,0,0,0,0,0,0,0,0,0.0,0.0,0.0,0.0,0.0,0.0,0.0,0.0,0.0,0.0,0.0,0.0
Man Utd,game_state,1983574,for,Level,431,17,334,297,326,144,76,114,121,176,7,3,10,3,17,8,2,62,48,47,20,27,287,2,8,4,10,3,3,4,5,5,1,2,2,1,1,2,0,0,0,11,4,16,8,34,11,50,19,0,2,5,15,24,3,22,39,11,6,6,5,54,80.0,353.0,962.0,1094.415,5159.494898626444,3132.57,6.0,0.0,1.0,0.0,28.0,10.0
Man Utd,game_state,1983574,for,+1,271,9,193,161,187,83,52,58,88,73,0,0,1,1,21,8,0,50,35,47,11,16,146,1,1,1,4,0,2,2,1,3,0,0,0,0,0,0,0,0,0,5,2,14,8,27,13,41,21,0,9,4,18,16,3,25,34,11,4,5,2,41,54.0,204.0,590.0,519.12,3069.1605145772196,2147.04,0.0,1.0,1.0,1.0,13.0,4.0
Man Utd,game_state,1983574,for,+2 or better,0,0,0,0,0,0,0,0,0,0,0,0,0,0,0,0,0,0,0,0,0,0,0,0,0,0,0,0,0,0,0,0,0,0,0,0,0,0,0,0,0,0,0,0,0,0,0,0,0,0,0,0,0,0,0,0,0,0,0,0,0,0,0.0,0.0,0.0,0.0,0.0,0.0,0.0,0.0,0.0,0.0,0.0,0.0
Man Utd,total,1983574,against,Season,606,32,418,361,402,176,103,139,178,183,15,1,21,4,42,16,1,152,109,119,21,53,299,4,13,9,18,6,5,7,14,4,4,2,2,1,1,2,0,0,0,15,10,30,14,62,37,92,51,0,16,12,18,39,8,49,57,32,6,7,11,82,137.0,465.0,1288.0,1633.59,7194.671607493039,7377.195,2.0,3.0,10.0,1.0,12.0,18.0
Man Utd,total,1983574,for,Season,702,26,527,458,513,227,128,172,209,249,7,3,11,4,38,16,2,112,83,94,31,43,433,3,9,5,14,3,5,6,6,8,1,2,2,1,1,2,0,0,0,16,6,30,16,61,24,91,40,0,11,9,33,40,6,47,73,22,10,11,7,95,134.0,557.0,1552.0,1613.535,8228.655413203664,5279.61,6.0,1.0,2.0,1.0,41.0,14.0
Arsenal,time_block,1983575,against,0-15,96,7,65,46,62,32,10,23,26,20,1,0,2,1,7,4,1,28,14,14,8,6,51,1,0,0,3,1,1,1,2,1,1,0,0,0,0,0,0,0,0,3,1,4,4,14,5,18,9,0,2,4,1,10,1,12,11,12,1,4,2,26,30.0,72.0,156.0,-9.765000000000024,1067.9391077292114,1928.22,0.0,0.0,4.0,1.0,3.0,3.0
Arsenal,time_block,1983575,against,16-30,122,0,100,89,95,42,27,31,40,49,1,0,1,0,11,6,0,21,15,16,8,6,84,0,1,0,1,1,0,0,0,1,0,1,1,0,1,1,0,0,0,3,1,2,2,11,6,13,8,0,3,1,3,5,2,9,8,4,1,2,2,14,15.0,102.0,288.0,158.02500000000003,1566.1047277500577,448.03499999999997,1.0,0.0,0.0,0.0,3.0,1.0
Arsenal,time_block,1983575,against,31-45,79,5,50,36,47,22,8,20,12,24,3,1,4,2,7,0,0,9,6,4,3,4,46,1,3,1,4,1,2,1,1,3,0,1,1,0,1,1,0,0,0,1,0,5,2,9,4,14,6,0,4,3,1,5,2,13,6,9,2,2,0,16,25.0,57.0,136.0,227.11499999999995,857.4374891311152,1049.895,0.0,2.0,0.0,0.0,7.0,4.0
Arsenal,time_block,1983575,against,46-60,73,6,50,36,48,23,8,19,16,20,2,0,3,1,12,4,0,18,9,9,3,5,41,1,2,1,2,1,1,0,1,1,1,0,1,1,0,1,0,0,0,2,0,5,2,10,4,15,6,0,4,0,4,11,3,11,15,7,2,2,0,17,21.0,55.0,132.0,156.345,845.9427399811677,1087.275,0.0,1.0,5.0,0.0,3.0,2.0
Arsenal,time_block,1983575,against,61-75,57,3,37,22,34,16,6,15,11,11,0,0,2,1,9,2,0,13,4,7,2,4,30,1,2,1,2,0,2,0,1,1,0,0,0,0,0,0,0,0,0,3,0,8,4,10,5,18,9,0,2,0,3,5,0,4,8,4,1,1,3,18,23.0,39.0,81.0,106.365,477.1692729594244,1346.52,0.0,1.0,2.0,0.0,1.0,2.0
Arsenal,time_block,1983575,against,76+,92,9,41,31,37,21,9,11,15,16,2,1,3,1,12,6,1,20,14,10,8,10,31,1,1,1,5,1,3,1,5,0,1,0,0,0,0,0,0,0,0,4,2,10,4,17,10,27,14,0,4,3,12,9,2,13,21,6,2,2,4,21,29.0,46.0,109.0,350.80500000000006,749.0829494009903,1528.8,0.0,3.0,1.0,0.0,5.0,5.0
Arsenal,time_block,1983575,for,0-15,135,0,100,84,94,39,32,29,27,57,0,0,0,0,9,2,0,6,5,2,5,5,98,0,0,0,0,0,0,0,0,0,0,0,0,0,0,0,0,0,0,3,1,4,0,16,9,20,9,0,4,2,6,6,0,9,12,5,1,2,4,21,28.0,107.0,268.0,-62.26500000000004,1569.6338732082856,866.565,0.0,0.0,1.0,0.0,9.0,0.0
Arsenal,time_block,1983575,for,16-30,104,13,81,71,79,36,18,27,43,28,3,2,3,2,8,5,1,34,28,27,9,13,54,0,1,1,1,0,0,1,1,0,0,0,0,0,0,0,0,0,0,4,1,2,0,10,4,12,4,0,1,0,0,7,0,4,7,4,1,2,2,15,20.0,90.0,260.0,302.715,1392.4714613685655,1014.9300000000001,0.0,2.0,0.0,0.0,4.0,1.0
Arsenal,time_block,1983575,for,31-45,129,2,98,86,93,40,25,33,33,53,1,0,1,0,9,3,0,19,14,15,6,8,83,0,1,1,2,1,0,1,2,0,1,0,0,0,0,0,0,0,0,4,2,5,3,9,5,14,8,0,1,2,4,3,2,5,7,5,0,0,2,20,26.0,108.0,350.0,170.52,1608.9521340548408,1191.855,0.0,0.0,0.0,0.0,3.0,2.0
Arsenal,time_block,1983575,for,46-60,112,3,77,67,73,30,19,28,21,46,2,0,4,1,7,6,0,18,13,11,6,4,66,2,1,1,1,0,0,1,1,0,0,0,0,0,0,0,0,0,0,6,2,5,3,11,6,16,9,0,2,0,2,5,2,4,7,1,0,0,2,19,24.0,83.0,232.0,364.455,1359.298948493894,1065.54,0.0,0.0,1.0,0.0,3.0,1.0
Arsenal,time_block,1983575,for,61-75,87,5,59,50,56,25,16,18,23,27,1,0,3,2,5,2,0,14,13,9,6,6,50,2,3,3,3,0,2,1,3,0,0,0,0,0,0,0,0,0,0,1,1,8,4,9,4,17,8,0,2,1,2,4,2,8,6,2,0,3,1,16,23.0,63.0,176.0,204.22500000000002,1010.2714459961165,990.675,1.0,0.0,0.0,0.0,7.0,3.0
Arsenal,time_block,1983575,for,76+,139,13,96,75,91,45,20,31,37,38,3,0,5,1,11,7,1,35,26,28,7,14,68,2,3,3,4,1,2,1,3,1,1,0,0,0,0,0,0,0,0,3,2,10,6,17,7,27,13,0,3,1,1,7,0,10,8,5,2,4,2,28,41.0,111.0,300.0,422.415,1766.1995844055527,2026.815,0.0,0.0,1.0,0.0,8.0,4.0
Arsenal,game_state,1983575,against,-2 or worse,227,18,132,91,122,63,24,45,42,49,4,1,8,3,35,12,1,53,27,26,13,19,106,3,5,3,9,2,6,1,7,2,2,0,1,1,0,1,0,0,0,9,2,24,10,37,19,61,29,0,10,3,19,25,5,28,44,17,5,5,7,58,75.0,145.0,335.0,583.38,2159.8808612196485,4028.955,0.0,5.0,8.0,0.0,9.0,9.0
Arsenal,game_state,1983575,against,-1,74,5,46,34,44,19,7,20,12,22,3,1,4,2,5,0,0,7,6,4,3,4,42,1,3,1,4,1,2,1,1,3,0,1,1,0,1,1,0,0,0,1,0,4,2,9,4,13,6,0,4,3,1,5,2,13,6,9,2,2,0,14,23.0,52.0,123.0,257.24999999999994,769.7515902530491,983.535,0.0,2.0,0.0,0.0,7.0,4.0
Arsenal,game_state,1983575,against,Level,218,7,165,135,157,74,37,54,66,69,2,0,3,1,18,10,1,49,29,30,16,12,135,1,1,0,4,2,1,1,2,2,1,1,1,0,1,1,0,0,0,6,2,6,6,25,11,31,17,0,5,5,4,15,3,21,19,16,2,6,4,40,45.0,174.0,444.0,148.26000000000002,2634.043835479269,2376.255,1.0,0.0,4.0,1.0,6.0,4.0
Arsenal,game_state,1983575,against,+1,0,0,0,0,0,0,0,0,0,0,0,0,0,0,0,0,0,0,0,0,0,0,0,0,0,0,0,0,0,0,0,0,0,0,0,0,0,0,0,0,0,0,0,0,0,0,0,0,0,0,0,0,0,0,0,0,0,0,0,0,0,0,0.0,0.0,0.0,0.0,0.0,0.0,0.0,0.0,0.0,0.0,0.0,0.0
Arsenal,game_state,1983575,against,+2 or better,0,0,0,0,0,0,0,0,0,0,0,0,0,0,0,0,0,0,0,0,0,0,0,0,0,0,0,0,0,0,0,0,0,0,0,0,0,0,0,0,0,0,0,0,0,0,0,0,0,0,0,0,0,0,0,0,0,0,0,0,0,0,0.0,0.0,0.0,0.0,0.0,0.0,0.0,0.0,0.0,0.0,0.0,0.0
Arsenal,game_state,1983575,for,-2 or worse,356,21,247,206,235,106,61,80,82,124,6,0,12,4,24,15,1,68,53,48,20,25,199,6,7,7,8,1,4,3,7,1,1,0,0,0,0,0,0,0,0,10,5,24,14,37,17,61,31,0,7,2,5,16,4,22,21,8,2,7,5,66,92.0,278.0,766.0,1023.4350000000001,4498.591544874394,4231.3949999999995,1.0,0.0,2.0,0.0,19.0,8.0
Arsenal,game_state,1983575,for,-1,111,2,83,72,78,34,19,30,32,40,1,0,1,0,8,3,0,18,13,15,5,7,68,0,1,1,2,1,0,1,2,0,1,0,0,0,0,0,0,0,0,4,2,4,2,9,5,13,7,0,1,2,4,3,2,5,7,5,0,0,2,17,22.0,87.0,292.0,138.18,1246.1305680760101,1043.49,0.0,0.0,0.0,0.0,2.0,2.0
Arsenal,game_state,1983575,for,Level,239,13,181,155,173,75,50,56,70,85,3,2,3,2,17,7,1,40,33,29,14,18,152,0,1,1,1,0,0,1,1,0,0,0,0,0,0,0,0,0,0,7,2,6,0,26,13,32,13,0,5,2,6,13,0,13,19,9,2,4,6,36,48.0,197.0,528.0,240.44999999999993,2962.1053345768514,1881.4950000000001,0.0,2.0,1.0,0.0,13.0,1.0
Arsenal,game_state,1983575,for,+1,0,0,0,0,0,0,0,0,0,0,0,0,0,0,0,0,0,0,0,0,0,0,0,0,0,0,0,0,0,0,0,0,0,0,0,0,0,0,0,0,0,0,0,0,0,0,0,0,0,0,0,0,0,0,0,0,0,0,0,0,0,0,0.0,0.0,0.0,0.0,0.0,0.0,0.0,0.0,0.0,0.0,0.0,0.0
Arsenal,game_state,1983575,for,+2 or better,0,0,0,0,0,0,0,0,0,0,0,0,0,0,0,0,0,0,0,0,0,0,0,0,0,0,0,0,0,0,0,0,0,0,0,0,0,0,0,0,0,0,0,0,0,0,0,0,0,0,0,0,0,0,0,0,0,0,0,0,0,0,0.0,0.0,0.0,0.0,0.0,0.0,0.0,0.0,0.0,0.0,0.0,0.0
Arsenal,total,1983575,against,Season,519,30,343,260,323,156,68,119,120,140,9,2,15,6,58,22,2,109,62,60,32,35,283,5,9,4,17,5,9,3,10,7,3,2,3,1,2,3,0,0,0,16,4,34,18,71,34,105,52,0,19,11,24,45,10,62,69,42,9,13,11,112,143.0,371.0,902.0,988.89,5563.676286951967,7388.745,1.0,7.0,12.0,1.0,22.0,17.0
Arsenal,total,1983575,for,Season,706,36,511,433,486,215,130,166,184,249,10,2,16,6,49,25,2,126,99,92,39,50,419,6,9,9,11,2,4,5,10,1,2,0,0,0,0,0,0,0,0,21,9,34,16,72,35,106,51,0,13,6,15,32,6,40,47,22,4,11,13,119,162.0,562.0,1586.0,1402.065,8706.827447527256,7156.38,1.0,2.0,3.0,0.0,34.0,11.0
Brighton,time_block,1983575,against,0-15,135,0,100,84,94,39,32,29,27,57,0,0,0,0,9,2,0,6,5,2,5,5,98,0,0,0,0,0,0,0,0,0,0,0,0,0,0,0,0,0,0,3,1,4,0,16,9,20,9,0,4,2,6,6,0,9,12,5,1,2,4,21,28.0,107.0,268.0,-62.26500000000004,1569.6338732082856,866.565,0.0,0.0,1.0,0.0,9.0,0.0
Brighton,time_block,1983575,against,16-30,104,13,81,71,79,36,18,27,43,28,3,2,3,2,8,5,1,34,28,27,9,13,54,0,1,1,1,0,0,1,1,0,0,0,0,0,0,0,0,0,0,4,1,2,0,10,4,12,4,0,1,0,0,7,0,4,7,4,1,2,2,15,20.0,90.0,260.0,302.715,1392.4714613685655,1014.9300000000001,0.0,2.0,0.0,0.0,4.0,1.0
Brighton,time_block,1983575,against,31-45,129,2,98,86,93,40,25,33,33,53,1,0,1,0,9,3,0,19,14,15,6,8,83,0,1,1,2,1,0,1,2,0,1,0,0,0,0,0,0,0,0,4,2,5,3,9,5,14,8,0,1,2,4,3,2,5,7,5,0,0,2,20,26.0,108.0,350.0,170.52,1608.9521340548408,1191.855,0.0,0.0,0.0,0.0,3.0,2.0
Brighton,time_block,1983575,against,46-60,112,3,77,67,73,30,19,28,21,46,2,0,4,1,7,6,0,18,13,11,6,4,66,2,1,1,1,0,0,1,1,0,0,0,0,0,0,0,0,0,0,6,2,5,3,11,6,16,9,0,2,0,2,5,2,4,7,1,0,0,2,19,24.0,83.0,232.0,364.455,1359.298948493894,1065.54,0.0,0.0,1.0,0.0,3.0,1.0
Brighton,time_block,1983575,against,61-75,87,5,59,50,56,25,16,18,23,27,1,0,3,2,5,2,0,14,13,9,6,6,50,2,3,3,3,0,2,1,3,0,0,0,0,0,0,0,0,0,0,1,1,8,4,9,4,17,8,0,2,1,2,4,2,8,6,2,0,3,1,16,23.0,63.0,176.0,204.22500000000002,1010.2714459961165,990.675,1.0,0.0,0.0,0.0,7.0,3.0
Brighton,time_block,1983575,against,76+,139,13,96,75,91,45,20,31,37,38,3,0,5,1,11,7,1,35,26,28,7,14,68,2,3,3,4,1,2,1,3,1,1,0,0,0,0,0,0,0,0,3,2,10,6,17,7,27,13,0,3,1,1,7,0,10,8,5,2,4,2,28,41.0,111.0,300.0,422.415,1766.1995844055527,2026.815,0.0,0.0,1.0,0.0,8.0,4.0
Brighton,time_block,1983575,for,0-15,96,7,65,46,62,32,10,23,26,20,1,0,2,1,7,4,1,28,14,14,8,6,51,1,0,0,3,1,1,1,2,1,1,0,0,0,0,0,0,0,0,3,1,4,4,14,5,18,9,0,2,4,1,10,1,12,11,12,1,4,2,26,30.0,72.0,156.0,-9.765000000000024,1067.9391077292114,1928.22,0.0,0.0,4.0,1.0,3.0,3.0
Brighton,time_block,1983575,for,16-30,122,0,100,89,95,42,27,31,40,49,1,0,1,0,11,6,0,21,15,16,8,6,84,0,1,0,1,1,0,0,0,1,0,1,1,0,1,1,0,0,0,3,1,2,2,11,6,13,8,0,3,1,3,5,2,9,8,4,1,2,2,14,15.0,102.0,288.0,158.02500000000003,1566.1047277500577,448.03499999999997,1.0,0.0,0.0,0.0,3.0,1.0
Brighton,time_block,1983575,for,31-45,79,5,50,36,47,22,8,20,12,24,3,1,4,2,7,0,0,9,6,4,3,4,46,1,3,1,4,1,2,1,1,3,0,1,1,0,1,1,0,0,0,1,0,5,2,9,4,14,6,0,4,3,1,5,2,13,6,9,2,2,0,16,25.0,57.0,136.0,227.11499999999995,857.4374891311152,1049.895,0.0,2.0,0.0,0.0,7.0,4.0
Brighton,time_block,1983575,for,46-60,73,6,50,36,48,23,8,19,16,20,2,0,3,1,12,4,0,18,9,9,3,5,41,1,2,1,2,1,1,0,1,1,1,0,1,1,0,1,0,0,0,2,0,5,2,10,4,15,6,0,4,0,4,11,3,11,15,7,2,2,0,17,21.0,55.0,132.0,156.345,845.9427399811677,1087.275,0.0,1.0,5.0,0.0,3.0,2.0
Brighton,time_block,1983575,for,61-75,57,3,37,22,34,16,6,15,11,11,0,0,2,1,9,2,0,13,4,7,2,4,30,1,2,1,2,0,2,0,1,1,0,0,0,0,0,0,0,0,0,3,0,8,4,10,5,18,9,0,2,0,3,5,0,4,8,4,1,1,3,18,23.0,39.0,81.0,106.365,477.1692729594244,1346.52,0.0,1.0,2.0,0.0,1.0,2.0
Brighton,time_block,1983575,for,76+,92,9,41,31,37,21,9,11,15,16,2,1,3,1,12,6,1,20,14,10,8,10,31,1,1,1,5,1,3,1,5,0,1,0,0,0,0,0,0,0,0,4,2,10,4,17,10,27,14,0,4,3,12,9,2,13,21,6,2,2,4,21,29.0,46.0,109.0,350.80500000000006,749.0829494009903,1528.8,0.0,3.0,1.0,0.0,5.0,5.0
Brighton,game_state,1983575,against,-2 or worse,0,0,0,0,0,0,0,0,0,0,0,0,0,0,0,0,0,0,0,0,0,0,0,0,0,0,0,0,0,0,0,0,0,0,0,0,0,0,0,0,0,0,0,0,0,0,0,0,0,0,0,0,0,0,0,0,0,0,0,0,0,0,0.0,0.0,0.0,0.0,0.0,0.0,0.0,0.0,0.0,0.0,0.0,0.0
Brighton,game_state,1983575,against,-1,0,0,0,0,0,0,0,0,0,0,0,0,0,0,0,0,0,0,0,0,0,0,0,0,0,0,0,0,0,0,0,0,0,0,0,0,0,0,0,0,0,0,0,0,0,0,0,0,0,0,0,0,0,0,0,0,0,0,0,0,0,0,0.0,0.0,0.0,0.0,0.0,0.0,0.0,0.0,0.0,0.0,0.0,0.0
Brighton,game_state,1983575,against,Level,239,13,181,155,173,75,50,56,70,85,3,2,3,2,17,7,1,40,33,29,14,18,152,0,1,1,1,0,0,1,1,0,0,0,0,0,0,0,0,0,0,7,2,6,0,26,13,32,13,0,5,2,6,13,0,13,19,9,2,4,6,36,48.0,197.0,528.0,240.44999999999993,2962.1053345768514,1881.4950000000001,0.0,2.0,1.0,0.0,13.0,1.0
Brighton,game_state,1983575,against,+1,111,2,83,72,78,34,19,30,32,40,1,0,1,0,8,3,0,18,13,15,5,7,68,0,1,1,2,1,0,1,2,0,1,0,0,0,0,0,0,0,0,4,2,4,2,9,5,13,7,0,1,2,4,3,2,5,7,5,0,0,2,17,22.0,87.0,292.0,138.18,1246.1305680760101,1043.49,0.0,0.0,0.0,0.0,2.0,2.0
Brighton,game_state,1983575,against,+2 or better,356,21,247,206,235,106,61,80,82,124,6,0,12,4,24,15,1,68,53,48,20,25,199,6,7,7,8,1,4,3,7,1,1,0,0,0,0,0,0,0,0,10,5,24,14,37,17,61,31,0,7,2,5,16,4,22,21,8,2,7,5,66,92.0,278.0,766.0,1023.4350000000001,4498.591544874394,4231.3949999999995,1.0,0.0,2.0,0.0,19.0,8.0
Brighton,game_state,1983575,for,-2 or worse,0,0,0,0,0,0,0,0,0,0,0,0,0,0,0,0,0,0,0,0,0,0,0,0,0,0,0,0,0,0,0,0,0,0,0,0,0,0,0,0,0,0,0,0,0,0,0,0,0,0,0,0,0,0,0,0,0,0,0,0,0,0,0.0,0.0,0.0,0.0,0.0,0.0,0.0,0.0,0.0,0.0,0.0,0.0
Brighton,game_state,1983575,for,-1,0,0,0,0,0,0,0,0,0,0,0,0,0,0,0,0,0,0,0,0,0,0,0,0,0,0,0,0,0,0,0,0,0,0,0,0,0,0,0,0,0,0,0,0,0,0,0,0,0,0,0,0,0,0,0,0,0,0,0,0,0,0,0.0,0.0,0.0,0.0,0.0,0.0,0.0,0.0,0.0,0.0,0.0,0.0
Brighton,game_state,1983575,for,Level,218,7,165,135,157,74,37,54,66,69,2,0,3,1,18,10,1,49,29,30,16,12,135,1,1,0,4,2,1,1,2,2,1,1,1,0,1,1,0,0,0,6,2,6,6,25,11,31,17,0,5,5,4,15,3,21,19,16,2,6,4,40,45.0,174.0,444.0,148.26000000000002,2634.043835479269,2376.255,1.0,0.0,4.0,1.0,6.0,4.0
Brighton,game_state,1983575,for,+1,74,5,46,34,44,19,7,20,12,22,3,1,4,2,5,0,0,7,6,4,3,4,42,1,3,1,4,1,2,1,1,3,0,1,1,0,1,1,0,0,0,1,0,4,2,9,4,13,6,0,4,3,1,5,2,13,6,9,2,2,0,14,23.0,52.0,123.0,257.24999999999994,769.7515902530491,983.535,0.0,2.0,0.0,0.0,7.0,4.0
Brighton,game_state,1983575,for,+2 or better,227,18,132,91,122,63,24,45,42,49,4,1,8,3,35,12,1,53,27,26,13,19,106,3,5,3,9,2,6,1,7,2,2,0,1,1,0,1,0,0,0,9,2,24,10,37,19,61,29,0,10,3,19,25,5,28,44,17,5,5,7,58,75.0,145.0,335.0,583.38,2159.8808612196485,4028.955,0.0,5.0,8.0,0.0,9.0,9.0
Brighton,total,1983575,against,Season,706,36,511,433,486,215,130,166,184,249,10,2,16,6,49,25,2,126,99,92,39,50,419,6,9,9,11,2,4,5,10,1,2,0,0,0,0,0,0,0,0,21,9,34,16,72,35,106,51,0,13,6,15,32,6,40,47,22,4,11,13,119,162.0,562.0,1586.0,1402.065,8706.827447527256,7156.38,1.0,2.0,3.0,0.0,34.0,11.0
Brighton,total,1983575,for,Season,519,30,343,260,323,156,68,119,120,140,9,2,15,6,58,22,2,109,62,60,32,35,283,5,9,4,17,5,9,3,10,7,3,2,3,1,2,3,0,0,0,16,4,34,18,71,34,105,52,0,19,11,24,45,10,62,69,42,9,13,11,112,143.0,371.0,902.0,988.89,5563.676286951967,7388.745,1.0,7.0,12.0,1.0,22.0,17.0
Crystal Palace,time_block,1983576,against,0-15,112,6,85,70,82,30,16,39,28,42,2,0,3,0,6,3,0,22,12,15,5,10,70,1,1,1,2,1,1,0,2,0,1,0,1,1,0,1,0,0,0,3,1,4,2,10,5,14,7,0,3,1,4,8,0,7,12,6,1,2,1,18,29.0,91.0,216.0,324.66,1413.3774579633246,1500.87,0.0,1.0,1.0,0.0,4.0,2.0
Crystal Palace,time_block,1983576,against,16-30,154,8,116,104,113,51,31,34,48,56,0,0,1,1,8,5,2,22,17,15,9,13,101,1,6,4,6,0,1,5,4,2,0,0,0,0,0,0,0,0,0,5,3,2,2,7,4,9,6,0,0,2,4,4,3,6,8,3,0,1,1,17,26.0,125.0,376.0,304.71,2293.1803065652607,1368.78,1.0,0.0,0.0,0.0,0.0,6.0
Crystal Palace,time_block,1983576,against,31-45,141,7,113,97,108,53,30,30,27,70,1,0,1,0,12,4,0,14,10,9,3,8,104,0,4,4,5,2,3,0,4,1,2,0,1,1,0,1,0,0,0,2,2,3,1,9,6,12,7,0,3,1,2,8,0,6,10,2,1,1,1,19,29.0,118.0,320.0,357.73499999999996,1963.7021681667143,1001.7,1.0,1.0,0.0,0.0,5.0,5.0
Crystal Palace,time_block,1983576,against,46-60,125,12,85,74,83,35,22,28,40,34,2,0,6,3,8,7,0,25,19,19,8,12,66,3,4,4,6,2,2,2,6,0,2,0,0,0,0,0,0,0,0,4,2,2,1,7,4,9,5,0,1,4,3,9,2,7,12,4,0,0,1,18,29.0,93.0,239.0,384.82500000000005,1689.7018120539844,1838.55,0.0,0.0,2.0,1.0,0.0,6.0
Crystal Palace,time_block,1983576,against,61-75,171,14,150,144,148,60,47,43,83,61,1,0,2,0,7,6,1,45,42,41,12,23,109,1,2,2,2,0,1,1,2,0,0,0,0,0,0,0,0,0,0,5,2,1,0,13,7,14,7,0,3,0,0,9,1,7,9,7,1,2,2,12,20.0,157.0,459.0,368.235,2812.849664812327,1073.1,3.0,0.0,2.0,0.0,1.0,2.0
Crystal Palace,time_block,1983576,against,76+,168,17,129,113,126,58,24,47,59,54,2,0,3,0,8,5,1,41,31,29,11,23,100,1,2,2,4,1,2,1,4,0,1,0,0,0,0,0,0,0,0,8,0,11,2,13,2,24,4,0,1,1,1,9,2,6,10,3,2,0,1,28,37.0,134.0,368.0,734.055,2216.2236635179734,1975.8899999999999,2.0,1.0,0.0,0.0,3.0,4.0
Crystal Palace,time_block,1983576,for,0-15,118,0,85,69,82,35,19,31,17,52,0,0,0,0,9,4,0,13,6,13,2,4,72,0,0,0,0,0,0,0,0,0,0,0,0,0,0,0,0,0,0,3,1,4,2,10,5,14,7,0,2,5,3,6,2,11,9,6,1,1,2,25,30.0,92.0,227.0,156.97500000000002,1427.8370014353209,1282.575,0.0,0.0,1.0,0.0,6.0,0.0
Crystal Palace,time_block,1983576,for,16-30,75,5,47,35,45,21,9,17,13,22,3,0,4,0,7,3,0,12,10,9,2,7,38,1,4,2,4,2,2,0,1,3,1,1,0,0,0,0,0,0,0,0,0,2,0,7,3,9,3,0,2,3,3,5,1,10,8,3,3,1,1,14,22.0,52.0,131.0,190.57500000000002,726.4011371219493,1058.715,0.0,2.0,1.0,1.0,3.0,4.0
Crystal Palace,time_block,1983576,for,31-45,101,4,73,59,68,35,10,28,18,41,1,0,1,0,12,7,2,23,12,13,7,7,60,0,1,0,1,1,0,0,1,0,1,0,1,1,0,1,0,0,0,4,1,3,2,9,3,12,5,0,1,2,4,7,1,7,11,7,2,1,1,20,25.0,84.0,214.0,424.935,1333.9040495034433,1145.76,1.0,0.0,2.0,0.0,3.0,1.0
Crystal Palace,time_block,1983576,for,46-60,105,5,72,57,69,34,13,25,9,48,1,0,1,0,7,3,1,5,1,5,0,5,67,0,1,0,3,1,1,1,3,0,1,0,1,1,0,1,0,0,0,0,0,2,1,6,2,8,3,0,2,2,4,5,1,8,9,1,2,1,0,19,27.0,70.0,179.0,208.11,1055.666794618331,1088.745,0.0,1.0,2.0,0.0,7.0,3.0
Crystal Palace,time_block,1983576,for,61-75,56,0,35,25,29,17,5,13,2,23,0,0,0,0,6,2,0,5,2,2,1,1,33,0,0,0,0,0,0,0,0,0,0,0,0,0,0,0,0,0,0,1,1,1,1,13,6,14,7,0,3,0,3,5,2,9,8,4,2,2,2,15,16.0,37.0,74.0,132.09,525.4788330222553,422.205,0.0,0.0,0.0,0.0,4.0,0.0
Crystal Palace,time_block,1983576,for,76+,111,5,65,52,61,29,9,27,21,31,1,0,1,0,10,5,1,19,11,9,8,3,56,0,1,1,2,1,0,1,2,0,1,0,1,1,0,1,0,0,0,2,2,11,9,12,10,23,19,0,8,0,12,7,4,13,19,6,0,1,0,19,22.0,68.0,160.0,378.105,953.6613233941308,839.37,1.0,0.0,1.0,0.0,6.0,2.0
Crystal Palace,game_state,1983576,against,-2 or worse,0,0,0,0,0,0,0,0,0,0,0,0,0,0,0,0,0,0,0,0,0,0,0,0,0,0,0,0,0,0,0,0,0,0,0,0,0,0,0,0,0,0,0,0,0,0,0,0,0,0,0,0,0,0,0,0,0,0,0,0,0,0,0.0,0.0,0.0,0.0,0.0,0.0,0.0,0.0,0.0,0.0,0.0,0.0
Crystal Palace,game_state,1983576,against,-1,313,19,237,204,226,106,59,72,89,115,3,0,6,3,24,13,2,46,35,33,15,25,204,3,10,8,11,1,3,7,9,2,1,0,0,0,0,0,0,0,0,7,4,6,5,15,10,21,15,0,4,6,8,15,4,16,23,7,1,1,2,43,64.0,252.0,698.0,859.95,4426.043497474273,3080.49,1.0,1.0,3.0,1.0,3.0,11.0
Crystal Palace,game_state,1983576,against,Level,394,28,314,287,310,124,87,103,138,149,3,0,7,1,17,12,1,83,66,66,23,42,248,3,7,7,10,4,5,1,9,1,4,0,2,2,0,2,0,0,0,13,6,6,1,32,16,38,17,0,6,2,5,23,3,18,28,15,2,5,4,42,69.0,332.0,912.0,880.215,5746.767912087338,3702.5099999999998,4.0,1.0,2.0,0.0,7.0,10.0
Crystal Palace,game_state,1983576,against,+1,164,17,127,111,124,57,24,46,58,53,2,0,3,0,8,5,1,40,30,29,10,22,98,1,2,2,4,1,2,1,4,0,1,0,0,0,0,0,0,0,0,7,0,11,2,12,2,23,4,0,1,1,1,9,1,5,10,3,2,0,1,27,37.0,134.0,368.0,734.055,2216.2236635179734,1975.8899999999999,2.0,1.0,0.0,0.0,3.0,4.0
Crystal Palace,game_state,1983576,against,+2 or better,0,0,0,0,0,0,0,0,0,0,0,0,0,0,0,0,0,0,0,0,0,0,0,0,0,0,0,0,0,0,0,0,0,0,0,0,0,0,0,0,0,0,0,0,0,0,0,0,0,0,0,0,0,0,0,0,0,0,0,0,0,0,0.0,0.0,0.0,0.0,0.0,0.0,0.0,0.0,0.0,0.0,0.0,0.0
Crystal Palace,game_state,1983576,for,-2 or worse,0,0,0,0,0,0,0,0,0,0,0,0,0,0,0,0,0,0,0,0,0,0,0,0,0,0,0,0,0,0,0,0,0,0,0,0,0,0,0,0,0,0,0,0,0,0,0,0,0,0,0,0,0,0,0,0,0,0,0,0,0,0,0.0,0.0,0.0,0.0,0.0,0.0,0.0,0.0,0.0,0.0,0.0,0.0
Crystal Palace,game_state,1983576,for,-1,220,13,150,118,143,68,30,52,33,85,4,0,5,0,21,11,3,35,22,24,8,16,126,1,6,2,8,4,3,1,5,3,3,1,2,2,0,2,0,0,0,4,1,6,1,15,5,21,6,0,3,5,7,17,2,16,24,6,4,2,1,41,63.0,162.0,403.0,626.325,2454.867951829553,2910.285,1.0,3.0,2.0,1.0,10.0,8.0
Crystal Palace,game_state,1983576,for,Level,255,6,177,141,165,80,28,69,29,112,1,0,1,0,20,8,1,26,11,19,6,10,158,0,1,1,2,1,0,1,2,0,1,0,1,1,0,1,0,0,0,4,2,6,5,31,15,37,20,0,8,7,10,12,5,30,22,15,6,4,5,53,60.0,188.0,464.0,557.97,2834.296167968369,2296.245,1.0,0.0,4.0,0.0,13.0,2.0
Crystal Palace,game_state,1983576,for,+1,91,0,50,38,46,23,7,20,18,20,1,0,1,0,10,5,0,16,9,8,6,1,42,0,0,0,0,0,0,0,0,0,0,0,0,0,0,0,0,0,0,2,2,11,9,11,9,22,18,0,7,0,12,6,4,12,18,6,0,1,0,18,19.0,53.0,118.0,306.495,733.7850192975084,630.84,0.0,0.0,1.0,0.0,6.0,0.0
Crystal Palace,game_state,1983576,for,+2 or better,0,0,0,0,0,0,0,0,0,0,0,0,0,0,0,0,0,0,0,0,0,0,0,0,0,0,0,0,0,0,0,0,0,0,0,0,0,0,0,0,0,0,0,0,0,0,0,0,0,0,0,0,0,0,0,0,0,0,0,0,0,0,0.0,0.0,0.0,0.0,0.0,0.0,0.0,0.0,0.0,0.0,0.0,0.0
Crystal Palace,total,1983576,against,Season,871,64,678,602,660,287,170,221,285,317,8,0,16,4,49,30,4,169,131,128,48,89,550,7,19,17,25,6,10,9,22,3,6,0,2,2,0,2,0,0,0,27,10,23,8,59,28,82,36,0,11,9,14,47,8,39,61,25,5,6,7,112,170.0,718.0,1978.0,2474.22,12389.035073079585,8758.89,7.0,3.0,5.0,1.0,13.0,25.0
Crystal Palace,total,1983576,for,Season,566,19,377,297,354,171,65,141,80,217,6,0,7,0,51,24,4,77,42,51,20,27,326,1,7,3,10,5,3,2,7,3,4,1,3,3,0,3,0,0,0,10,5,23,15,57,29,80,44,0,18,12,29,35,11,58,64,27,10,7,6,112,142.0,403.0,985.0,1490.7900000000002,6022.949139095431,5837.37,2.0,3.0,7.0,1.0,29.0,10.0
Fulham,time_block,1983576,against,0-15,118,0,85,69,82,35,19,31,17,52,0,0,0,0,9,4,0,13,6,13,2,4,72,0,0,0,0,0,0,0,0,0,0,0,0,0,0,0,0,0,0,3,1,4,2,10,5,14,7,0,2,5,3,6,2,11,9,6,1,1,2,25,30.0,92.0,227.0,156.97500000000002,1427.8370014353209,1282.575,0.0,0.0,1.0,0.0,6.0,0.0
Fulham,time_block,1983576,against,16-30,75,5,47,35,45,21,9,17,13,22,3,0,4,0,7,3,0,12,10,9,2,7,38,1,4,2,4,2,2,0,1,3,1,1,0,0,0,0,0,0,0,0,0,2,0,7,3,9,3,0,2,3,3,5,1,10,8,3,3,1,1,14,22.0,52.0,131.0,190.57500000000002,726.4011371219493,1058.715,0.0,2.0,1.0,1.0,3.0,4.0
Fulham,time_block,1983576,against,31-45,101,4,73,59,68,35,10,28,18,41,1,0,1,0,12,7,2,23,12,13,7,7,60,0,1,0,1,1,0,0,1,0,1,0,1,1,0,1,0,0,0,4,1,3,2,9,3,12,5,0,1,2,4,7,1,7,11,7,2,1,1,20,25.0,84.0,214.0,424.935,1333.9040495034433,1145.76,1.0,0.0,2.0,0.0,3.0,1.0
Fulham,time_block,1983576,against,46-60,105,5,72,57,69,34,13,25,9,48,1,0,1,0,7,3,1,5,1,5,0,5,67,0,1,0,3,1,1,1,3,0,1,0,1,1,0,1,0,0,0,0,0,2,1,6,2,8,3,0,2,2,4,5,1,8,9,1,2,1,0,19,27.0,70.0,179.0,208.11,1055.666794618331,1088.745,0.0,1.0,2.0,0.0,7.0,3.0
Fulham,time_block,1983576,against,61-75,56,0,35,25,29,17,5,13,2,23,0,0,0,0,6,2,0,5,2,2,1,1,33,0,0,0,0,0,0,0,0,0,0,0,0,0,0,0,0,0,0,1,1,1,1,13,6,14,7,0,3,0,3,5,2,9,8,4,2,2,2,15,16.0,37.0,74.0,132.09,525.4788330222553,422.205,0.0,0.0,0.0,0.0,4.0,0.0
Fulham,time_block,1983576,against,76+,111,5,65,52,61,29,9,27,21,31,1,0,1,0,10,5,1,19,11,9,8,3,56,0,1,1,2,1,0,1,2,0,1,0,1,1,0,1,0,0,0,2,2,11,9,12,10,23,19,0,8,0,12,7,4,13,19,6,0,1,0,19,22.0,68.0,160.0,378.105,953.6613233941308,839.37,1.0,0.0,1.0,0.0,6.0,2.0
Fulham,time_block,1983576,for,0-15,112,6,85,70,82,30,16,39,28,42,2,0,3,0,6,3,0,22,12,15,5,10,70,1,1,1,2,1,1,0,2,0,1,0,1,1,0,1,0,0,0,3,1,4,2,10,5,14,7,0,3,1,4,8,0,7,12,6,1,2,1,18,29.0,91.0,216.0,324.66,1413.3774579633246,1500.87,0.0,1.0,1.0,0.0,4.0,2.0
Fulham,time_block,1983576,for,16-30,154,8,116,104,113,51,31,34,48,56,0,0,1,1,8,5,2,22,17,15,9,13,101,1,6,4,6,0,1,5,4,2,0,0,0,0,0,0,0,0,0,5,3,2,2,7,4,9,6,0,0,2,4,4,3,6,8,3,0,1,1,17,26.0,125.0,376.0,304.71,2293.1803065652607,1368.78,1.0,0.0,0.0,0.0,0.0,6.0
Fulham,time_block,1983576,for,31-45,141,7,113,97,108,53,30,30,27,70,1,0,1,0,12,4,0,14,10,9,3,8,104,0,4,4,5,2,3,0,4,1,2,0,1,1,0,1,0,0,0,2,2,3,1,9,6,12,7,0,3,1,2,8,0,6,10,2,1,1,1,19,29.0,118.0,320.0,357.73499999999996,1963.7021681667143,1001.7,1.0,1.0,0.0,0.0,5.0,5.0
Fulham,time_block,1983576,for,46-60,125,12,85,74,83,35,22,28,40,34,2,0,6,3,8,7,0,25,19,19,8,12,66,3,4,4,6,2,2,2,6,0,2,0,0,0,0,0,0,0,0,4,2,2,1,7,4,9,5,0,1,4,3,9,2,7,12,4,0,0,1,18,29.0,93.0,239.0,384.82500000000005,1689.7018120539844,1838.55,0.0,0.0,2.0,1.0,0.0,6.0
Fulham,time_block,1983576,for,61-75,171,14,150,144,148,60,47,43,83,61,1,0,2,0,7,6,1,45,42,41,12,23,109,1,2,2,2,0,1,1,2,0,0,0,0,0,0,0,0,0,0,5,2,1,0,13,7,14,7,0,3,0,0,9,1,7,9,7,1,2,2,12,20.0,157.0,459.0,368.235,2812.849664812327,1073.1,3.0,0.0,2.0,0.0,1.0,2.0
Fulham,time_block,1983576,for,76+,168,17,129,113,126,58,24,47,59,54,2,0,3,0,8,5,1,41,31,29,11,23,100,1,2,2,4,1,2,1,4,0,1,0,0,0,0,0,0,0,0,8,0,11,2,13,2,24,4,0,1,1,1,9,2,6,10,3,2,0,1,28,37.0,134.0,368.0,734.055,2216.2236635179734,1975.8899999999999,2.0,1.0,0.0,0.0,3.0,4.0
Fulham,game_state,1983576,against,-2 or worse,0,0,0,0,0,0,0,0,0,0,0,0,0,0,0,0,0,0,0,0,0,0,0,0,0,0,0,0,0,0,0,0,0,0,0,0,0,0,0,0,0,0,0,0,0,0,0,0,0,0,0,0,0,0,0,0,0,0,0,0,0,0,0.0,0.0,0.0,0.0,0.0,0.0,0.0,0.0,0.0,0.0,0.0,0.0
Fulham,game_state,1983576,against,-1,91,0,50,38,46,23,7,20,18,20,1,0,1,0,10,5,0,16,9,8,6,1,42,0,0,0,0,0,0,0,0,0,0,0,0,0,0,0,0,0,0,2,2,11,9,11,9,22,18,0,7,0,12,6,4,12,18,6,0,1,0,18,19.0,53.0,118.0,306.495,733.7850192975084,630.84,0.0,0.0,1.0,0.0,6.0,0.0
Fulham,game_state,1983576,against,Level,255,6,177,141,165,80,28,69,29,112,1,0,1,0,20,8,1,26,11,19,6,10,158,0,1,1,2,1,0,1,2,0,1,0,1,1,0,1,0,0,0,4,2,6,5,31,15,37,20,0,8,7,10,12,5,30,22,15,6,4,5,53,60.0,188.0,464.0,557.97,2834.296167968369,2296.245,1.0,0.0,4.0,0.0,13.0,2.0
Fulham,game_state,1983576,against,+1,220,13,150,118,143,68,30,52,33,85,4,0,5,0,21,11,3,35,22,24,8,16,126,1,6,2,8,4,3,1,5,3,3,1,2,2,0,2,0,0,0,4,1,6,1,15,5,21,6,0,3,5,7,17,2,16,24,6,4,2,1,41,63.0,162.0,403.0,626.325,2454.867951829553,2910.285,1.0,3.0,2.0,1.0,10.0,8.0
Fulham,game_state,1983576,against,+2 or better,0,0,0,0,0,0,0,0,0,0,0,0,0,0,0,0,0,0,0,0,0,0,0,0,0,0,0,0,0,0,0,0,0,0,0,0,0,0,0,0,0,0,0,0,0,0,0,0,0,0,0,0,0,0,0,0,0,0,0,0,0,0,0.0,0.0,0.0,0.0,0.0,0.0,0.0,0.0,0.0,0.0,0.0,0.0
Fulham,game_state,1983576,for,-2 or worse,0,0,0,0,0,0,0,0,0,0,0,0,0,0,0,0,0,0,0,0,0,0,0,0,0,0,0,0,0,0,0,0,0,0,0,0,0,0,0,0,0,0,0,0,0,0,0,0,0,0,0,0,0,0,0,0,0,0,0,0,0,0,0.0,0.0,0.0,0.0,0.0,0.0,0.0,0.0,0.0,0.0,0.0,0.0
Fulham,game_state,1983576,for,-1,164,17,127,111,124,57,24,46,58,53,2,0,3,0,8,5,1,40,30,29,10,22,98,1,2,2,4,1,2,1,4,0,1,0,0,0,0,0,0,0,0,7,0,11,2,12,2,23,4,0,1,1,1,9,1,5,10,3,2,0,1,27,37.0,134.0,368.0,734.055,2216.2236635179734,1975.8899999999999,2.0,1.0,0.0,0.0,3.0,4.0
Fulham,game_state,1983576,for,Level,394,28,314,287,310,124,87,103,138,149,3,0,7,1,17,12,1,83,66,66,23,42,248,3,7,7,10,4,5,1,9,1,4,0,2,2,0,2,0,0,0,13,6,6,1,32,16,38,17,0,6,2,5,23,3,18,28,15,2,5,4,42,69.0,332.0,912.0,880.215,5746.767912087338,3702.5099999999998,4.0,1.0,2.0,0.0,7.0,10.0
Fulham,game_state,1983576,for,+1,313,19,237,204,226,106,59,72,89,115,3,0,6,3,24,13,2,46,35,33,15,25,204,3,10,8,11,1,3,7,9,2,1,0,0,0,0,0,0,0,0,7,4,6,5,15,10,21,15,0,4,6,8,15,4,16,23,7,1,1,2,43,64.0,252.0,698.0,859.95,4426.043497474273,3080.49,1.0,1.0,3.0,1.0,3.0,11.0
Fulham,game_state,1983576,for,+2 or better,0,0,0,0,0,0,0,0,0,0,0,0,0,0,0,0,0,0,0,0,0,0,0,0,0,0,0,0,0,0,0,0,0,0,0,0,0,0,0,0,0,0,0,0,0,0,0,0,0,0,0,0,0,0,0,0,0,0,0,0,0,0,0.0,0.0,0.0,0.0,0.0,0.0,0.0,0.0,0.0,0.0,0.0,0.0
Fulham,total,1983576,against,Season,566,19,377,297,354,171,65,141,80,217,6,0,7,0,51,24,4,77,42,51,20,27,326,1,7,3,10,5,3,2,7,3,4,1,3,3,0,3,0,0,0,10,5,23,15,57,29,80,44,0,18,12,29,35,11,58,64,27,10,7,6,112,142.0,403.0,985.0,1490.7900000000002,6022.949139095431,5837.37,2.0,3.0,7.0,1.0,29.0,10.0
Fulham,total,1983576,for,Season,871,64,678,602,660,287,170,221,285,317,8,0,16,4,49,30,4,169,131,128,48,89,550,7,19,17,25,6,10,9,22,3,6,0,2,2,0,2,0,0,0,27,10,23,8,59,28,82,36,0,11,9,14,47,8,39,61,25,5,6,7,112,170.0,718.0,1978.0,2474.22,12389.035073079585,8758.89,7.0,3.0,5.0,1.0,13.0,25.0
Aston Villa,time_block,1983577,against,0-15,99,2,67,53,64,36,19,12,27,26,5,1,5,1,13,6,0,24,15,17,3,6,50,0,0,0,1,1,0,0,0,1,0,1,0,0,0,0,0,0,0,5,3,5,3,12,7,17,10,0,3,4,3,8,1,10,11,7,1,1,1,17,22.0,75.0,220.0,262.91999999999996,1519.2421094587435,928.305,1.0,2.0,1.0,0.0,5.0,1.0
Aston Villa,time_block,1983577,against,16-30,60,0,36,26,32,20,10,6,4,22,0,0,0,0,10,3,0,9,4,2,3,2,34,0,1,0,1,0,1,0,0,1,0,0,0,0,0,0,0,0,0,1,1,4,2,6,3,10,5,0,0,4,5,3,2,9,8,3,2,1,2,13,18.0,38.0,107.0,134.60999999999999,616.8057681228181,501.90000000000003,0.0,0.0,0.0,0.0,7.0,1.0
Aston Villa,time_block,1983577,against,31-45,61,1,39,27,36,23,7,9,14,13,5,0,7,0,11,8,0,20,14,13,6,7,26,2,2,0,3,2,1,0,0,3,0,2,0,0,0,0,0,0,0,2,2,9,5,6,4,15,9,0,2,1,0,3,1,6,3,5,0,2,0,13,25.0,50.0,114.0,350.59499999999997,843.5621645499815,1284.675,0.0,0.0,1.0,0.0,2.0,3.0
Aston Villa,time_block,1983577,against,46-60,42,1,24,12,18,18,3,3,2,10,0,0,0,0,8,3,0,7,2,4,0,2,20,0,2,1,2,0,2,0,1,1,0,0,0,0,0,0,0,0,0,2,1,5,2,12,6,17,8,0,5,1,2,3,3,14,5,7,3,2,0,13,17.0,25.0,45.0,225.43500000000003,378.299458974322,604.695,0.0,1.0,1.0,1.0,1.0,2.0
Aston Villa,time_block,1983577,against,61-75,59,2,33,25,30,16,9,8,14,11,5,0,5,0,6,3,0,12,10,8,2,7,25,1,2,1,2,0,2,0,1,1,0,0,0,0,0,0,0,0,0,3,0,5,4,7,1,12,5,0,0,3,3,4,1,6,7,2,0,2,1,12,20.0,43.0,99.0,285.81,574.2368239434154,990.675,0.0,0.0,0.0,0.0,4.0,2.0
Aston Villa,time_block,1983577,against,76+,60,3,30,24,29,18,4,8,9,15,4,1,4,1,6,3,0,11,8,7,2,6,23,0,2,2,2,1,1,0,2,0,1,0,0,0,0,0,0,0,0,2,2,2,1,15,9,17,10,0,6,3,4,8,1,14,12,6,2,2,1,8,13.0,35.0,118.0,325.92,699.781080059123,525.525,1.0,1.0,1.0,0.0,3.0,2.0
Aston Villa,time_block,1983577,for,0-15,165,6,132,121,131,47,30,55,66,55,2,1,3,1,2,2,2,41,36,37,11,14,95,1,3,2,4,1,1,2,4,0,1,0,0,0,0,0,0,0,0,2,1,5,2,11,4,16,6,0,2,2,5,9,0,8,14,3,3,1,1,15,25.0,149.0,457.0,465.78000000000003,2053.80839600703,1134.42,2.0,0.0,1.0,0.0,6.0,4.0
Aston Villa,time_block,1983577,for,16-30,136,6,112,96,110,47,27,38,72,24,3,0,5,0,6,3,1,53,42,47,10,14,65,2,1,0,2,0,2,0,1,1,0,0,0,0,0,0,0,0,0,3,2,4,2,7,3,11,5,0,0,1,0,1,1,5,1,2,1,2,1,19,27.0,115.0,320.0,347.44500000000005,1737.7708043716239,1519.56,0.0,0.0,0.0,0.0,3.0,2.0
Aston Villa,time_block,1983577,for,31-45,84,1,56,45,53,31,12,13,11,34,1,0,1,0,11,7,0,9,4,3,3,7,53,0,0,0,1,0,1,0,0,1,0,0,0,0,0,0,0,0,0,2,0,9,4,7,2,16,6,0,0,0,9,5,1,3,14,0,2,0,2,17,22.0,58.0,207.0,378.21000000000004,931.8262639871336,835.485,1.0,0.0,0.0,0.0,3.0,1.0
Aston Villa,time_block,1983577,for,46-60,146,6,120,112,116,39,33,48,65,47,0,0,0,0,8,8,1,37,33,36,8,16,84,0,3,2,3,0,2,1,2,1,0,0,0,0,0,0,0,0,0,7,3,5,3,12,6,17,9,0,1,0,0,6,0,2,6,2,1,0,2,17,25.0,123.0,394.0,429.03,2109.517283790548,1063.965,0.0,1.0,0.0,0.0,2.0,3.0
Aston Villa,time_block,1983577,for,61-75,124,3,107,94,102,41,26,40,59,35,0,0,0,0,5,1,0,27,18,23,8,9,84,0,1,1,1,0,0,1,1,0,0,0,0,0,0,0,0,0,0,1,0,5,1,6,4,11,5,0,2,0,3,4,1,4,7,4,0,1,2,14,20.0,165.0,552.0,285.18,2464.6490544699914,761.355,0.0,0.0,0.0,0.0,3.0,1.0
Aston Villa,time_block,1983577,for,76+,202,2,167,156,164,60,47,60,103,53,2,0,3,0,7,5,0,51,43,41,15,15,126,1,0,0,2,0,1,1,2,0,0,0,0,0,0,0,0,0,0,3,2,2,1,15,6,17,7,0,2,1,3,6,0,6,9,4,2,1,2,20,23.0,120.0,357.0,305.445,1865.440658196565,1181.25,0.0,0.0,1.0,0.0,3.0,2.0
Aston Villa,game_state,1983577,against,-2 or worse,0,0,0,0,0,0,0,0,0,0,0,0,0,0,0,0,0,0,0,0,0,0,0,0,0,0,0,0,0,0,0,0,0,0,0,0,0,0,0,0,0,0,0,0,0,0,0,0,0,0,0,0,0,0,0,0,0,0,0,0,0,0,0.0,0.0,0.0,0.0,0.0,0.0,0.0,0.0,0.0,0.0,0.0,0.0
Aston Villa,game_state,1983577,against,-1,0,0,0,0,0,0,0,0,0,0,0,0,0,0,0,0,0,0,0,0,0,0,0,0,0,0,0,0,0,0,0,0,0,0,0,0,0,0,0,0,0,0,0,0,0,0,0,0,0,0,0,0,0,0,0,0,0,0,0,0,0,0,0.0,0.0,0.0,0.0,0.0,0.0,0.0,0.0,0.0,0.0,0.0,0.0
Aston Villa,game_state,1983577,against,Level,381,9,229,167,209,131,52,46,70,97,19,2,21,2,54,26,0,83,53,51,16,30,178,3,9,4,11,4,7,0,4,7,1,3,0,0,0,0,0,0,0,15,9,30,17,58,30,88,47,0,16,16,17,29,9,59,46,30,8,10,5,76,115.0,266.0,703.0,1585.29,4631.927405108403,4835.775,2.0,4.0,4.0,1.0,22.0,11.0
Aston Villa,game_state,1983577,against,+1,0,0,0,0,0,0,0,0,0,0,0,0,0,0,0,0,0,0,0,0,0,0,0,0,0,0,0,0,0,0,0,0,0,0,0,0,0,0,0,0,0,0,0,0,0,0,0,0,0,0,0,0,0,0,0,0,0,0,0,0,0,0,0.0,0.0,0.0,0.0,0.0,0.0,0.0,0.0,0.0,0.0,0.0,0.0
Aston Villa,game_state,1983577,against,+2 or better,0,0,0,0,0,0,0,0,0,0,0,0,0,0,0,0,0,0,0,0,0,0,0,0,0,0,0,0,0,0,0,0,0,0,0,0,0,0,0,0,0,0,0,0,0,0,0,0,0,0,0,0,0,0,0,0,0,0,0,0,0,0,0.0,0.0,0.0,0.0,0.0,0.0,0.0,0.0,0.0,0.0,0.0,0.0
Aston Villa,game_state,1983577,for,-2 or worse,0,0,0,0,0,0,0,0,0,0,0,0,0,0,0,0,0,0,0,0,0,0,0,0,0,0,0,0,0,0,0,0,0,0,0,0,0,0,0,0,0,0,0,0,0,0,0,0,0,0,0,0,0,0,0,0,0,0,0,0,0,0,0.0,0.0,0.0,0.0,0.0,0.0,0.0,0.0,0.0,0.0,0.0,0.0
Aston Villa,game_state,1983577,for,-1,0,0,0,0,0,0,0,0,0,0,0,0,0,0,0,0,0,0,0,0,0,0,0,0,0,0,0,0,0,0,0,0,0,0,0,0,0,0,0,0,0,0,0,0,0,0,0,0,0,0,0,0,0,0,0,0,0,0,0,0,0,0,0.0,0.0,0.0,0.0,0.0,0.0,0.0,0.0,0.0,0.0,0.0,0.0
Aston Villa,game_state,1983577,for,Level,857,24,694,624,676,265,175,254,376,248,8,1,12,1,39,26,4,218,176,187,55,75,507,4,8,5,13,1,7,5,10,3,1,0,0,0,0,0,0,0,0,18,8,30,13,58,25,88,38,0,7,4,20,31,3,28,51,15,9,5,10,102,142.0,730.0,2287.0,2211.09,11163.01246082289,6496.035,3.0,1.0,2.0,0.0,20.0,13.0
Aston Villa,game_state,1983577,for,+1,0,0,0,0,0,0,0,0,0,0,0,0,0,0,0,0,0,0,0,0,0,0,0,0,0,0,0,0,0,0,0,0,0,0,0,0,0,0,0,0,0,0,0,0,0,0,0,0,0,0,0,0,0,0,0,0,0,0,0,0,0,0,0.0,0.0,0.0,0.0,0.0,0.0,0.0,0.0,0.0,0.0,0.0,0.0
Aston Villa,game_state,1983577,for,+2 or better,0,0,0,0,0,0,0,0,0,0,0,0,0,0,0,0,0,0,0,0,0,0,0,0,0,0,0,0,0,0,0,0,0,0,0,0,0,0,0,0,0,0,0,0,0,0,0,0,0,0,0,0,0,0,0,0,0,0,0,0,0,0,0.0,0.0,0.0,0.0,0.0,0.0,0.0,0.0,0.0,0.0,0.0,0.0
Aston Villa,total,1983577,against,Season,381,9,229,167,209,131,52,46,70,97,19,2,21,2,54,26,0,83,53,51,16,30,178,3,9,4,11,4,7,0,4,7,1,3,0,0,0,0,0,0,0,15,9,30,17,58,30,88,47,0,16,16,17,29,9,59,46,30,8,10,5,76,115.0,266.0,703.0,1585.29,4631.927405108403,4835.775,2.0,4.0,4.0,1.0,22.0,11.0
Aston Villa,total,1983577,for,Season,857,24,694,624,676,265,175,254,376,248,8,1,12,1,39,26,4,218,176,187,55,75,507,4,8,5,13,1,7,5,10,3,1,0,0,0,0,0,0,0,0,18,8,30,13,58,25,88,38,0,7,4,20,31,3,28,51,15,9,5,10,102,142.0,730.0,2287.0,2211.09,11163.01246082289,6496.035,3.0,1.0,2.0,0.0,20.0,13.0
Hull,time_block,1983577,against,0-15,165,6,132,121,131,47,30,55,66,55,2,1,3,1,2,2,2,41,36,37,11,14,95,1,3,2,4,1,1,2,4,0,1,0,0,0,0,0,0,0,0,2,1,5,2,11,4,16,6,0,2,2,5,9,0,8,14,3,3,1,1,15,25.0,149.0,457.0,465.78000000000003,2053.80839600703,1134.42,2.0,0.0,1.0,0.0,6.0,4.0
Hull,time_block,1983577,against,16-30,136,6,112,96,110,47,27,38,72,24,3,0,5,0,6,3,1,53,42,47,10,14,65,2,1,0,2,0,2,0,1,1,0,0,0,0,0,0,0,0,0,3,2,4,2,7,3,11,5,0,0,1,0,1,1,5,1,2,1,2,1,19,27.0,115.0,320.0,347.44500000000005,1737.7708043716239,1519.56,0.0,0.0,0.0,0.0,3.0,2.0
Hull,time_block,1983577,against,31-45,84,1,56,45,53,31,12,13,11,34,1,0,1,0,11,7,0,9,4,3,3,7,53,0,0,0,1,0,1,0,0,1,0,0,0,0,0,0,0,0,0,2,0,9,4,7,2,16,6,0,0,0,9,5,1,3,14,0,2,0,2,17,22.0,58.0,207.0,378.21000000000004,931.8262639871336,835.485,1.0,0.0,0.0,0.0,3.0,1.0
Hull,time_block,1983577,against,46-60,146,6,120,112,116,39,33,48,65,47,0,0,0,0,8,8,1,37,33,36,8,16,84,0,3,2,3,0,2,1,2,1,0,0,0,0,0,0,0,0,0,7,3,5,3,12,6,17,9,0,1,0,0,6,0,2,6,2,1,0,2,17,25.0,123.0,394.0,429.03,2109.517283790548,1063.965,0.0,1.0,0.0,0.0,2.0,3.0
Hull,time_block,1983577,against,61-75,124,3,107,94,102,41,26,40,59,35,0,0,0,0,5,1,0,27,18,23,8,9,84,0,1,1,1,0,0,1,1,0,0,0,0,0,0,0,0,0,0,1,0,5,1,6,4,11,5,0,2,0,3,4,1,4,7,4,0,1,2,14,20.0,165.0,552.0,285.18,2464.6490544699914,761.355,0.0,0.0,0.0,0.0,3.0,1.0
Hull,time_block,1983577,against,76+,202,2,167,156,164,60,47,60,103,53,2,0,3,0,7,5,0,51,43,41,15,15,126,1,0,0,2,0,1,1,2,0,0,0,0,0,0,0,0,0,0,3,2,2,1,15,6,17,7,0,2,1,3,6,0,6,9,4,2,1,2,20,23.0,120.0,357.0,305.445,1865.440658196565,1181.25,0.0,0.0,1.0,0.0,3.0,2.0
Hull,time_block,1983577,for,0-15,99,2,67,53,64,36,19,12,27,26,5,1,5,1,13,6,0,24,15,17,3,6,50,0,0,0,1,1,0,0,0,1,0,1,0,0,0,0,0,0,0,5,3,5,3,12,7,17,10,0,3,4,3,8,1,10,11,7,1,1,1,17,22.0,75.0,220.0,262.91999999999996,1519.2421094587435,928.305,1.0,2.0,1.0,0.0,5.0,1.0
Hull,time_block,1983577,for,16-30,60,0,36,26,32,20,10,6,4,22,0,0,0,0,10,3,0,9,4,2,3,2,34,0,1,0,1,0,1,0,0,1,0,0,0,0,0,0,0,0,0,1,1,4,2,6,3,10,5,0,0,4,5,3,2,9,8,3,2,1,2,13,18.0,38.0,107.0,134.60999999999999,616.8057681228181,501.90000000000003,0.0,0.0,0.0,0.0,7.0,1.0
Hull,time_block,1983577,for,31-45,61,1,39,27,36,23,7,9,14,13,5,0,7,0,11,8,0,20,14,13,6,7,26,2,2,0,3,2,1,0,0,3,0,2,0,0,0,0,0,0,0,2,2,9,5,6,4,15,9,0,2,1,0,3,1,6,3,5,0,2,0,13,25.0,50.0,114.0,350.59499999999997,843.5621645499815,1284.675,0.0,0.0,1.0,0.0,2.0,3.0
Hull,time_block,1983577,for,46-60,42,1,24,12,18,18,3,3,2,10,0,0,0,0,8,3,0,7,2,4,0,2,20,0,2,1,2,0,2,0,1,1,0,0,0,0,0,0,0,0,0,2,1,5,2,12,6,17,8,0,5,1,2,3,3,14,5,7,3,2,0,13,17.0,25.0,45.0,225.43500000000003,378.299458974322,604.695,0.0,1.0,1.0,1.0,1.0,2.0
Hull,time_block,1983577,for,61-75,59,2,33,25,30,16,9,8,14,11,5,0,5,0,6,3,0,12,10,8,2,7,25,1,2,1,2,0,2,0,1,1,0,0,0,0,0,0,0,0,0,3,0,5,4,7,1,12,5,0,0,3,3,4,1,6,7,2,0,2,1,12,20.0,43.0,99.0,285.81,574.2368239434154,990.675,0.0,0.0,0.0,0.0,4.0,2.0
Hull,time_block,1983577,for,76+,60,3,30,24,29,18,4,8,9,15,4,1,4,1,6,3,0,11,8,7,2,6,23,0,2,2,2,1,1,0,2,0,1,0,0,0,0,0,0,0,0,2,2,2,1,15,9,17,10,0,6,3,4,8,1,14,12,6,2,2,1,8,13.0,35.0,118.0,325.92,699.781080059123,525.525,1.0,1.0,1.0,0.0,3.0,2.0
Hull,game_state,1983577,against,-2 or worse,0,0,0,0,0,0,0,0,0,0,0,0,0,0,0,0,0,0,0,0,0,0,0,0,0,0,0,0,0,0,0,0,0,0,0,0,0,0,0,0,0,0,0,0,0,0,0,0,0,0,0,0,0,0,0,0,0,0,0,0,0,0,0.0,0.0,0.0,0.0,0.0,0.0,0.0,0.0,0.0,0.0,0.0,0.0
Hull,game_state,1983577,against,-1,0,0,0,0,0,0,0,0,0,0,0,0,0,0,0,0,0,0,0,0,0,0,0,0,0,0,0,0,0,0,0,0,0,0,0,0,0,0,0,0,0,0,0,0,0,0,0,0,0,0,0,0,0,0,0,0,0,0,0,0,0,0,0.0,0.0,0.0,0.0,0.0,0.0,0.0,0.0,0.0,0.0,0.0,0.0
Hull,game_state,1983577,against,Level,857,24,694,624,676,265,175,254,376,248,8,1,12,1,39,26,4,218,176,187,55,75,507,4,8,5,13,1,7,5,10,3,1,0,0,0,0,0,0,0,0,18,8,30,13,58,25,88,38,0,7,4,20,31,3,28,51,15,9,5,10,102,142.0,730.0,2287.0,2211.09,11163.01246082289,6496.035,3.0,1.0,2.0,0.0,20.0,13.0
Hull,game_state,1983577,against,+1,0,0,0,0,0,0,0,0,0,0,0,0,0,0,0,0,0,0,0,0,0,0,0,0,0,0,0,0,0,0,0,0,0,0,0,0,0,0,0,0,0,0,0,0,0,0,0,0,0,0,0,0,0,0,0,0,0,0,0,0,0,0,0.0,0.0,0.0,0.0,0.0,0.0,0.0,0.0,0.0,0.0,0.0,0.0
Hull,game_state,1983577,against,+2 or better,0,0,0,0,0,0,0,0,0,0,0,0,0,0,0,0,0,0,0,0,0,0,0,0,0,0,0,0,0,0,0,0,0,0,0,0,0,0,0,0,0,0,0,0,0,0,0,0,0,0,0,0,0,0,0,0,0,0,0,0,0,0,0.0,0.0,0.0,0.0,0.0,0.0,0.0,0.0,0.0,0.0,0.0,0.0
Hull,game_state,1983577,for,-2 or worse,0,0,0,0,0,0,0,0,0,0,0,0,0,0,0,0,0,0,0,0,0,0,0,0,0,0,0,0,0,0,0,0,0,0,0,0,0,0,0,0,0,0,0,0,0,0,0,0,0,0,0,0,0,0,0,0,0,0,0,0,0,0,0.0,0.0,0.0,0.0,0.0,0.0,0.0,0.0,0.0,0.0,0.0,0.0
Hull,game_state,1983577,for,-1,0,0,0,0,0,0,0,0,0,0,0,0,0,0,0,0,0,0,0,0,0,0,0,0,0,0,0,0,0,0,0,0,0,0,0,0,0,0,0,0,0,0,0,0,0,0,0,0,0,0,0,0,0,0,0,0,0,0,0,0,0,0,0.0,0.0,0.0,0.0,0.0,0.0,0.0,0.0,0.0,0.0,0.0,0.0
Hull,game_state,1983577,for,Level,381,9,229,167,209,131,52,46,70,97,19,2,21,2,54,26,0,83,53,51,16,30,178,3,9,4,11,4,7,0,4,7,1,3,0,0,0,0,0,0,0,15,9,30,17,58,30,88,47,0,16,16,17,29,9,59,46,30,8,10,5,76,115.0,266.0,703.0,1585.29,4631.927405108403,4835.775,2.0,4.0,4.0,1.0,22.0,11.0
Hull,game_state,1983577,for,+1,0,0,0,0,0,0,0,0,0,0,0,0,0,0,0,0,0,0,0,0,0,0,0,0,0,0,0,0,0,0,0,0,0,0,0,0,0,0,0,0,0,0,0,0,0,0,0,0,0,0,0,0,0,0,0,0,0,0,0,0,0,0,0.0,0.0,0.0,0.0,0.0,0.0,0.0,0.0,0.0,0.0,0.0,0.0
Hull,game_state,1983577,for,+2 or better,0,0,0,0,0,0,0,0,0,0,0,0,0,0,0,0,0,0,0,0,0,0,0,0,0,0,0,0,0,0,0,0,0,0,0,0,0,0,0,0,0,0,0,0,0,0,0,0,0,0,0,0,0,0,0,0,0,0,0,0,0,0,0.0,0.0,0.0,0.0,0.0,0.0,0.0,0.0,0.0,0.0,0.0,0.0
Hull,total,1983577,against,Season,857,24,694,624,676,265,175,254,376,248,8,1,12,1,39,26,4,218,176,187,55,75,507,4,8,5,13,1,7,5,10,3,1,0,0,0,0,0,0,0,0,18,8,30,13,58,25,88,38,0,7,4,20,31,3,28,51,15,9,5,10,102,142.0,730.0,2287.0,2211.09,11163.01246082289,6496.035,3.0,1.0,2.0,0.0,20.0,13.0
Hull,total,1983577,for,Season,381,9,229,167,209,131,52,46,70,97,19,2,21,2,54,26,0,83,53,51,16,30,178,3,9,4,11,4,7,0,4,7,1,3,0,0,0,0,0,0,0,15,9,30,17,58,30,88,47,0,16,16,17,29,9,59,46,30,8,10,5,76,115.0,266.0,703.0,1585.29,4631.927405108403,4835.775,2.0,4.0,4.0,1.0,22.0,11.0
Ipswich,time_block,1983578,against,0-15,154,2,127,109,127,48,37,42,38,71,1,0,1,0,13,7,1,25,16,14,9,9,113,0,1,1,4,1,3,0,2,2,1,0,1,1,0,1,0,0,0,3,1,7,3,8,4,15,7,0,3,3,2,9,2,9,11,6,0,1,0,21,28.0,134.0,369.0,107.30999999999997,2004.429662407821,1481.76,0.0,0.0,1.0,0.0,1.0,4.0
Ipswich,time_block,1983578,against,16-30,100,0,81,68,78,37,24,20,22,46,1,0,1,0,6,1,1,14,9,8,4,6,73,0,0,0,1,0,0,1,0,1,0,0,0,0,0,0,0,0,0,0,0,0,0,7,3,7,3,0,2,1,4,7,0,7,11,3,3,1,1,16,19.0,85.0,210.0,201.285,1182.297915529833,616.77,1.0,0.0,0.0,0.0,8.0,2.0
Ipswich,time_block,1983578,against,31-45,124,7,91,75,88,43,18,30,51,24,5,2,5,2,9,3,0,52,40,42,8,14,49,0,4,4,5,0,1,4,3,2,0,0,0,0,0,0,0,0,0,3,2,8,3,11,6,19,9,0,3,0,4,11,2,7,15,6,1,1,1,21,31.0,99.0,251.0,240.66000000000003,1284.3892498475905,1650.18,1.0,0.0,3.0,1.0,4.0,4.0
Ipswich,time_block,1983578,against,46-60,86,1,64,48,63,34,18,12,1,47,1,0,2,1,10,3,0,9,2,1,2,1,63,1,0,0,0,0,0,0,0,0,0,0,0,0,0,0,0,0,0,0,0,6,3,4,3,10,6,0,2,4,3,10,0,7,13,5,0,1,1,18,21.0,71.0,175.0,158.76,1071.8422513286396,796.635,0.0,0.0,0.0,0.0,4.0,0.0
Ipswich,time_block,1983578,against,61-75,113,10,85,78,80,35,20,30,56,22,4,1,5,1,3,0,0,36,30,33,5,13,52,1,6,3,7,1,5,1,6,1,1,0,0,0,0,0,0,0,0,2,1,3,2,8,6,11,8,0,1,1,2,7,2,5,9,4,1,0,4,9,22.0,91.0,247.0,331.16999999999996,1319.9669521727344,1352.82,2.0,0.0,1.0,1.0,0.0,7.0
Ipswich,time_block,1983578,against,76+,114,4,65,52,58,31,18,16,17,35,1,0,2,0,10,4,0,16,10,7,4,3,58,2,4,1,4,0,2,2,2,2,0,0,0,0,0,0,0,0,0,0,0,12,6,15,8,27,14,0,3,1,14,9,0,9,23,7,3,2,5,19,30.0,71.0,182.0,424.62,1167.9786064682348,1190.7,0.0,2.0,1.0,0.0,6.0,4.0
Ipswich,time_block,1983578,for,0-15,92,2,66,51,62,27,16,23,7,44,1,0,1,0,11,3,1,5,3,2,2,3,64,0,1,1,1,1,0,0,1,0,1,0,0,0,0,0,0,0,0,0,0,7,4,7,3,14,7,0,2,4,5,7,1,8,12,5,1,0,1,19,25.0,91.0,232.0,27.509999999999998,1504.9273162278068,942.375,0.0,0.0,1.0,0.0,5.0,1.0
Ipswich,time_block,1983578,for,16-30,136,3,109,100,108,45,28,36,45,55,0,0,3,0,3,1,1,11,3,7,2,7,102,3,1,1,3,1,1,1,2,1,1,0,0,0,0,0,0,0,0,5,3,0,0,8,4,8,4,0,0,2,0,5,2,5,5,3,0,1,1,14,21.0,94.0,281.0,144.16500000000002,1461.572034253181,1306.5149999999999,1.0,1.0,1.0,0.0,2.0,3.0
Ipswich,time_block,1983578,for,31-45,110,4,72,56,69,33,11,28,18,38,3,2,3,2,9,2,1,17,11,11,4,5,61,0,3,3,3,1,2,0,3,0,1,0,0,0,0,0,0,0,0,4,1,8,5,12,5,20,10,0,3,3,4,9,0,9,13,3,2,1,1,22,29.0,78.0,252.0,392.175,1310.5430028638618,916.545,0.0,1.0,0.0,0.0,8.0,3.0
Ipswich,time_block,1983578,for,46-60,100,0,86,71,84,41,27,18,28,43,1,0,2,0,9,2,0,24,18,20,6,11,66,1,0,0,1,1,0,0,0,1,0,1,0,0,0,0,0,0,0,3,0,6,3,5,1,11,4,0,0,0,1,9,0,1,10,1,0,1,1,19,25.0,98.0,240.0,37.904999999999994,1518.9312564824522,1100.61,0.0,0.0,1.0,1.0,4.0,1.0
Ipswich,time_block,1983578,for,61-75,67,0,48,38,45,21,16,11,13,25,0,0,0,0,11,5,0,13,11,10,2,4,38,0,1,0,1,0,1,0,0,1,0,0,0,0,0,0,0,0,0,1,1,3,1,8,2,11,3,0,1,1,3,3,0,7,6,4,1,4,0,15,17.0,46.0,130.0,141.435,708.7892944302498,437.64,1.0,0.0,0.0,0.0,6.0,1.0
Ipswich,time_block,1983578,for,76+,134,9,91,70,86,47,30,14,29,41,4,1,4,1,18,7,1,35,20,18,11,13,73,0,1,0,4,0,1,3,3,1,0,0,0,0,0,0,0,0,0,6,3,12,6,15,7,27,13,0,2,3,3,11,1,11,14,10,0,5,2,28,38.0,102.0,281.0,324.03,1749.3699790478781,1889.79,0.0,0.0,1.0,1.0,7.0,4.0
Ipswich,game_state,1983578,against,-2 or worse,0,0,0,0,0,0,0,0,0,0,0,0,0,0,0,0,0,0,0,0,0,0,0,0,0,0,0,0,0,0,0,0,0,0,0,0,0,0,0,0,0,0,0,0,0,0,0,0,0,0,0,0,0,0,0,0,0,0,0,0,0,0,0.0,0.0,0.0,0.0,0.0,0.0,0.0,0.0,0.0,0.0,0.0,0.0
Ipswich,game_state,1983578,against,-1,592,22,435,363,416,197,115,123,161,202,12,3,15,4,43,13,1,134,94,95,26,39,340,4,14,8,17,1,8,8,11,6,1,0,0,0,0,0,0,0,0,5,3,29,14,46,27,75,41,0,12,7,28,47,5,37,75,26,8,5,12,90,130.0,469.0,1227.0,1266.195,6870.174301534124,5987.835,4.0,2.0,6.0,2.0,22.0,17.0
Ipswich,game_state,1983578,against,Level,99,2,78,67,78,31,20,27,24,43,1,0,1,0,8,5,1,18,13,10,6,7,68,0,1,1,4,1,3,0,2,2,1,0,1,1,0,1,0,0,0,3,1,7,3,7,3,14,6,0,2,3,1,6,1,7,7,5,0,1,0,14,21.0,82.0,207.0,197.60999999999999,1160.730336220729,1101.03,0.0,0.0,0.0,0.0,1.0,4.0
Ipswich,game_state,1983578,against,+1,0,0,0,0,0,0,0,0,0,0,0,0,0,0,0,0,0,0,0,0,0,0,0,0,0,0,0,0,0,0,0,0,0,0,0,0,0,0,0,0,0,0,0,0,0,0,0,0,0,0,0,0,0,0,0,0,0,0,0,0,0,0,0.0,0.0,0.0,0.0,0.0,0.0,0.0,0.0,0.0,0.0,0.0,0.0
Ipswich,game_state,1983578,against,+2 or better,0,0,0,0,0,0,0,0,0,0,0,0,0,0,0,0,0,0,0,0,0,0,0,0,0,0,0,0,0,0,0,0,0,0,0,0,0,0,0,0,0,0,0,0,0,0,0,0,0,0,0,0,0,0,0,0,0,0,0,0,0,0,0.0,0.0,0.0,0.0,0.0,0.0,0.0,0.0,0.0,0.0,0.0,0.0
Ipswich,game_state,1983578,for,-2 or worse,0,0,0,0,0,0,0,0,0,0,0,0,0,0,0,0,0,0,0,0,0,0,0,0,0,0,0,0,0,0,0,0,0,0,0,0,0,0,0,0,0,0,0,0,0,0,0,0,0,0,0,0,0,0,0,0,0,0,0,0,0,0,0.0,0.0,0.0,0.0,0.0,0.0,0.0,0.0,0.0,0.0,0.0,0.0
Ipswich,game_state,1983578,for,-1,566,16,417,343,403,191,117,109,134,209,8,3,12,3,52,17,3,101,63,66,25,40,351,4,6,4,12,3,5,4,8,4,2,1,0,0,0,0,0,0,0,19,8,29,15,49,19,78,34,0,6,11,13,39,3,35,52,22,3,12,5,103,135.0,452.0,1292.0,1010.415,7347.5244745138225,5823.3,2.0,2.0,3.0,2.0,28.0,12.0
Ipswich,game_state,1983578,for,Level,73,2,55,43,51,23,11,21,6,37,1,0,1,0,9,3,1,4,3,2,2,3,53,0,1,1,1,1,0,0,1,0,1,0,0,0,0,0,0,0,0,0,0,7,4,6,3,13,7,0,2,2,3,5,1,6,8,4,1,0,1,14,20.0,57.0,124.0,56.80499999999999,906.6084087916067,770.175,0.0,0.0,1.0,0.0,4.0,1.0
Ipswich,game_state,1983578,for,+1,0,0,0,0,0,0,0,0,0,0,0,0,0,0,0,0,0,0,0,0,0,0,0,0,0,0,0,0,0,0,0,0,0,0,0,0,0,0,0,0,0,0,0,0,0,0,0,0,0,0,0,0,0,0,0,0,0,0,0,0,0,0,0.0,0.0,0.0,0.0,0.0,0.0,0.0,0.0,0.0,0.0,0.0,0.0
Ipswich,game_state,1983578,for,+2 or better,0,0,0,0,0,0,0,0,0,0,0,0,0,0,0,0,0,0,0,0,0,0,0,0,0,0,0,0,0,0,0,0,0,0,0,0,0,0,0,0,0,0,0,0,0,0,0,0,0,0,0,0,0,0,0,0,0,0,0,0,0,0,0.0,0.0,0.0,0.0,0.0,0.0,0.0,0.0,0.0,0.0,0.0,0.0
Ipswich,total,1983578,against,Season,691,24,513,430,494,228,135,150,185,245,13,3,16,4,51,18,2,152,107,105,32,46,408,4,15,9,21,2,11,8,13,8,2,0,1,1,0,1,0,0,0,8,4,36,17,53,30,89,47,0,14,10,29,53,6,44,82,31,8,6,12,104,151.0,551.0,1434.0,1463.805,8030.904637754854,7088.865,4.0,2.0,6.0,2.0,23.0,21.0
Ipswich,total,1983578,for,Season,639,18,472,386,454,214,128,130,140,246,9,3,13,3,61,20,4,105,66,68,27,43,404,4,7,5,13,4,5,4,9,4,3,1,0,0,0,0,0,0,0,19,8,36,19,55,22,91,41,0,8,13,16,44,4,41,60,26,4,12,6,117,155.0,509.0,1416.0,1067.22,8254.13288330543,6593.474999999999,2.0,2.0,4.0,2.0,32.0,13.0
Everton,time_block,1983578,against,0-15,92,2,66,51,62,27,16,23,7,44,1,0,1,0,11,3,1,5,3,2,2,3,64,0,1,1,1,1,0,0,1,0,1,0,0,0,0,0,0,0,0,0,0,7,4,7,3,14,7,0,2,4,5,7,1,8,12,5,1,0,1,19,25.0,91.0,232.0,27.509999999999998,1504.9273162278068,942.375,0.0,0.0,1.0,0.0,5.0,1.0
Everton,time_block,1983578,against,16-30,136,3,109,100,108,45,28,36,45,55,0,0,3,0,3,1,1,11,3,7,2,7,102,3,1,1,3,1,1,1,2,1,1,0,0,0,0,0,0,0,0,5,3,0,0,8,4,8,4,0,0,2,0,5,2,5,5,3,0,1,1,14,21.0,94.0,281.0,144.16500000000002,1461.572034253181,1306.5149999999999,1.0,1.0,1.0,0.0,2.0,3.0
Everton,time_block,1983578,against,31-45,110,4,72,56,69,33,11,28,18,38,3,2,3,2,9,2,1,17,11,11,4,5,61,0,3,3,3,1,2,0,3,0,1,0,0,0,0,0,0,0,0,4,1,8,5,12,5,20,10,0,3,3,4,9,0,9,13,3,2,1,1,22,29.0,78.0,252.0,392.175,1310.5430028638618,916.545,0.0,1.0,0.0,0.0,8.0,3.0
Everton,time_block,1983578,against,46-60,100,0,86,71,84,41,27,18,28,43,1,0,2,0,9,2,0,24,18,20,6,11,66,1,0,0,1,1,0,0,0,1,0,1,0,0,0,0,0,0,0,3,0,6,3,5,1,11,4,0,0,0,1,9,0,1,10,1,0,1,1,19,25.0,98.0,240.0,37.904999999999994,1518.9312564824522,1100.61,0.0,0.0,1.0,1.0,4.0,1.0
Everton,time_block,1983578,against,61-75,67,0,48,38,45,21,16,11,13,25,0,0,0,0,11,5,0,13,11,10,2,4,38,0,1,0,1,0,1,0,0,1,0,0,0,0,0,0,0,0,0,1,1,3,1,8,2,11,3,0,1,1,3,3,0,7,6,4,1,4,0,15,17.0,46.0,130.0,141.435,708.7892944302498,437.64,1.0,0.0,0.0,0.0,6.0,1.0
Everton,time_block,1983578,against,76+,134,9,91,70,86,47,30,14,29,41,4,1,4,1,18,7,1,35,20,18,11,13,73,0,1,0,4,0,1,3,3,1,0,0,0,0,0,0,0,0,0,6,3,12,6,15,7,27,13,0,2,3,3,11,1,11,14,10,0,5,2,28,38.0,102.0,281.0,324.03,1749.3699790478781,1889.79,0.0,0.0,1.0,1.0,7.0,4.0
Everton,time_block,1983578,for,0-15,154,2,127,109,127,48,37,42,38,71,1,0,1,0,13,7,1,25,16,14,9,9,113,0,1,1,4,1,3,0,2,2,1,0,1,1,0,1,0,0,0,3,1,7,3,8,4,15,7,0,3,3,2,9,2,9,11,6,0,1,0,21,28.0,134.0,369.0,107.30999999999997,2004.429662407821,1481.76,0.0,0.0,1.0,0.0,1.0,4.0
Everton,time_block,1983578,for,16-30,100,0,81,68,78,37,24,20,22,46,1,0,1,0,6,1,1,14,9,8,4,6,73,0,0,0,1,0,0,1,0,1,0,0,0,0,0,0,0,0,0,0,0,0,0,7,3,7,3,0,2,1,4,7,0,7,11,3,3,1,1,16,19.0,85.0,210.0,201.285,1182.297915529833,616.77,1.0,0.0,0.0,0.0,8.0,2.0
Everton,time_block,1983578,for,31-45,124,7,91,75,88,43,18,30,51,24,5,2,5,2,9,3,0,52,40,42,8,14,49,0,4,4,5,0,1,4,3,2,0,0,0,0,0,0,0,0,0,3,2,8,3,11,6,19,9,0,3,0,4,11,2,7,15,6,1,1,1,21,31.0,99.0,251.0,240.66000000000003,1284.3892498475905,1650.18,1.0,0.0,3.0,1.0,4.0,4.0
Everton,time_block,1983578,for,46-60,86,1,64,48,63,34,18,12,1,47,1,0,2,1,10,3,0,9,2,1,2,1,63,1,0,0,0,0,0,0,0,0,0,0,0,0,0,0,0,0,0,0,0,6,3,4,3,10,6,0,2,4,3,10,0,7,13,5,0,1,1,18,21.0,71.0,175.0,158.76,1071.8422513286396,796.635,0.0,0.0,0.0,0.0,4.0,0.0
Everton,time_block,1983578,for,61-75,113,10,85,78,80,35,20,30,56,22,4,1,5,1,3,0,0,36,30,33,5,13,52,1,6,3,7,1,5,1,6,1,1,0,0,0,0,0,0,0,0,2,1,3,2,8,6,11,8,0,1,1,2,7,2,5,9,4,1,0,4,9,22.0,91.0,247.0,331.16999999999996,1319.9669521727344,1352.82,2.0,0.0,1.0,1.0,0.0,7.0
Everton,time_block,1983578,for,76+,114,4,65,52,58,31,18,16,17,35,1,0,2,0,10,4,0,16,10,7,4,3,58,2,4,1,4,0,2,2,2,2,0,0,0,0,0,0,0,0,0,0,0,12,6,15,8,27,14,0,3,1,14,9,0,9,23,7,3,2,5,19,30.0,71.0,182.0,424.62,1167.9786064682348,1190.7,0.0,2.0,1.0,0.0,6.0,4.0
Everton,game_state,1983578,against,-2 or worse,0,0,0,0,0,0,0,0,0,0,0,0,0,0,0,0,0,0,0,0,0,0,0,0,0,0,0,0,0,0,0,0,0,0,0,0,0,0,0,0,0,0,0,0,0,0,0,0,0,0,0,0,0,0,0,0,0,0,0,0,0,0,0.0,0.0,0.0,0.0,0.0,0.0,0.0,0.0,0.0,0.0,0.0,0.0
Everton,game_state,1983578,against,-1,0,0,0,0,0,0,0,0,0,0,0,0,0,0,0,0,0,0,0,0,0,0,0,0,0,0,0,0,0,0,0,0,0,0,0,0,0,0,0,0,0,0,0,0,0,0,0,0,0,0,0,0,0,0,0,0,0,0,0,0,0,0,0.0,0.0,0.0,0.0,0.0,0.0,0.0,0.0,0.0,0.0,0.0,0.0
Everton,game_state,1983578,against,Level,73,2,55,43,51,23,11,21,6,37,1,0,1,0,9,3,1,4,3,2,2,3,53,0,1,1,1,1,0,0,1,0,1,0,0,0,0,0,0,0,0,0,0,7,4,6,3,13,7,0,2,2,3,5,1,6,8,4,1,0,1,14,20.0,57.0,124.0,56.80499999999999,906.6084087916067,770.175,0.0,0.0,1.0,0.0,4.0,1.0
Everton,game_state,1983578,against,+1,566,16,417,343,403,191,117,109,134,209,8,3,12,3,52,17,3,101,63,66,25,40,351,4,6,4,12,3,5,4,8,4,2,1,0,0,0,0,0,0,0,19,8,29,15,49,19,78,34,0,6,11,13,39,3,35,52,22,3,12,5,103,135.0,452.0,1292.0,1010.415,7347.5244745138225,5823.3,2.0,2.0,3.0,2.0,28.0,12.0
Everton,game_state,1983578,against,+2 or better,0,0,0,0,0,0,0,0,0,0,0,0,0,0,0,0,0,0,0,0,0,0,0,0,0,0,0,0,0,0,0,0,0,0,0,0,0,0,0,0,0,0,0,0,0,0,0,0,0,0,0,0,0,0,0,0,0,0,0,0,0,0,0.0,0.0,0.0,0.0,0.0,0.0,0.0,0.0,0.0,0.0,0.0,0.0
Everton,game_state,1983578,for,-2 or worse,0,0,0,0,0,0,0,0,0,0,0,0,0,0,0,0,0,0,0,0,0,0,0,0,0,0,0,0,0,0,0,0,0,0,0,0,0,0,0,0,0,0,0,0,0,0,0,0,0,0,0,0,0,0,0,0,0,0,0,0,0,0,0.0,0.0,0.0,0.0,0.0,0.0,0.0,0.0,0.0,0.0,0.0,0.0
Everton,game_state,1983578,for,-1,0,0,0,0,0,0,0,0,0,0,0,0,0,0,0,0,0,0,0,0,0,0,0,0,0,0,0,0,0,0,0,0,0,0,0,0,0,0,0,0,0,0,0,0,0,0,0,0,0,0,0,0,0,0,0,0,0,0,0,0,0,0,0.0,0.0,0.0,0.0,0.0,0.0,0.0,0.0,0.0,0.0,0.0,0.0
Everton,game_state,1983578,for,Level,99,2,78,67,78,31,20,27,24,43,1,0,1,0,8,5,1,18,13,10,6,7,68,0,1,1,4,1,3,0,2,2,1,0,1,1,0,1,0,0,0,3,1,7,3,7,3,14,6,0,2,3,1,6,1,7,7,5,0,1,0,14,21.0,82.0,207.0,197.60999999999999,1160.730336220729,1101.03,0.0,0.0,0.0,0.0,1.0,4.0
Everton,game_state,1983578,for,+1,592,22,435,363,416,197,115,123,161,202,12,3,15,4,43,13,1,134,94,95,26,39,340,4,14,8,17,1,8,8,11,6,1,0,0,0,0,0,0,0,0,5,3,29,14,46,27,75,41,0,12,7,28,47,5,37,75,26,8,5,12,90,130.0,469.0,1227.0,1266.195,6870.174301534124,5987.835,4.0,2.0,6.0,2.0,22.0,17.0
Everton,game_state,1983578,for,+2 or better,0,0,0,0,0,0,0,0,0,0,0,0,0,0,0,0,0,0,0,0,0,0,0,0,0,0,0,0,0,0,0,0,0,0,0,0,0,0,0,0,0,0,0,0,0,0,0,0,0,0,0,0,0,0,0,0,0,0,0,0,0,0,0.0,0.0,0.0,0.0,0.0,0.0,0.0,0.0,0.0,0.0,0.0,0.0
Everton,total,1983578,against,Season,639,18,472,386,454,214,128,130,140,246,9,3,13,3,61,20,4,105,66,68,27,43,404,4,7,5,13,4,5,4,9,4,3,1,0,0,0,0,0,0,0,19,8,36,19,55,22,91,41,0,8,13,16,44,4,41,60,26,4,12,6,117,155.0,509.0,1416.0,1067.22,8254.13288330543,6593.474999999999,2.0,2.0,4.0,2.0,32.0,13.0
Everton,total,1983578,for,Season,691,24,513,430,494,228,135,150,185,245,13,3,16,4,51,18,2,152,107,105,32,46,408,4,15,9,21,2,11,8,13,8,2,0,1,1,0,1,0,0,0,8,4,36,17,53,30,89,47,0,14,10,29,53,6,44,82,31,8,6,12,104,151.0,551.0,1434.0,1463.805,8030.904637754854,7088.865,4.0,2.0,6.0,2.0,23.0,21.0
Man Utd,time_block,1983579,against,0-15,130,1,108,98,104,33,30,45,38,60,2,0,3,0,7,3,0,8,6,5,4,5,103,1,1,1,1,0,1,0,1,0,0,0,0,0,0,0,0,0,0,1,0,6,2,3,2,9,4,0,1,0,4,6,1,2,10,1,0,0,1,13,20.0,115.0,291.0,76.02,1823.051430372909,926.73,1.0,0.0,0.0,0.0,1.0,1.0
Man Utd,time_block,1983579,against,16-30,96,7,68,63,66,31,18,19,17,46,2,2,2,2,4,1,1,12,11,7,5,11,61,0,6,5,6,2,4,0,5,1,1,1,0,0,0,0,0,0,0,0,0,1,0,7,3,8,3,0,3,2,7,8,1,10,15,6,2,2,0,6,14.0,73.0,237.0,458.95500000000004,1405.9765556115872,424.2,2.0,1.0,0.0,0.0,2.0,7.0
Man Utd,time_block,1983579,against,31-45,107,3,82,73,79,33,24,25,30,43,1,0,1,0,6,1,1,20,16,16,2,4,66,1,2,2,2,2,0,0,2,0,2,0,0,0,0,0,0,0,0,0,0,0,0,6,3,6,3,0,2,1,4,4,0,6,8,2,2,1,1,11,18.0,84.0,253.0,141.75,1244.3827434397665,600.915,1.0,0.0,0.0,0.0,4.0,1.0
Man Utd,time_block,1983579,against,46-60,152,5,123,114,120,52,35,36,59,55,2,1,2,1,6,1,0,41,38,37,8,17,86,0,1,1,1,0,0,1,1,0,0,0,0,0,0,0,0,0,0,7,3,1,1,16,10,17,11,0,5,1,2,7,3,11,9,7,0,2,2,16,18.0,127.0,374.0,187.53,1988.7962747119275,868.665,2.0,0.0,0.0,0.0,2.0,1.0
Man Utd,time_block,1983579,against,61-75,70,4,42,33,40,19,9,14,4,29,0,0,1,0,8,2,1,8,3,4,2,3,38,1,1,0,2,2,0,0,2,0,2,0,1,1,0,0,0,0,0,2,2,5,2,7,3,12,5,0,1,1,8,6,0,5,14,2,2,1,0,10,17.0,44.0,145.0,169.26,714.0737908730276,676.935,1.0,1.0,1.0,1.0,3.0,2.0
Man Utd,time_block,1983579,against,76+,73,0,34,19,30,21,6,7,5,14,0,0,1,0,8,1,0,9,2,4,1,1,30,0,0,0,0,0,0,0,0,0,0,0,0,0,0,0,0,0,0,3,2,8,4,10,4,18,8,0,1,1,16,7,2,8,23,5,1,3,1,20,22.0,38.0,84.0,29.50500000000001,431.1971947468496,840.42,0.0,0.0,1.0,0.0,5.0,0.0
Man Utd,time_block,1983579,for,0-15,116,5,92,79,89,33,29,30,38,41,3,2,3,2,9,2,0,24,21,21,5,7,71,2,2,2,4,1,1,2,3,1,0,1,0,0,0,0,0,0,0,0,0,6,4,3,1,9,5,0,1,4,2,6,0,6,8,4,0,1,0,16,22.0,113.0,309.0,70.98,1858.627934662829,1112.685,0.0,0.0,0.0,0.0,4.0,4.0
Man Utd,time_block,1983579,for,16-30,147,12,121,111,117,50,34,37,62,49,3,1,4,1,13,9,0,42,36,32,13,18,89,1,5,2,7,0,3,4,4,3,0,0,0,0,0,0,0,0,0,4,2,1,1,7,4,8,5,0,0,2,0,7,0,2,7,2,0,0,2,13,24.0,116.0,332.0,364.56,1966.724975469132,1132.845,0.0,0.0,1.0,0.0,3.0,7.0
Man Utd,time_block,1983579,for,31-45,149,7,121,115,119,52,36,33,69,46,3,0,3,0,6,4,0,54,50,47,13,20,74,0,5,3,6,1,3,2,4,2,1,0,0,0,0,0,0,0,0,2,2,0,0,6,3,6,3,0,0,1,3,9,2,4,12,4,0,1,1,11,22.0,126.0,333.0,379.89,2015.2887914322287,1144.71,2.0,1.0,1.0,0.0,2.0,6.0
Man Utd,time_block,1983579,for,46-60,117,2,89,80,87,42,29,18,40,40,2,0,2,0,7,4,0,28,25,26,9,14,63,0,0,0,0,0,0,0,0,0,0,0,0,0,0,0,0,0,0,4,0,1,0,17,6,18,6,0,4,1,2,5,1,11,7,7,3,2,2,16,21.0,95.0,232.0,52.289999999999985,1619.583770510564,973.98,0.0,0.0,0.0,0.0,4.0,0.0
Man Utd,time_block,1983579,for,61-75,115,8,82,73,78,36,21,25,38,35,6,1,8,2,5,5,0,35,28,28,8,14,54,5,4,3,6,3,1,2,3,3,1,2,0,0,0,0,1,1,0,3,2,5,3,7,4,12,7,0,1,0,3,8,0,3,11,2,2,0,1,12,27.0,93.0,237.0,307.125,1601.8068646229804,1566.075,2.0,1.0,2.0,0.0,4.0,7.0
Man Utd,time_block,1983579,for,76+,139,9,101,87,97,45,20,36,64,23,7,1,11,2,5,2,0,50,40,41,10,18,60,5,4,2,6,1,2,3,3,3,0,1,1,0,1,1,0,0,0,2,1,8,4,10,6,18,10,0,2,1,3,8,0,6,11,3,2,1,3,18,35.0,116.0,284.0,465.78000000000003,1795.6309858647871,2070.81,0.0,1.0,0.0,0.0,4.0,6.0
Man Utd,game_state,1983579,against,-2 or worse,0,0,0,0,0,0,0,0,0,0,0,0,0,0,0,0,0,0,0,0,0,0,0,0,0,0,0,0,0,0,0,0,0,0,0,0,0,0,0,0,0,0,0,0,0,0,0,0,0,0,0,0,0,0,0,0,0,0,0,0,0,0,0.0,0.0,0.0,0.0,0.0,0.0,0.0,0.0,0.0,0.0,0.0,0.0
Man Utd,game_state,1983579,against,-1,97,1,49,32,44,27,8,14,4,28,0,0,1,0,10,1,1,9,2,3,1,1,46,0,1,0,1,1,0,0,1,0,1,0,0,0,0,0,0,0,0,3,3,9,4,13,5,22,9,0,1,1,18,10,2,10,28,5,2,4,1,21,28.0,52.0,137.0,177.555,619.6409882520479,874.65,0.0,1.0,1.0,0.0,7.0,1.0
Man Utd,game_state,1983579,against,Level,531,19,408,368,395,162,114,132,149,219,7,3,9,3,29,8,2,89,74,70,21,40,338,3,10,9,11,5,5,1,10,1,4,1,1,1,0,0,0,0,0,10,4,12,5,36,20,48,25,0,12,5,23,28,5,32,51,18,5,5,4,55,81.0,429.0,1247.0,885.465,6987.83700150402,3463.215,7.0,1.0,1.0,1.0,10.0,11.0
Man Utd,game_state,1983579,against,+1,0,0,0,0,0,0,0,0,0,0,0,0,0,0,0,0,0,0,0,0,0,0,0,0,0,0,0,0,0,0,0,0,0,0,0,0,0,0,0,0,0,0,0,0,0,0,0,0,0,0,0,0,0,0,0,0,0,0,0,0,0,0,0.0,0.0,0.0,0.0,0.0,0.0,0.0,0.0,0.0,0.0,0.0,0.0
Man Utd,game_state,1983579,against,+2 or better,0,0,0,0,0,0,0,0,0,0,0,0,0,0,0,0,0,0,0,0,0,0,0,0,0,0,0,0,0,0,0,0,0,0,0,0,0,0,0,0,0,0,0,0,0,0,0,0,0,0,0,0,0,0,0,0,0,0,0,0,0,0,0.0,0.0,0.0,0.0,0.0,0.0,0.0,0.0,0.0,0.0,0.0,0.0
Man Utd,game_state,1983579,for,-2 or worse,0,0,0,0,0,0,0,0,0,0,0,0,0,0,0,0,0,0,0,0,0,0,0,0,0,0,0,0,0,0,0,0,0,0,0,0,0,0,0,0,0,0,0,0,0,0,0,0,0,0,0,0,0,0,0,0,0,0,0,0,0,0,0.0,0.0,0.0,0.0,0.0,0.0,0.0,0.0,0.0,0.0,0.0,0.0
Man Utd,game_state,1983579,for,-1,204,10,156,136,149,68,37,51,83,53,8,1,13,2,10,7,0,70,55,56,16,28,100,8,6,3,9,4,2,3,3,6,1,3,1,0,1,1,0,0,0,3,2,9,5,13,8,22,13,0,2,1,2,12,0,7,14,5,3,1,4,24,48.0,174.0,445.0,622.545,2858.5160283420396,2871.75,2.0,1.0,2.0,0.0,4.0,9.0
Man Utd,game_state,1983579,for,Level,579,33,450,409,438,190,132,128,228,181,16,4,18,5,35,19,0,163,145,139,42,63,311,5,14,9,20,2,8,10,14,6,1,1,0,0,0,0,1,1,0,12,5,12,7,37,16,49,23,0,6,8,11,31,3,25,42,17,4,4,5,62,103.0,485.0,1282.0,1018.08,7999.147294220482,5129.3550000000005,2.0,2.0,2.0,0.0,17.0,21.0
Man Utd,game_state,1983579,for,+1,0,0,0,0,0,0,0,0,0,0,0,0,0,0,0,0,0,0,0,0,0,0,0,0,0,0,0,0,0,0,0,0,0,0,0,0,0,0,0,0,0,0,0,0,0,0,0,0,0,0,0,0,0,0,0,0,0,0,0,0,0,0,0.0,0.0,0.0,0.0,0.0,0.0,0.0,0.0,0.0,0.0,0.0,0.0
Man Utd,game_state,1983579,for,+2 or better,0,0,0,0,0,0,0,0,0,0,0,0,0,0,0,0,0,0,0,0,0,0,0,0,0,0,0,0,0,0,0,0,0,0,0,0,0,0,0,0,0,0,0,0,0,0,0,0,0,0,0,0,0,0,0,0,0,0,0,0,0,0,0.0,0.0,0.0,0.0,0.0,0.0,0.0,0.0,0.0,0.0,0.0,0.0
Man Utd,total,1983579,against,Season,628,20,457,400,439,189,122,146,153,247,7,3,10,3,39,9,3,98,76,73,22,41,384,3,11,9,12,6,5,1,11,1,5,1,1,1,0,0,0,0,0,13,7,21,9,49,25,70,34,0,13,6,41,38,7,42,79,23,7,9,5,76,109.0,481.0,1384.0,1063.02,7607.4779897560675,4337.865,7.0,2.0,2.0,1.0,17.0,12.0
Man Utd,total,1983579,for,Season,783,43,606,545,587,258,169,179,311,234,24,5,31,7,45,26,0,233,200,195,58,91,411,13,20,12,29,6,10,13,17,12,2,4,1,0,1,1,1,1,0,15,7,21,12,50,24,71,36,0,8,9,13,43,3,32,56,22,7,5,9,86,151.0,659.0,1727.0,1640.625,10857.663322562521,8001.1050000000005,4.0,3.0,4.0,0.0,21.0,30.0
Fulham,time_block,1983579,against,0-15,116,5,92,79,89,33,29,30,38,41,3,2,3,2,9,2,0,24,21,21,5,7,71,2,2,2,4,1,1,2,3,1,0,1,0,0,0,0,0,0,0,0,0,6,4,3,1,9,5,0,1,4,2,6,0,6,8,4,0,1,0,16,22.0,113.0,309.0,70.98,1858.627934662829,1112.685,0.0,0.0,0.0,0.0,4.0,4.0
Fulham,time_block,1983579,against,16-30,147,12,121,111,117,50,34,37,62,49,3,1,4,1,13,9,0,42,36,32,13,18,89,1,5,2,7,0,3,4,4,3,0,0,0,0,0,0,0,0,0,4,2,1,1,7,4,8,5,0,0,2,0,7,0,2,7,2,0,0,2,13,24.0,116.0,332.0,364.56,1966.724975469132,1132.845,0.0,0.0,1.0,0.0,3.0,7.0
Fulham,time_block,1983579,against,31-45,149,7,121,115,119,52,36,33,69,46,3,0,3,0,6,4,0,54,50,47,13,20,74,0,5,3,6,1,3,2,4,2,1,0,0,0,0,0,0,0,0,2,2,0,0,6,3,6,3,0,0,1,3,9,2,4,12,4,0,1,1,11,22.0,126.0,333.0,379.89,2015.2887914322287,1144.71,2.0,1.0,1.0,0.0,2.0,6.0
Fulham,time_block,1983579,against,46-60,117,2,89,80,87,42,29,18,40,40,2,0,2,0,7,4,0,28,25,26,9,14,63,0,0,0,0,0,0,0,0,0,0,0,0,0,0,0,0,0,0,4,0,1,0,17,6,18,6,0,4,1,2,5,1,11,7,7,3,2,2,16,21.0,95.0,232.0,52.289999999999985,1619.583770510564,973.98,0.0,0.0,0.0,0.0,4.0,0.0
Fulham,time_block,1983579,against,61-75,115,8,82,73,78,36,21,25,38,35,6,1,8,2,5,5,0,35,28,28,8,14,54,5,4,3,6,3,1,2,3,3,1,2,0,0,0,0,1,1,0,3,2,5,3,7,4,12,7,0,1,0,3,8,0,3,11,2,2,0,1,12,27.0,93.0,237.0,307.125,1601.8068646229804,1566.075,2.0,1.0,2.0,0.0,4.0,7.0
Fulham,time_block,1983579,against,76+,139,9,101,87,97,45,20,36,64,23,7,1,11,2,5,2,0,50,40,41,10,18,60,5,4,2,6,1,2,3,3,3,0,1,1,0,1,1,0,0,0,2,1,8,4,10,6,18,10,0,2,1,3,8,0,6,11,3,2,1,3,18,35.0,116.0,284.0,465.78000000000003,1795.6309858647871,2070.81,0.0,1.0,0.0,0.0,4.0,6.0
Fulham,time_block,1983579,for,0-15,130,1,108,98,104,33,30,45,38,60,2,0,3,0,7,3,0,8,6,5,4,5,103,1,1,1,1,0,1,0,1,0,0,0,0,0,0,0,0,0,0,1,0,6,2,3,2,9,4,0,1,0,4,6,1,2,10,1,0,0,1,13,20.0,115.0,291.0,76.02,1823.051430372909,926.73,1.0,0.0,0.0,0.0,1.0,1.0
Fulham,time_block,1983579,for,16-30,96,7,68,63,66,31,18,19,17,46,2,2,2,2,4,1,1,12,11,7,5,11,61,0,6,5,6,2,4,0,5,1,1,1,0,0,0,0,0,0,0,0,0,1,0,7,3,8,3,0,3,2,7,8,1,10,15,6,2,2,0,6,14.0,73.0,237.0,458.95500000000004,1405.9765556115872,424.2,2.0,1.0,0.0,0.0,2.0,7.0
Fulham,time_block,1983579,for,31-45,107,3,82,73,79,33,24,25,30,43,1,0,1,0,6,1,1,20,16,16,2,4,66,1,2,2,2,2,0,0,2,0,2,0,0,0,0,0,0,0,0,0,0,0,0,6,3,6,3,0,2,1,4,4,0,6,8,2,2,1,1,11,18.0,84.0,253.0,141.75,1244.3827434397665,600.915,1.0,0.0,0.0,0.0,4.0,1.0
Fulham,time_block,1983579,for,46-60,152,5,123,114,120,52,35,36,59,55,2,1,2,1,6,1,0,41,38,37,8,17,86,0,1,1,1,0,0,1,1,0,0,0,0,0,0,0,0,0,0,7,3,1,1,16,10,17,11,0,5,1,2,7,3,11,9,7,0,2,2,16,18.0,127.0,374.0,187.53,1988.7962747119275,868.665,2.0,0.0,0.0,0.0,2.0,1.0
Fulham,time_block,1983579,for,61-75,70,4,42,33,40,19,9,14,4,29,0,0,1,0,8,2,1,8,3,4,2,3,38,1,1,0,2,2,0,0,2,0,2,0,1,1,0,0,0,0,0,2,2,5,2,7,3,12,5,0,1,1,8,6,0,5,14,2,2,1,0,10,17.0,44.0,145.0,169.26,714.0737908730276,676.935,1.0,1.0,1.0,1.0,3.0,2.0
Fulham,time_block,1983579,for,76+,73,0,34,19,30,21,6,7,5,14,0,0,1,0,8,1,0,9,2,4,1,1,30,0,0,0,0,0,0,0,0,0,0,0,0,0,0,0,0,0,0,3,2,8,4,10,4,18,8,0,1,1,16,7,2,8,23,5,1,3,1,20,22.0,38.0,84.0,29.50500000000001,431.1971947468496,840.42,0.0,0.0,1.0,0.0,5.0,0.0
Fulham,game_state,1983579,against,-2 or worse,0,0,0,0,0,0,0,0,0,0,0,0,0,0,0,0,0,0,0,0,0,0,0,0,0,0,0,0,0,0,0,0,0,0,0,0,0,0,0,0,0,0,0,0,0,0,0,0,0,0,0,0,0,0,0,0,0,0,0,0,0,0,0.0,0.0,0.0,0.0,0.0,0.0,0.0,0.0,0.0,0.0,0.0,0.0
Fulham,game_state,1983579,against,-1,0,0,0,0,0,0,0,0,0,0,0,0,0,0,0,0,0,0,0,0,0,0,0,0,0,0,0,0,0,0,0,0,0,0,0,0,0,0,0,0,0,0,0,0,0,0,0,0,0,0,0,0,0,0,0,0,0,0,0,0,0,0,0.0,0.0,0.0,0.0,0.0,0.0,0.0,0.0,0.0,0.0,0.0,0.0
Fulham,game_state,1983579,against,Level,579,33,450,409,438,190,132,128,228,181,16,4,18,5,35,19,0,163,145,139,42,63,311,5,14,9,20,2,8,10,14,6,1,1,0,0,0,0,1,1,0,12,5,12,7,37,16,49,23,0,6,8,11,31,3,25,42,17,4,4,5,62,103.0,485.0,1282.0,1018.08,7999.147294220482,5129.3550000000005,2.0,2.0,2.0,0.0,17.0,21.0
Fulham,game_state,1983579,against,+1,204,10,156,136,149,68,37,51,83,53,8,1,13,2,10,7,0,70,55,56,16,28,100,8,6,3,9,4,2,3,3,6,1,3,1,0,1,1,0,0,0,3,2,9,5,13,8,22,13,0,2,1,2,12,0,7,14,5,3,1,4,24,48.0,174.0,445.0,622.545,2858.5160283420396,2871.75,2.0,1.0,2.0,0.0,4.0,9.0
Fulham,game_state,1983579,against,+2 or better,0,0,0,0,0,0,0,0,0,0,0,0,0,0,0,0,0,0,0,0,0,0,0,0,0,0,0,0,0,0,0,0,0,0,0,0,0,0,0,0,0,0,0,0,0,0,0,0,0,0,0,0,0,0,0,0,0,0,0,0,0,0,0.0,0.0,0.0,0.0,0.0,0.0,0.0,0.0,0.0,0.0,0.0,0.0
Fulham,game_state,1983579,for,-2 or worse,0,0,0,0,0,0,0,0,0,0,0,0,0,0,0,0,0,0,0,0,0,0,0,0,0,0,0,0,0,0,0,0,0,0,0,0,0,0,0,0,0,0,0,0,0,0,0,0,0,0,0,0,0,0,0,0,0,0,0,0,0,0,0.0,0.0,0.0,0.0,0.0,0.0,0.0,0.0,0.0,0.0,0.0,0.0
Fulham,game_state,1983579,for,-1,0,0,0,0,0,0,0,0,0,0,0,0,0,0,0,0,0,0,0,0,0,0,0,0,0,0,0,0,0,0,0,0,0,0,0,0,0,0,0,0,0,0,0,0,0,0,0,0,0,0,0,0,0,0,0,0,0,0,0,0,0,0,0.0,0.0,0.0,0.0,0.0,0.0,0.0,0.0,0.0,0.0,0.0,0.0
Fulham,game_state,1983579,for,Level,531,19,408,368,395,162,114,132,149,219,7,3,9,3,29,8,2,89,74,70,21,40,338,3,10,9,11,5,5,1,10,1,4,1,1,1,0,0,0,0,0,10,4,12,5,36,20,48,25,0,12,5,23,28,5,32,51,18,5,5,4,55,81.0,429.0,1247.0,885.465,6987.83700150402,3463.215,7.0,1.0,1.0,1.0,10.0,11.0
Fulham,game_state,1983579,for,+1,97,1,49,32,44,27,8,14,4,28,0,0,1,0,10,1,1,9,2,3,1,1,46,0,1,0,1,1,0,0,1,0,1,0,0,0,0,0,0,0,0,3,3,9,4,13,5,22,9,0,1,1,18,10,2,10,28,5,2,4,1,21,28.0,52.0,137.0,177.555,619.6409882520479,874.65,0.0,1.0,1.0,0.0,7.0,1.0
Fulham,game_state,1983579,for,+2 or better,0,0,0,0,0,0,0,0,0,0,0,0,0,0,0,0,0,0,0,0,0,0,0,0,0,0,0,0,0,0,0,0,0,0,0,0,0,0,0,0,0,0,0,0,0,0,0,0,0,0,0,0,0,0,0,0,0,0,0,0,0,0,0.0,0.0,0.0,0.0,0.0,0.0,0.0,0.0,0.0,0.0,0.0,0.0
Fulham,total,1983579,against,Season,783,43,606,545,587,258,169,179,311,234,24,5,31,7,45,26,0,233,200,195,58,91,411,13,20,12,29,6,10,13,17,12,2,4,1,0,1,1,1,1,0,15,7,21,12,50,24,71,36,0,8,9,13,43,3,32,56,22,7,5,9,86,151.0,659.0,1727.0,1640.625,10857.663322562521,8001.1050000000005,4.0,3.0,4.0,0.0,21.0,30.0
Fulham,total,1983579,for,Season,628,20,457,400,439,189,122,146,153,247,7,3,10,3,39,9,3,98,76,73,22,41,384,3,11,9,12,6,5,1,11,1,5,1,1,1,0,0,0,0,0,13,7,21,9,49,25,70,34,0,13,6,41,38,7,42,79,23,7,9,5,76,109.0,481.0,1384.0,1063.02,7607.4779897560675,4337.865,7.0,2.0,2.0,1.0,17.0,12.0
Liverpool,time_block,1983580,against,0-15,111,1,74,63,70,33,18,23,11,52,2,0,3,0,7,2,0,10,7,5,4,5,69,0,2,1,2,0,1,1,0,2,0,0,0,0,0,0,0,0,0,1,0,6,1,12,5,18,6,0,1,0,7,4,2,8,11,3,5,0,4,18,26.0,83.0,217.0,111.50999999999999,1353.4208193841237,1054.935,0.0,0.0,1.0,1.0,6.0,2.0
Liverpool,time_block,1983580,against,16-30,86,4,51,43,45,24,8,19,14,29,3,2,4,2,3,2,0,8,8,6,2,5,45,1,4,3,4,1,1,2,3,1,0,1,0,0,0,0,0,0,0,0,0,2,2,11,6,13,8,0,2,1,7,3,0,7,10,2,4,0,4,10,20.0,59.0,135.0,264.38999999999993,779.3382561074817,774.7950000000001,0.0,1.0,0.0,0.0,4.0,4.0
Liverpool,time_block,1983580,against,31-45,102,3,70,52,66,34,16,20,21,31,0,0,2,1,11,4,0,18,9,11,2,4,59,2,2,1,2,1,1,0,1,1,1,0,0,0,0,0,0,0,0,3,0,7,3,12,5,19,8,0,3,2,8,5,0,7,13,6,0,2,2,23,26.0,76.0,181.0,319.2,1105.8513596545642,1122.975,2.0,1.0,0.0,0.0,3.0,2.0
Liverpool,time_block,1983580,against,46-60,68,0,32,26,30,16,5,11,5,21,0,0,0,0,5,3,0,6,2,2,1,1,30,0,2,0,2,1,1,0,0,2,0,1,0,0,0,0,0,0,0,6,0,3,0,19,10,22,10,0,8,2,2,8,0,13,10,8,1,2,2,16,23.0,36.0,157.0,249.06,594.037204424232,1038.24,0.0,1.0,0.0,0.0,7.0,2.0
Liverpool,time_block,1983580,against,61-75,65,2,46,38,44,22,5,19,7,31,0,0,0,0,7,4,0,10,6,4,4,6,42,0,0,0,1,1,0,0,0,1,0,1,0,0,0,0,0,0,0,4,1,1,0,11,3,12,3,0,1,2,2,8,0,6,10,5,2,1,1,14,18.0,49.0,115.0,266.175,685.5185681830301,777.105,0.0,1.0,0.0,0.0,4.0,1.0
Liverpool,time_block,1983580,against,76+,182,6,155,135,153,58,30,67,67,68,5,1,6,1,8,3,0,48,34,38,13,15,117,1,3,0,3,1,1,1,0,3,0,1,0,0,0,0,0,0,0,1,1,3,1,7,4,10,5,0,3,2,2,10,2,9,12,8,1,1,0,21,29.0,166.0,448.0,543.9,2323.000101062994,1551.795,1.0,1.0,1.0,1.0,0.0,3.0
Liverpool,time_block,1983580,for,0-15,108,4,74,64,72,31,18,25,44,20,3,1,4,1,10,5,2,33,25,26,6,11,48,1,2,2,2,2,0,0,2,0,2,0,2,2,0,2,0,0,0,7,5,6,5,12,6,18,11,0,1,0,3,8,1,6,11,5,0,4,0,19,27.0,82.0,217.0,354.585,1460.002615854825,1477.245,1.0,0.0,2.0,1.0,3.0,2.0
Liverpool,time_block,1983580,for,16-30,138,4,105,99,103,45,29,31,73,26,1,0,2,0,5,2,0,42,36,34,14,17,71,1,3,1,3,2,1,0,0,3,0,2,0,0,0,0,0,0,0,5,4,2,0,11,5,13,5,0,1,2,4,4,1,8,8,8,0,4,0,13,19.0,111.0,320.0,236.88,1770.0626092568225,1205.61,0.0,0.0,3.0,2.0,0.0,3.0
Liverpool,time_block,1983580,for,31-45,127,4,98,83,95,53,19,26,42,41,3,1,3,1,10,3,1,35,27,25,11,18,73,0,2,1,2,2,0,0,0,2,0,2,0,0,0,0,0,0,0,1,0,7,4,10,5,17,9,0,3,1,9,8,0,6,17,5,0,2,2,19,24.0,103.0,297.0,407.925,1549.676297904823,994.35,1.0,1.0,0.0,0.0,3.0,3.0
Liverpool,time_block,1983580,for,46-60,146,4,107,99,102,38,35,34,46,53,1,0,2,1,12,7,0,18,13,13,5,12,94,1,2,1,2,1,0,1,2,0,1,0,0,0,0,0,0,0,0,4,1,3,3,19,8,22,11,0,5,1,2,7,2,10,9,8,0,2,2,23,27.0,112.0,302.0,165.16500000000002,1877.479747938498,1107.12,1.0,0.0,1.0,0.0,4.0,1.0
Liverpool,time_block,1983580,for,61-75,104,1,80,71,76,33,20,27,16,55,0,0,0,0,8,4,0,7,2,2,1,5,78,0,0,0,0,0,0,0,0,0,0,0,0,0,0,0,0,0,0,2,2,1,1,10,7,11,8,0,4,1,2,6,2,9,8,4,1,1,1,13,18.0,91.0,284.0,332.85,1567.645757322215,600.075,0.0,0.0,0.0,0.0,2.0,1.0
Liverpool,time_block,1983580,for,76+,109,3,67,55,61,27,20,20,17,38,0,0,0,0,9,4,0,7,5,4,3,3,63,0,1,1,1,0,0,1,1,0,0,0,0,0,0,0,0,0,0,4,1,3,2,8,3,11,5,0,1,0,7,4,6,8,11,4,1,0,1,21,23.0,63.0,158.0,248.64000000000004,1021.6686603252948,684.81,0.0,0.0,0.0,0.0,4.0,0.0
Liverpool,game_state,1983580,against,-2 or worse,0,0,0,0,0,0,0,0,0,0,0,0,0,0,0,0,0,0,0,0,0,0,0,0,0,0,0,0,0,0,0,0,0,0,0,0,0,0,0,0,0,0,0,0,0,0,0,0,0,0,0,0,0,0,0,0,0,0,0,0,0,0,0.0,0.0,0.0,0.0,0.0,0.0,0.0,0.0,0.0,0.0,0.0,0.0
Liverpool,game_state,1983580,against,-1,0,0,0,0,0,0,0,0,0,0,0,0,0,0,0,0,0,0,0,0,0,0,0,0,0,0,0,0,0,0,0,0,0,0,0,0,0,0,0,0,0,0,0,0,0,0,0,0,0,0,0,0,0,0,0,0,0,0,0,0,0,0,0.0,0.0,0.0,0.0,0.0,0.0,0.0,0.0,0.0,0.0,0.0,0.0
Liverpool,game_state,1983580,against,Level,38,0,19,14,19,8,4,7,3,11,0,0,1,0,4,1,0,4,3,3,1,2,16,0,0,0,0,0,0,0,0,0,0,0,0,0,0,0,0,0,0,1,0,2,1,7,2,9,3,0,1,0,7,2,0,5,9,1,4,0,1,10,13.0,22.0,64.0,-24.044999999999995,319.5193248022772,484.46999999999997,0.0,0.0,0.0,0.0,6.0,0.0
Liverpool,game_state,1983580,against,+1,8,0,6,4,5,2,1,3,0,4,0,0,0,0,1,0,0,1,0,0,0,0,6,0,0,0,0,0,0,0,0,0,0,0,0,0,0,0,0,0,0,0,0,1,0,1,1,2,1,0,0,0,0,0,1,1,0,0,0,0,1,2,2.0,6.0,11.0,2.4149999999999956,79.56803458423838,71.08500000000001,0.0,0.0,0.0,0.0,0.0,0.0
Liverpool,game_state,1983580,against,+2 or better,568,16,403,339,384,177,77,149,122,217,10,3,14,4,36,17,0,95,63,63,25,34,340,4,13,5,14,5,5,4,4,10,1,4,0,0,0,0,0,0,0,14,2,19,6,64,30,83,36,0,17,9,21,36,3,44,57,31,9,6,11,90,127.0,441.0,1178.0,1775.865,6442.07894942991,5764.29,3.0,5.0,2.0,2.0,18.0,14.0
Liverpool,game_state,1983580,for,-2 or worse,0,0,0,0,0,0,0,0,0,0,0,0,0,0,0,0,0,0,0,0,0,0,0,0,0,0,0,0,0,0,0,0,0,0,0,0,0,0,0,0,0,0,0,0,0,0,0,0,0,0,0,0,0,0,0,0,0,0,0,0,0,0,0.0,0.0,0.0,0.0,0.0,0.0,0.0,0.0,0.0,0.0,0.0,0.0
Liverpool,game_state,1983580,for,-1,0,0,0,0,0,0,0,0,0,0,0,0,0,0,0,0,0,0,0,0,0,0,0,0,0,0,0,0,0,0,0,0,0,0,0,0,0,0,0,0,0,0,0,0,0,0,0,0,0,0,0,0,0,0,0,0,0,0,0,0,0,0,0.0,0.0,0.0,0.0,0.0,0.0,0.0,0.0,0.0,0.0,0.0,0.0
Liverpool,game_state,1983580,for,Level,58,3,40,35,40,17,11,12,30,5,3,1,4,1,5,2,1,22,17,19,3,9,21,1,1,1,1,1,0,0,1,0,1,0,1,1,0,1,0,0,0,6,4,2,1,7,4,9,5,0,0,0,1,3,0,1,4,0,0,1,0,10,14.0,45.0,124.0,75.17999999999998,762.4002406246664,1001.8050000000001,0.0,0.0,1.0,1.0,1.0,1.0
Liverpool,game_state,1983580,for,+1,25,1,22,20,22,7,6,9,11,9,0,0,0,0,1,1,1,7,5,6,1,1,16,0,1,1,1,1,0,0,1,0,1,0,1,1,0,1,0,0,0,0,0,1,1,1,0,2,1,0,0,0,1,2,1,2,3,2,0,1,0,2,3.0,22.0,49.0,51.45,366.24552796103166,176.82,1.0,0.0,1.0,0.0,0.0,1.0
Liverpool,game_state,1983580,for,+2 or better,649,16,469,416,447,203,124,142,197,219,5,1,7,2,48,22,1,113,86,79,36,56,390,2,8,4,8,5,1,2,3,5,1,4,0,0,0,0,0,0,0,17,9,19,13,62,30,81,43,0,15,5,25,32,11,44,57,32,2,11,6,96,121.0,495.0,1405.0,1619.415,8117.889920016781,4890.585,2.0,1.0,4.0,2.0,15.0,8.0
Liverpool,total,1983580,against,Season,614,16,428,357,408,187,82,159,125,232,10,3,15,4,41,18,0,100,66,66,26,36,362,4,13,5,14,5,5,4,4,10,1,4,0,0,0,0,0,0,0,15,2,22,7,72,33,94,40,0,18,9,28,38,4,50,66,32,13,6,13,102,142.0,469.0,1253.0,1754.235,6841.166308816425,6319.845,3.0,5.0,2.0,2.0,24.0,14.0
Liverpool,total,1983580,for,Season,732,20,531,471,509,227,141,163,238,233,8,2,11,3,54,25,3,142,108,104,40,66,427,3,10,6,10,7,1,2,5,5,3,4,2,2,0,2,0,0,0,23,13,22,15,70,34,92,49,0,15,5,27,37,12,47,64,34,2,13,6,108,138.0,562.0,1578.0,1746.045,9246.535688602478,6069.21,3.0,1.0,6.0,3.0,16.0,10.0
Ipswich,time_block,1983580,against,0-15,108,4,74,64,72,31,18,25,44,20,3,1,4,1,10,5,2,33,25,26,6,11,48,1,2,2,2,2,0,0,2,0,2,0,2,2,0,2,0,0,0,7,5,6,5,12,6,18,11,0,1,0,3,8,1,6,11,5,0,4,0,19,27.0,82.0,217.0,354.585,1460.002615854825,1477.245,1.0,0.0,2.0,1.0,3.0,2.0
Ipswich,time_block,1983580,against,16-30,138,4,105,99,103,45,29,31,73,26,1,0,2,0,5,2,0,42,36,34,14,17,71,1,3,1,3,2,1,0,0,3,0,2,0,0,0,0,0,0,0,5,4,2,0,11,5,13,5,0,1,2,4,4,1,8,8,8,0,4,0,13,19.0,111.0,320.0,236.88,1770.0626092568225,1205.61,0.0,0.0,3.0,2.0,0.0,3.0
Ipswich,time_block,1983580,against,31-45,127,4,98,83,95,53,19,26,42,41,3,1,3,1,10,3,1,35,27,25,11,18,73,0,2,1,2,2,0,0,0,2,0,2,0,0,0,0,0,0,0,1,0,7,4,10,5,17,9,0,3,1,9,8,0,6,17,5,0,2,2,19,24.0,103.0,297.0,407.925,1549.676297904823,994.35,1.0,1.0,0.0,0.0,3.0,3.0
Ipswich,time_block,1983580,against,46-60,146,4,107,99,102,38,35,34,46,53,1,0,2,1,12,7,0,18,13,13,5,12,94,1,2,1,2,1,0,1,2,0,1,0,0,0,0,0,0,0,0,4,1,3,3,19,8,22,11,0,5,1,2,7,2,10,9,8,0,2,2,23,27.0,112.0,302.0,165.16500000000002,1877.479747938498,1107.12,1.0,0.0,1.0,0.0,4.0,1.0
Ipswich,time_block,1983580,against,61-75,104,1,80,71,76,33,20,27,16,55,0,0,0,0,8,4,0,7,2,2,1,5,78,0,0,0,0,0,0,0,0,0,0,0,0,0,0,0,0,0,0,2,2,1,1,10,7,11,8,0,4,1,2,6,2,9,8,4,1,1,1,13,18.0,91.0,284.0,332.85,1567.645757322215,600.075,0.0,0.0,0.0,0.0,2.0,1.0
Ipswich,time_block,1983580,against,76+,109,3,67,55,61,27,20,20,17,38,0,0,0,0,9,4,0,7,5,4,3,3,63,0,1,1,1,0,0,1,1,0,0,0,0,0,0,0,0,0,0,4,1,3,2,8,3,11,5,0,1,0,7,4,6,8,11,4,1,0,1,21,23.0,63.0,158.0,248.64000000000004,1021.6686603252948,684.81,0.0,0.0,0.0,0.0,4.0,0.0
Ipswich,time_block,1983580,for,0-15,111,1,74,63,70,33,18,23,11,52,2,0,3,0,7,2,0,10,7,5,4,5,69,0,2,1,2,0,1,1,0,2,0,0,0,0,0,0,0,0,0,1,0,6,1,12,5,18,6,0,1,0,7,4,2,8,11,3,5,0,4,18,26.0,83.0,217.0,111.50999999999999,1353.4208193841237,1054.935,0.0,0.0,1.0,1.0,6.0,2.0
Ipswich,time_block,1983580,for,16-30,86,4,51,43,45,24,8,19,14,29,3,2,4,2,3,2,0,8,8,6,2,5,45,1,4,3,4,1,1,2,3,1,0,1,0,0,0,0,0,0,0,0,0,2,2,11,6,13,8,0,2,1,7,3,0,7,10,2,4,0,4,10,20.0,59.0,135.0,264.38999999999993,779.3382561074817,774.7950000000001,0.0,1.0,0.0,0.0,4.0,4.0
Ipswich,time_block,1983580,for,31-45,102,3,70,52,66,34,16,20,21,31,0,0,2,1,11,4,0,18,9,11,2,4,59,2,2,1,2,1,1,0,1,1,1,0,0,0,0,0,0,0,0,3,0,7,3,12,5,19,8,0,3,2,8,5,0,7,13,6,0,2,2,23,26.0,76.0,181.0,319.2,1105.8513596545642,1122.975,2.0,1.0,0.0,0.0,3.0,2.0
Ipswich,time_block,1983580,for,46-60,68,0,32,26,30,16,5,11,5,21,0,0,0,0,5,3,0,6,2,2,1,1,30,0,2,0,2,1,1,0,0,2,0,1,0,0,0,0,0,0,0,6,0,3,0,19,10,22,10,0,8,2,2,8,0,13,10,8,1,2,2,16,23.0,36.0,157.0,249.06,594.037204424232,1038.24,0.0,1.0,0.0,0.0,7.0,2.0
Ipswich,time_block,1983580,for,61-75,65,2,46,38,44,22,5,19,7,31,0,0,0,0,7,4,0,10,6,4,4,6,42,0,0,0,1,1,0,0,0,1,0,1,0,0,0,0,0,0,0,4,1,1,0,11,3,12,3,0,1,2,2,8,0,6,10,5,2,1,1,14,18.0,49.0,115.0,266.175,685.5185681830301,777.105,0.0,1.0,0.0,0.0,4.0,1.0
Ipswich,time_block,1983580,for,76+,182,6,155,135,153,58,30,67,67,68,5,1,6,1,8,3,0,48,34,38,13,15,117,1,3,0,3,1,1,1,0,3,0,1,0,0,0,0,0,0,0,1,1,3,1,7,4,10,5,0,3,2,2,10,2,9,12,8,1,1,0,21,29.0,166.0,448.0,543.9,2323.000101062994,1551.795,1.0,1.0,1.0,1.0,0.0,3.0
Ipswich,game_state,1983580,against,-2 or worse,649,16,469,416,447,203,124,142,197,219,5,1,7,2,48,22,1,113,86,79,36,56,390,2,8,4,8,5,1,2,3,5,1,4,0,0,0,0,0,0,0,17,9,19,13,62,30,81,43,0,15,5,25,32,11,44,57,32,2,11,6,96,121.0,495.0,1405.0,1619.415,8117.889920016781,4890.585,2.0,1.0,4.0,2.0,15.0,8.0
Ipswich,game_state,1983580,against,-1,25,1,22,20,22,7,6,9,11,9,0,0,0,0,1,1,1,7,5,6,1,1,16,0,1,1,1,1,0,0,1,0,1,0,1,1,0,1,0,0,0,0,0,1,1,1,0,2,1,0,0,0,1,2,1,2,3,2,0,1,0,2,3.0,22.0,49.0,51.45,366.24552796103166,176.82,1.0,0.0,1.0,0.0,0.0,1.0
Ipswich,game_state,1983580,against,Level,58,3,40,35,40,17,11,12,30,5,3,1,4,1,5,2,1,22,17,19,3,9,21,1,1,1,1,1,0,0,1,0,1,0,1,1,0,1,0,0,0,6,4,2,1,7,4,9,5,0,0,0,1,3,0,1,4,0,0,1,0,10,14.0,45.0,124.0,75.17999999999998,762.4002406246664,1001.8050000000001,0.0,0.0,1.0,1.0,1.0,1.0
Ipswich,game_state,1983580,against,+1,0,0,0,0,0,0,0,0,0,0,0,0,0,0,0,0,0,0,0,0,0,0,0,0,0,0,0,0,0,0,0,0,0,0,0,0,0,0,0,0,0,0,0,0,0,0,0,0,0,0,0,0,0,0,0,0,0,0,0,0,0,0,0.0,0.0,0.0,0.0,0.0,0.0,0.0,0.0,0.0,0.0,0.0,0.0
Ipswich,game_state,1983580,against,+2 or better,0,0,0,0,0,0,0,0,0,0,0,0,0,0,0,0,0,0,0,0,0,0,0,0,0,0,0,0,0,0,0,0,0,0,0,0,0,0,0,0,0,0,0,0,0,0,0,0,0,0,0,0,0,0,0,0,0,0,0,0,0,0,0.0,0.0,0.0,0.0,0.0,0.0,0.0,0.0,0.0,0.0,0.0,0.0
Ipswich,game_state,1983580,for,-2 or worse,568,16,403,339,384,177,77,149,122,217,10,3,14,4,36,17,0,95,63,63,25,34,340,4,13,5,14,5,5,4,4,10,1,4,0,0,0,0,0,0,0,14,2,19,6,64,30,83,36,0,17,9,21,36,3,44,57,31,9,6,11,90,127.0,441.0,1178.0,1775.865,6442.07894942991,5764.29,3.0,5.0,2.0,2.0,18.0,14.0
Ipswich,game_state,1983580,for,-1,8,0,6,4,5,2,1,3,0,4,0,0,0,0,1,0,0,1,0,0,0,0,6,0,0,0,0,0,0,0,0,0,0,0,0,0,0,0,0,0,0,0,0,1,0,1,1,2,1,0,0,0,0,0,1,1,0,0,0,0,1,2,2.0,6.0,11.0,2.4149999999999956,79.56803458423838,71.08500000000001,0.0,0.0,0.0,0.0,0.0,0.0
Ipswich,game_state,1983580,for,Level,38,0,19,14,19,8,4,7,3,11,0,0,1,0,4,1,0,4,3,3,1,2,16,0,0,0,0,0,0,0,0,0,0,0,0,0,0,0,0,0,0,1,0,2,1,7,2,9,3,0,1,0,7,2,0,5,9,1,4,0,1,10,13.0,22.0,64.0,-24.044999999999995,319.5193248022772,484.46999999999997,0.0,0.0,0.0,0.0,6.0,0.0
Ipswich,game_state,1983580,for,+1,0,0,0,0,0,0,0,0,0,0,0,0,0,0,0,0,0,0,0,0,0,0,0,0,0,0,0,0,0,0,0,0,0,0,0,0,0,0,0,0,0,0,0,0,0,0,0,0,0,0,0,0,0,0,0,0,0,0,0,0,0,0,0.0,0.0,0.0,0.0,0.0,0.0,0.0,0.0,0.0,0.0,0.0,0.0
Ipswich,game_state,1983580,for,+2 or better,0,0,0,0,0,0,0,0,0,0,0,0,0,0,0,0,0,0,0,0,0,0,0,0,0,0,0,0,0,0,0,0,0,0,0,0,0,0,0,0,0,0,0,0,0,0,0,0,0,0,0,0,0,0,0,0,0,0,0,0,0,0,0.0,0.0,0.0,0.0,0.0,0.0,0.0,0.0,0.0,0.0,0.0,0.0
Ipswich,total,1983580,against,Season,732,20,531,471,509,227,141,163,238,233,8,2,11,3,54,25,3,142,108,104,40,66,427,3,10,6,10,7,1,2,5,5,3,4,2,2,0,2,0,0,0,23,13,22,15,70,34,92,49,0,15,5,27,37,12,47,64,34,2,13,6,108,138.0,562.0,1578.0,1746.045,9246.535688602478,6069.21,3.0,1.0,6.0,3.0,16.0,10.0
Ipswich,total,1983580,for,Season,614,16,428,357,408,187,82,159,125,232,10,3,15,4,41,18,0,100,66,66,26,36,362,4,13,5,14,5,5,4,4,10,1,4,0,0,0,0,0,0,0,15,2,22,7,72,33,94,40,0,18,9,28,38,4,50,66,32,13,6,13,102,142.0,469.0,1253.0,1754.235,6841.166308816425,6319.845,3.0,5.0,2.0,2.0,24.0,14.0
Leeds,time_block,1983581,against,0-15,87,1,66,55,61,33,18,15,29,26,2,0,2,0,8,4,0,18,14,12,5,9,54,0,1,0,1,0,1,0,0,1,0,0,0,0,0,0,0,0,0,2,0,7,4,8,2,15,6,0,1,0,2,2,0,5,4,1,0,4,1,17,20.0,71.0,171.0,378.42,1224.6998602136405,626.745,0.0,1.0,0.0,0.0,4.0,1.0
Leeds,time_block,1983581,against,16-30,118,3,87,73,84,40,24,23,29,44,1,0,2,0,6,2,0,21,14,16,5,12,71,1,1,1,3,2,0,1,1,2,1,1,0,0,0,0,0,0,0,2,0,5,2,10,5,15,7,0,3,3,4,11,2,10,15,8,1,1,2,18,26.0,98.0,247.0,318.15,1411.6492620453546,1267.875,2.0,0.0,1.0,0.0,2.0,4.0
Leeds,time_block,1983581,against,31-45,110,6,66,50,63,36,11,19,27,23,1,1,1,1,9,3,0,25,17,20,6,6,46,0,0,0,1,0,0,1,1,0,0,0,0,0,0,0,0,0,0,1,0,7,1,14,5,21,6,0,3,0,7,5,3,9,12,5,3,0,2,26,30.0,69.0,181.0,155.61,928.666588908891,1268.4,0.0,0.0,0.0,0.0,12.0,0.0
Leeds,time_block,1983581,against,46-60,71,4,43,38,41,23,6,14,18,20,0,0,1,0,3,1,0,16,14,11,4,8,32,1,2,1,4,2,2,0,1,3,0,2,0,0,0,0,0,0,0,3,1,2,0,12,5,14,5,0,2,0,6,5,1,8,11,7,3,2,2,9,17.0,46.0,127.0,281.61,740.2063819505809,921.7950000000001,0.0,1.0,0.0,0.0,1.0,4.0
Leeds,time_block,1983581,against,61-75,108,2,76,61,72,31,18,27,28,33,1,0,1,0,6,5,1,25,19,20,6,8,56,0,1,0,1,0,1,0,0,1,0,0,0,0,0,0,0,0,0,3,2,9,4,11,8,20,12,0,4,2,8,9,0,8,17,6,0,2,2,19,27.0,83.0,198.0,358.15500000000003,1275.0097829251777,1113.735,0.0,0.0,1.0,0.0,6.0,1.0
Leeds,time_block,1983581,against,76+,121,1,86,64,85,41,13,32,27,37,1,0,3,0,15,5,1,35,22,21,3,3,65,1,1,1,2,0,1,1,1,1,0,0,0,0,0,0,0,0,0,2,1,5,3,14,6,19,9,0,4,3,7,13,1,12,20,8,1,3,1,26,32.0,88.0,176.0,280.14,1094.6513311913773,1455.405,0.0,0.0,1.0,1.0,7.0,2.0
Leeds,time_block,1983581,for,0-15,105,3,73,62,71,24,21,28,34,28,1,0,3,1,12,3,0,18,10,9,8,7,64,1,1,1,3,0,1,2,2,1,0,0,0,0,0,0,0,0,0,3,0,7,3,10,6,17,9,0,2,3,1,3,2,8,4,6,0,1,4,16,23.0,82.0,233.0,143.01,1328.2520876732392,1282.05,0.0,0.0,1.0,0.0,3.0,3.0
Leeds,time_block,1983581,for,16-30,112,3,72,61,71,34,16,22,22,39,3,1,4,1,3,1,0,9,8,4,6,7,68,1,2,2,3,0,1,2,3,0,0,0,0,0,0,0,0,0,0,3,1,5,3,9,4,14,7,0,2,2,3,9,3,9,12,6,0,2,1,18,26.0,83.0,246.0,356.475,1475.340733128371,1124.34,0.0,0.0,2.0,0.0,7.0,3.0
Leeds,time_block,1983581,for,31-45,109,3,72,54,71,31,18,23,30,24,4,1,6,1,9,6,0,27,14,15,7,12,57,2,0,0,3,1,1,1,1,2,1,0,0,0,0,0,0,0,0,4,3,7,6,14,9,21,15,0,6,4,4,8,0,12,12,9,0,2,0,22,32.0,80.0,252.0,337.26,1150.9370672647806,1660.89,0.0,2.0,0.0,0.0,6.0,3.0
Leeds,time_block,1983581,for,46-60,98,4,70,60,64,32,17,21,7,53,2,1,2,1,5,2,0,6,2,2,1,7,68,0,2,2,2,1,1,0,2,0,1,0,0,0,0,0,0,0,0,4,3,2,2,12,7,14,9,0,2,0,1,4,2,7,5,3,1,2,2,15,21.0,76.0,225.0,317.73,1438.303866888112,821.94,1.0,0.0,1.0,0.0,5.0,2.0
Leeds,time_block,1983581,for,61-75,68,2,37,22,33,17,4,16,6,16,0,0,0,0,6,2,0,9,3,5,0,2,32,0,0,0,1,0,1,0,0,1,0,0,0,0,0,0,0,0,0,2,0,9,5,11,3,20,8,0,1,4,4,5,3,12,9,6,2,2,2,21,28.0,42.0,58.0,133.14,441.98033759908145,1507.38,0.0,0.0,0.0,0.0,6.0,1.0
Leeds,time_block,1983581,for,76+,137,2,100,81,96,45,27,28,24,57,1,0,2,0,12,6,0,12,5,4,5,8,96,0,0,0,1,0,0,1,1,0,0,0,0,0,0,0,0,0,0,6,1,5,2,16,8,21,10,0,4,4,6,12,0,10,18,6,1,1,3,30,34.0,105.0,281.0,420.525,1861.769698471748,1509.165,0.0,0.0,0.0,0.0,1.0,1.0
Leeds,game_state,1983581,against,-2 or worse,0,0,0,0,0,0,0,0,0,0,0,0,0,0,0,0,0,0,0,0,0,0,0,0,0,0,0,0,0,0,0,0,0,0,0,0,0,0,0,0,0,0,0,0,0,0,0,0,0,0,0,0,0,0,0,0,0,0,0,0,0,0,0.0,0.0,0.0,0.0,0.0,0.0,0.0,0.0,0.0,0.0,0.0,0.0
Leeds,game_state,1983581,against,-1,0,0,0,0,0,0,0,0,0,0,0,0,0,0,0,0,0,0,0,0,0,0,0,0,0,0,0,0,0,0,0,0,0,0,0,0,0,0,0,0,0,0,0,0,0,0,0,0,0,0,0,0,0,0,0,0,0,0,0,0,0,0,0.0,0.0,0.0,0.0,0.0,0.0,0.0,0.0,0.0,0.0,0.0,0.0
Leeds,game_state,1983581,against,Level,615,17,424,341,406,204,90,130,158,183,6,1,10,1,47,20,2,140,100,100,29,46,324,3,6,3,12,4,5,3,4,8,1,3,0,0,0,0,0,0,0,13,4,35,14,69,31,104,45,0,17,8,34,45,7,52,79,35,8,12,10,115,152.0,455.0,1100.0,1772.085,6674.8832072350215,6653.955,2.0,2.0,3.0,1.0,32.0,12.0
Leeds,game_state,1983581,against,+1,0,0,0,0,0,0,0,0,0,0,0,0,0,0,0,0,0,0,0,0,0,0,0,0,0,0,0,0,0,0,0,0,0,0,0,0,0,0,0,0,0,0,0,0,0,0,0,0,0,0,0,0,0,0,0,0,0,0,0,0,0,0,0.0,0.0,0.0,0.0,0.0,0.0,0.0,0.0,0.0,0.0,0.0,0.0
Leeds,game_state,1983581,against,+2 or better,0,0,0,0,0,0,0,0,0,0,0,0,0,0,0,0,0,0,0,0,0,0,0,0,0,0,0,0,0,0,0,0,0,0,0,0,0,0,0,0,0,0,0,0,0,0,0,0,0,0,0,0,0,0,0,0,0,0,0,0,0,0,0.0,0.0,0.0,0.0,0.0,0.0,0.0,0.0,0.0,0.0,0.0,0.0
Leeds,game_state,1983581,for,-2 or worse,0,0,0,0,0,0,0,0,0,0,0,0,0,0,0,0,0,0,0,0,0,0,0,0,0,0,0,0,0,0,0,0,0,0,0,0,0,0,0,0,0,0,0,0,0,0,0,0,0,0,0,0,0,0,0,0,0,0,0,0,0,0,0.0,0.0,0.0,0.0,0.0,0.0,0.0,0.0,0.0,0.0,0.0,0.0
Leeds,game_state,1983581,for,-1,0,0,0,0,0,0,0,0,0,0,0,0,0,0,0,0,0,0,0,0,0,0,0,0,0,0,0,0,0,0,0,0,0,0,0,0,0,0,0,0,0,0,0,0,0,0,0,0,0,0,0,0,0,0,0,0,0,0,0,0,0,0,0.0,0.0,0.0,0.0,0.0,0.0,0.0,0.0,0.0,0.0,0.0,0.0
Leeds,game_state,1983581,for,Level,629,17,424,340,406,183,103,138,123,217,11,3,17,4,47,20,0,81,42,39,27,43,385,4,5,5,13,2,5,6,9,4,2,0,0,0,0,0,0,0,0,22,8,35,21,72,37,107,58,0,17,17,19,41,10,58,60,36,4,10,12,122,164.0,468.0,1295.0,1708.14,7696.583791025332,7905.765,1.0,2.0,4.0,0.0,28.0,13.0
Leeds,game_state,1983581,for,+1,0,0,0,0,0,0,0,0,0,0,0,0,0,0,0,0,0,0,0,0,0,0,0,0,0,0,0,0,0,0,0,0,0,0,0,0,0,0,0,0,0,0,0,0,0,0,0,0,0,0,0,0,0,0,0,0,0,0,0,0,0,0,0.0,0.0,0.0,0.0,0.0,0.0,0.0,0.0,0.0,0.0,0.0,0.0
Leeds,game_state,1983581,for,+2 or better,0,0,0,0,0,0,0,0,0,0,0,0,0,0,0,0,0,0,0,0,0,0,0,0,0,0,0,0,0,0,0,0,0,0,0,0,0,0,0,0,0,0,0,0,0,0,0,0,0,0,0,0,0,0,0,0,0,0,0,0,0,0,0.0,0.0,0.0,0.0,0.0,0.0,0.0,0.0,0.0,0.0,0.0,0.0
Leeds,total,1983581,against,Season,615,17,424,341,406,204,90,130,158,183,6,1,10,1,47,20,2,140,100,100,29,46,324,3,6,3,12,4,5,3,4,8,1,3,0,0,0,0,0,0,0,13,4,35,14,69,31,104,45,0,17,8,34,45,7,52,79,35,8,12,10,115,152.0,455.0,1100.0,1772.085,6674.8832072350215,6653.955,2.0,2.0,3.0,1.0,32.0,12.0
Leeds,total,1983581,for,Season,629,17,424,340,406,183,103,138,123,217,11,3,17,4,47,20,0,81,42,39,27,43,385,4,5,5,13,2,5,6,9,4,2,0,0,0,0,0,0,0,0,22,8,35,21,72,37,107,58,0,17,17,19,41,10,58,60,36,4,10,12,122,164.0,468.0,1295.0,1708.14,7696.583791025332,7905.765,1.0,2.0,4.0,0.0,28.0,13.0
Crystal Palace,time_block,1983581,against,0-15,105,3,73,62,71,24,21,28,34,28,1,0,3,1,12,3,0,18,10,9,8,7,64,1,1,1,3,0,1,2,2,1,0,0,0,0,0,0,0,0,0,3,0,7,3,10,6,17,9,0,2,3,1,3,2,8,4,6,0,1,4,16,23.0,82.0,233.0,143.01,1328.2520876732392,1282.05,0.0,0.0,1.0,0.0,3.0,3.0
Crystal Palace,time_block,1983581,against,16-30,112,3,72,61,71,34,16,22,22,39,3,1,4,1,3,1,0,9,8,4,6,7,68,1,2,2,3,0,1,2,3,0,0,0,0,0,0,0,0,0,0,3,1,5,3,9,4,14,7,0,2,2,3,9,3,9,12,6,0,2,1,18,26.0,83.0,246.0,356.475,1475.340733128371,1124.34,0.0,0.0,2.0,0.0,7.0,3.0
Crystal Palace,time_block,1983581,against,31-45,109,3,72,54,71,31,18,23,30,24,4,1,6,1,9,6,0,27,14,15,7,12,57,2,0,0,3,1,1,1,1,2,1,0,0,0,0,0,0,0,0,4,3,7,6,14,9,21,15,0,6,4,4,8,0,12,12,9,0,2,0,22,32.0,80.0,252.0,337.26,1150.9370672647806,1660.89,0.0,2.0,0.0,0.0,6.0,3.0
Crystal Palace,time_block,1983581,against,46-60,98,4,70,60,64,32,17,21,7,53,2,1,2,1,5,2,0,6,2,2,1,7,68,0,2,2,2,1,1,0,2,0,1,0,0,0,0,0,0,0,0,4,3,2,2,12,7,14,9,0,2,0,1,4,2,7,5,3,1,2,2,15,21.0,76.0,225.0,317.73,1438.303866888112,821.94,1.0,0.0,1.0,0.0,5.0,2.0
Crystal Palace,time_block,1983581,against,61-75,68,2,37,22,33,17,4,16,6,16,0,0,0,0,6,2,0,9,3,5,0,2,32,0,0,0,1,0,1,0,0,1,0,0,0,0,0,0,0,0,0,2,0,9,5,11,3,20,8,0,1,4,4,5,3,12,9,6,2,2,2,21,28.0,42.0,58.0,133.14,441.98033759908145,1507.38,0.0,0.0,0.0,0.0,6.0,1.0
Crystal Palace,time_block,1983581,against,76+,137,2,100,81,96,45,27,28,24,57,1,0,2,0,12,6,0,12,5,4,5,8,96,0,0,0,1,0,0,1,1,0,0,0,0,0,0,0,0,0,0,6,1,5,2,16,8,21,10,0,4,4,6,12,0,10,18,6,1,1,3,30,34.0,105.0,281.0,420.525,1861.769698471748,1509.165,0.0,0.0,0.0,0.0,1.0,1.0
Crystal Palace,time_block,1983581,for,0-15,87,1,66,55,61,33,18,15,29,26,2,0,2,0,8,4,0,18,14,12,5,9,54,0,1,0,1,0,1,0,0,1,0,0,0,0,0,0,0,0,0,2,0,7,4,8,2,15,6,0,1,0,2,2,0,5,4,1,0,4,1,17,20.0,71.0,171.0,378.42,1224.6998602136405,626.745,0.0,1.0,0.0,0.0,4.0,1.0
Crystal Palace,time_block,1983581,for,16-30,118,3,87,73,84,40,24,23,29,44,1,0,2,0,6,2,0,21,14,16,5,12,71,1,1,1,3,2,0,1,1,2,1,1,0,0,0,0,0,0,0,2,0,5,2,10,5,15,7,0,3,3,4,11,2,10,15,8,1,1,2,18,26.0,98.0,247.0,318.15,1411.6492620453546,1267.875,2.0,0.0,1.0,0.0,2.0,4.0
Crystal Palace,time_block,1983581,for,31-45,110,6,66,50,63,36,11,19,27,23,1,1,1,1,9,3,0,25,17,20,6,6,46,0,0,0,1,0,0,1,1,0,0,0,0,0,0,0,0,0,0,1,0,7,1,14,5,21,6,0,3,0,7,5,3,9,12,5,3,0,2,26,30.0,69.0,181.0,155.61,928.666588908891,1268.4,0.0,0.0,0.0,0.0,12.0,0.0
Crystal Palace,time_block,1983581,for,46-60,71,4,43,38,41,23,6,14,18,20,0,0,1,0,3,1,0,16,14,11,4,8,32,1,2,1,4,2,2,0,1,3,0,2,0,0,0,0,0,0,0,3,1,2,0,12,5,14,5,0,2,0,6,5,1,8,11,7,3,2,2,9,17.0,46.0,127.0,281.61,740.2063819505809,921.7950000000001,0.0,1.0,0.0,0.0,1.0,4.0
Crystal Palace,time_block,1983581,for,61-75,108,2,76,61,72,31,18,27,28,33,1,0,1,0,6,5,1,25,19,20,6,8,56,0,1,0,1,0,1,0,0,1,0,0,0,0,0,0,0,0,0,3,2,9,4,11,8,20,12,0,4,2,8,9,0,8,17,6,0,2,2,19,27.0,83.0,198.0,358.15500000000003,1275.0097829251777,1113.735,0.0,0.0,1.0,0.0,6.0,1.0
Crystal Palace,time_block,1983581,for,76+,121,1,86,64,85,41,13,32,27,37,1,0,3,0,15,5,1,35,22,21,3,3,65,1,1,1,2,0,1,1,1,1,0,0,0,0,0,0,0,0,0,2,1,5,3,14,6,19,9,0,4,3,7,13,1,12,20,8,1,3,1,26,32.0,88.0,176.0,280.14,1094.6513311913773,1455.405,0.0,0.0,1.0,1.0,7.0,2.0
Crystal Palace,game_state,1983581,against,-2 or worse,0,0,0,0,0,0,0,0,0,0,0,0,0,0,0,0,0,0,0,0,0,0,0,0,0,0,0,0,0,0,0,0,0,0,0,0,0,0,0,0,0,0,0,0,0,0,0,0,0,0,0,0,0,0,0,0,0,0,0,0,0,0,0.0,0.0,0.0,0.0,0.0,0.0,0.0,0.0,0.0,0.0,0.0,0.0
Crystal Palace,game_state,1983581,against,-1,0,0,0,0,0,0,0,0,0,0,0,0,0,0,0,0,0,0,0,0,0,0,0,0,0,0,0,0,0,0,0,0,0,0,0,0,0,0,0,0,0,0,0,0,0,0,0,0,0,0,0,0,0,0,0,0,0,0,0,0,0,0,0.0,0.0,0.0,0.0,0.0,0.0,0.0,0.0,0.0,0.0,0.0,0.0
Crystal Palace,game_state,1983581,against,Level,629,17,424,340,406,183,103,138,123,217,11,3,17,4,47,20,0,81,42,39,27,43,385,4,5,5,13,2,5,6,9,4,2,0,0,0,0,0,0,0,0,22,8,35,21,72,37,107,58,0,17,17,19,41,10,58,60,36,4,10,12,122,164.0,468.0,1295.0,1708.14,7696.583791025332,7905.765,1.0,2.0,4.0,0.0,28.0,13.0
Crystal Palace,game_state,1983581,against,+1,0,0,0,0,0,0,0,0,0,0,0,0,0,0,0,0,0,0,0,0,0,0,0,0,0,0,0,0,0,0,0,0,0,0,0,0,0,0,0,0,0,0,0,0,0,0,0,0,0,0,0,0,0,0,0,0,0,0,0,0,0,0,0.0,0.0,0.0,0.0,0.0,0.0,0.0,0.0,0.0,0.0,0.0,0.0
Crystal Palace,game_state,1983581,against,+2 or better,0,0,0,0,0,0,0,0,0,0,0,0,0,0,0,0,0,0,0,0,0,0,0,0,0,0,0,0,0,0,0,0,0,0,0,0,0,0,0,0,0,0,0,0,0,0,0,0,0,0,0,0,0,0,0,0,0,0,0,0,0,0,0.0,0.0,0.0,0.0,0.0,0.0,0.0,0.0,0.0,0.0,0.0,0.0
Crystal Palace,game_state,1983581,for,-2 or worse,0,0,0,0,0,0,0,0,0,0,0,0,0,0,0,0,0,0,0,0,0,0,0,0,0,0,0,0,0,0,0,0,0,0,0,0,0,0,0,0,0,0,0,0,0,0,0,0,0,0,0,0,0,0,0,0,0,0,0,0,0,0,0.0,0.0,0.0,0.0,0.0,0.0,0.0,0.0,0.0,0.0,0.0,0.0
Crystal Palace,game_state,1983581,for,-1,0,0,0,0,0,0,0,0,0,0,0,0,0,0,0,0,0,0,0,0,0,0,0,0,0,0,0,0,0,0,0,0,0,0,0,0,0,0,0,0,0,0,0,0,0,0,0,0,0,0,0,0,0,0,0,0,0,0,0,0,0,0,0.0,0.0,0.0,0.0,0.0,0.0,0.0,0.0,0.0,0.0,0.0,0.0
Crystal Palace,game_state,1983581,for,Level,615,17,424,341,406,204,90,130,158,183,6,1,10,1,47,20,2,140,100,100,29,46,324,3,6,3,12,4,5,3,4,8,1,3,0,0,0,0,0,0,0,13,4,35,14,69,31,104,45,0,17,8,34,45,7,52,79,35,8,12,10,115,152.0,455.0,1100.0,1772.085,6674.8832072350215,6653.955,2.0,2.0,3.0,1.0,32.0,12.0
Crystal Palace,game_state,1983581,for,+1,0,0,0,0,0,0,0,0,0,0,0,0,0,0,0,0,0,0,0,0,0,0,0,0,0,0,0,0,0,0,0,0,0,0,0,0,0,0,0,0,0,0,0,0,0,0,0,0,0,0,0,0,0,0,0,0,0,0,0,0,0,0,0.0,0.0,0.0,0.0,0.0,0.0,0.0,0.0,0.0,0.0,0.0,0.0
Crystal Palace,game_state,1983581,for,+2 or better,0,0,0,0,0,0,0,0,0,0,0,0,0,0,0,0,0,0,0,0,0,0,0,0,0,0,0,0,0,0,0,0,0,0,0,0,0,0,0,0,0,0,0,0,0,0,0,0,0,0,0,0,0,0,0,0,0,0,0,0,0,0,0.0,0.0,0.0,0.0,0.0,0.0,0.0,0.0,0.0,0.0,0.0,0.0
Crystal Palace,total,1983581,against,Season,629,17,424,340,406,183,103,138,123,217,11,3,17,4,47,20,0,81,42,39,27,43,385,4,5,5,13,2,5,6,9,4,2,0,0,0,0,0,0,0,0,22,8,35,21,72,37,107,58,0,17,17,19,41,10,58,60,36,4,10,12,122,164.0,468.0,1295.0,1708.14,7696.583791025332,7905.765,1.0,2.0,4.0,0.0,28.0,13.0
Crystal Palace,total,1983581,for,Season,615,17,424,341,406,204,90,130,158,183,6,1,10,1,47,20,2,140,100,100,29,46,324,3,6,3,12,4,5,3,4,8,1,3,0,0,0,0,0,0,0,13,4,35,14,69,31,104,45,0,17,8,34,45,7,52,79,35,8,12,10,115,152.0,455.0,1100.0,1772.085,6674.8832072350215,6653.955,2.0,2.0,3.0,1.0,32.0,12.0
Coventry,time_block,1983582,against,0-15,212,4,187,170,184,69,40,78,100,70,2,0,2,0,3,1,2,43,35,33,16,14,154,0,1,1,2,1,0,1,2,0,1,0,0,0,0,0,0,0,0,3,0,3,3,12,6,15,9,0,4,1,0,8,1,7,8,6,0,1,2,24,27.0,193.0,537.0,340.095,2648.885683904393,1208.34,1.0,0.0,0.0,0.0,7.0,2.0
Coventry,time_block,1983582,against,16-30,134,10,99,87,95,45,18,36,46,41,4,1,7,2,8,3,0,28,22,19,5,16,80,3,4,3,4,1,1,2,4,0,1,0,1,1,0,1,0,0,0,3,2,10,5,11,7,21,12,0,1,1,3,4,1,4,7,3,1,0,4,15,28.0,108.0,262.0,338.83500000000004,1432.2137446576774,1499.4,0.0,1.0,0.0,0.0,5.0,4.0
Coventry,time_block,1983582,against,31-45,207,7,178,170,175,57,47,74,98,72,3,0,3,0,2,2,0,35,29,27,9,15,151,1,1,1,3,1,0,2,3,0,1,0,0,0,0,0,0,0,0,6,4,2,0,13,8,15,8,0,2,0,3,8,2,6,11,5,1,1,2,12,21.0,184.0,517.0,465.36,2638.6809481313603,1112.37,1.0,0.0,0.0,0.0,2.0,3.0
Coventry,time_block,1983582,against,46-60,187,8,156,151,151,45,33,78,96,55,3,2,3,2,2,1,2,33,29,32,10,10,124,0,2,1,3,0,2,1,2,1,0,0,0,0,0,0,0,0,0,5,3,4,1,13,9,17,10,0,2,1,2,8,1,5,10,2,1,0,4,12,21.0,161.0,504.0,557.655,2304.177153281329,891.135,0.0,0.0,1.0,0.0,4.0,3.0
Coventry,time_block,1983582,against,61-75,133,2,99,91,95,33,23,43,48,43,2,1,2,1,3,1,0,19,15,16,6,3,83,0,1,1,1,0,1,0,1,0,0,0,0,0,0,0,0,0,0,2,1,6,3,11,5,17,8,0,2,1,7,5,2,9,12,6,2,2,2,16,18.0,116.0,314.0,313.53000000000003,1632.4515168317273,738.045,1.0,0.0,2.0,0.0,2.0,1.0
Coventry,time_block,1983582,against,76+,142,5,100,82,94,44,20,36,28,54,2,0,2,0,14,6,0,16,11,9,8,7,91,0,2,2,2,0,1,1,2,0,0,0,0,0,0,0,0,0,0,4,2,12,9,12,7,24,16,0,2,1,11,8,1,7,19,6,0,3,3,21,32.0,93.0,214.0,175.97999999999996,1242.3215222757558,1362.27,0.0,1.0,0.0,0.0,7.0,2.0
Coventry,time_block,1983582,for,0-15,58,2,27,15,23,15,8,4,3,12,1,1,1,1,10,0,0,7,1,1,0,1,26,1,1,1,2,0,2,0,1,1,0,0,0,0,0,0,0,0,0,3,0,3,0,11,5,14,5,0,4,5,2,5,0,11,7,6,0,2,1,20,22.0,30.0,81.0,-7.034999999999982,373.5393427611235,994.35,0.0,0.0,0.0,0.0,6.0,2.0
Coventry,time_block,1983582,for,16-30,69,6,39,25,37,22,6,11,8,17,1,0,2,1,8,1,0,12,6,6,2,4,33,1,2,1,2,1,0,1,2,0,1,0,0,0,0,0,0,0,0,2,1,10,5,11,4,21,9,0,3,2,10,4,0,11,14,6,2,4,0,17,19.0,44.0,104.0,105.73500000000003,514.6590784042203,908.985,0.0,0.0,0.0,0.0,3.0,2.0
Coventry,time_block,1983582,for,31-45,49,0,25,12,21,14,3,8,3,9,0,0,0,0,9,1,0,9,1,3,0,0,22,0,0,0,0,0,0,0,0,0,0,0,0,0,0,0,0,0,0,3,1,2,2,12,4,14,6,0,2,3,6,7,0,11,13,5,4,2,1,15,16.0,27.0,79.0,191.52,424.1620686856692,477.225,0.0,0.0,0.0,0.0,5.0,0.0
Coventry,time_block,1983582,for,46-60,70,2,44,33,41,24,9,11,18,15,2,0,2,0,7,4,0,16,10,11,4,7,33,0,0,0,0,0,0,0,0,0,0,0,0,0,0,0,0,0,0,3,1,4,3,13,4,17,7,0,3,3,5,5,0,13,10,7,3,4,0,14,18.0,49.0,132.0,411.075,789.9383129459252,743.8199999999999,0.0,0.0,1.0,0.0,3.0,0.0
Coventry,time_block,1983582,for,61-75,67,5,41,27,38,16,6,19,10,17,1,0,3,1,10,4,0,13,6,5,5,1,36,0,2,2,4,1,3,0,3,1,1,0,0,0,0,0,0,0,0,3,2,6,3,11,6,17,9,0,2,1,1,7,3,9,8,5,1,2,2,19,26.0,46.0,99.0,221.44499999999996,547.9238608531269,1327.095,0.0,0.0,0.0,0.0,4.0,4.0
Coventry,time_block,1983582,for,76+,81,4,44,28,39,25,5,14,12,16,4,2,7,2,10,3,0,19,13,14,5,7,30,3,1,1,4,1,1,2,2,2,1,0,0,0,0,0,0,0,0,2,0,12,3,12,5,24,8,0,2,4,2,9,0,11,11,9,2,3,3,23,38.0,54.0,90.0,284.86499999999995,649.2827606374589,2066.82,0.0,0.0,0.0,0.0,7.0,4.0
Coventry,game_state,1983582,against,-2 or worse,0,0,0,0,0,0,0,0,0,0,0,0,0,0,0,0,0,0,0,0,0,0,0,0,0,0,0,0,0,0,0,0,0,0,0,0,0,0,0,0,0,0,0,0,0,0,0,0,0,0,0,0,0,0,0,0,0,0,0,0,0,0,0.0,0.0,0.0,0.0,0.0,0.0,0.0,0.0,0.0,0.0,0.0,0.0
Coventry,game_state,1983582,against,-1,723,29,576,529,556,200,132,244,295,234,12,3,13,3,26,11,2,121,99,98,36,45,478,3,7,5,10,1,4,5,9,1,1,0,0,0,0,0,0,0,0,19,12,27,14,53,32,80,46,0,8,4,23,29,6,28,52,19,4,6,12,70,106.0,601.0,1649.0,1677.9,8337.490967733256,4883.445,2.0,1.0,3.0,0.0,18.0,10.0
Coventry,game_state,1983582,against,Level,292,7,243,222,238,93,49,101,121,101,4,1,6,2,6,3,2,53,42,38,18,20,205,1,4,4,5,2,1,2,5,0,2,0,1,1,0,1,0,0,0,4,0,10,7,19,10,29,17,0,5,1,3,12,2,10,15,9,1,1,5,30,41.0,254.0,699.0,513.5550000000001,3561.239601348986,1928.115,1.0,1.0,0.0,0.0,9.0,5.0
Coventry,game_state,1983582,against,+1,0,0,0,0,0,0,0,0,0,0,0,0,0,0,0,0,0,0,0,0,0,0,0,0,0,0,0,0,0,0,0,0,0,0,0,0,0,0,0,0,0,0,0,0,0,0,0,0,0,0,0,0,0,0,0,0,0,0,0,0,0,0,0.0,0.0,0.0,0.0,0.0,0.0,0.0,0.0,0.0,0.0,0.0,0.0
Coventry,game_state,1983582,against,+2 or better,0,0,0,0,0,0,0,0,0,0,0,0,0,0,0,0,0,0,0,0,0,0,0,0,0,0,0,0,0,0,0,0,0,0,0,0,0,0,0,0,0,0,0,0,0,0,0,0,0,0,0,0,0,0,0,0,0,0,0,0,0,0,0.0,0.0,0.0,0.0,0.0,0.0,0.0,0.0,0.0,0.0,0.0,0.0
Coventry,game_state,1983582,for,-2 or worse,0,0,0,0,0,0,0,0,0,0,0,0,0,0,0,0,0,0,0,0,0,0,0,0,0,0,0,0,0,0,0,0,0,0,0,0,0,0,0,0,0,0,0,0,0,0,0,0,0,0,0,0,0,0,0,0,0,0,0,0,0,0,0.0,0.0,0.0,0.0,0.0,0.0,0.0,0.0,0.0,0.0,0.0,0.0
Coventry,game_state,1983582,for,-1,301,11,177,115,162,92,27,58,46,69,7,2,12,3,40,12,0,64,31,35,15,16,142,3,3,3,8,2,4,2,5,3,2,0,0,0,0,0,0,0,0,11,4,27,13,52,20,79,33,0,10,12,19,29,3,49,48,29,12,12,6,79,106.0,200.0,451.0,1154.37,2601.173168207908,4946.235,0.0,0.0,1.0,0.0,21.0,8.0
Coventry,game_state,1983582,for,Level,93,8,43,25,37,24,10,9,8,17,2,1,3,2,14,1,0,12,6,5,1,4,38,2,3,2,4,1,2,1,3,1,1,0,0,0,0,0,0,0,0,5,1,10,3,18,8,28,11,0,6,6,7,8,0,17,15,9,0,5,1,29,33.0,50.0,134.0,53.235000000000014,698.3322560796161,1572.06,0.0,0.0,0.0,0.0,7.0,4.0
Coventry,game_state,1983582,for,+1,0,0,0,0,0,0,0,0,0,0,0,0,0,0,0,0,0,0,0,0,0,0,0,0,0,0,0,0,0,0,0,0,0,0,0,0,0,0,0,0,0,0,0,0,0,0,0,0,0,0,0,0,0,0,0,0,0,0,0,0,0,0,0.0,0.0,0.0,0.0,0.0,0.0,0.0,0.0,0.0,0.0,0.0,0.0
Coventry,game_state,1983582,for,+2 or better,0,0,0,0,0,0,0,0,0,0,0,0,0,0,0,0,0,0,0,0,0,0,0,0,0,0,0,0,0,0,0,0,0,0,0,0,0,0,0,0,0,0,0,0,0,0,0,0,0,0,0,0,0,0,0,0,0,0,0,0,0,0,0.0,0.0,0.0,0.0,0.0,0.0,0.0,0.0,0.0,0.0,0.0,0.0
Coventry,total,1983582,against,Season,1015,36,819,751,794,293,181,345,416,335,16,4,19,5,32,14,4,174,141,136,54,65,683,4,11,9,15,3,5,7,14,1,3,0,1,1,0,1,0,0,0,23,12,37,21,72,42,109,63,0,13,5,26,41,8,38,67,28,5,7,17,100,147.0,855.0,2348.0,2191.455,11898.730569082243,6811.56,3.0,2.0,3.0,0.0,27.0,15.0
Coventry,total,1983582,for,Season,394,19,220,140,199,116,37,67,54,86,9,3,15,5,54,13,0,76,37,40,16,20,180,5,6,5,12,3,6,3,8,4,3,0,0,0,0,0,0,0,0,16,5,37,16,70,28,107,44,0,16,18,26,37,3,66,63,38,12,17,7,108,139.0,250.0,585.0,1207.605,3299.505424287524,6518.295,0.0,0.0,1.0,0.0,28.0,12.0
Man City,time_block,1983582,against,0-15,58,2,27,15,23,15,8,4,3,12,1,1,1,1,10,0,0,7,1,1,0,1,26,1,1,1,2,0,2,0,1,1,0,0,0,0,0,0,0,0,0,3,0,3,0,11,5,14,5,0,4,5,2,5,0,11,7,6,0,2,1,20,22.0,30.0,81.0,-7.034999999999982,373.5393427611235,994.35,0.0,0.0,0.0,0.0,6.0,2.0
Man City,time_block,1983582,against,16-30,69,6,39,25,37,22,6,11,8,17,1,0,2,1,8,1,0,12,6,6,2,4,33,1,2,1,2,1,0,1,2,0,1,0,0,0,0,0,0,0,0,2,1,10,5,11,4,21,9,0,3,2,10,4,0,11,14,6,2,4,0,17,19.0,44.0,104.0,105.73500000000003,514.6590784042203,908.985,0.0,0.0,0.0,0.0,3.0,2.0
Man City,time_block,1983582,against,31-45,49,0,25,12,21,14,3,8,3,9,0,0,0,0,9,1,0,9,1,3,0,0,22,0,0,0,0,0,0,0,0,0,0,0,0,0,0,0,0,0,0,3,1,2,2,12,4,14,6,0,2,3,6,7,0,11,13,5,4,2,1,15,16.0,27.0,79.0,191.52,424.1620686856692,477.225,0.0,0.0,0.0,0.0,5.0,0.0
Man City,time_block,1983582,against,46-60,70,2,44,33,41,24,9,11,18,15,2,0,2,0,7,4,0,16,10,11,4,7,33,0,0,0,0,0,0,0,0,0,0,0,0,0,0,0,0,0,0,3,1,4,3,13,4,17,7,0,3,3,5,5,0,13,10,7,3,4,0,14,18.0,49.0,132.0,411.075,789.9383129459252,743.8199999999999,0.0,0.0,1.0,0.0,3.0,0.0
Man City,time_block,1983582,against,61-75,67,5,41,27,38,16,6,19,10,17,1,0,3,1,10,4,0,13,6,5,5,1,36,0,2,2,4,1,3,0,3,1,1,0,0,0,0,0,0,0,0,3,2,6,3,11,6,17,9,0,2,1,1,7,3,9,8,5,1,2,2,19,26.0,46.0,99.0,221.44499999999996,547.9238608531269,1327.095,0.0,0.0,0.0,0.0,4.0,4.0
Man City,time_block,1983582,against,76+,81,4,44,28,39,25,5,14,12,16,4,2,7,2,10,3,0,19,13,14,5,7,30,3,1,1,4,1,1,2,2,2,1,0,0,0,0,0,0,0,0,2,0,12,3,12,5,24,8,0,2,4,2,9,0,11,11,9,2,3,3,23,38.0,54.0,90.0,284.86499999999995,649.2827606374589,2066.82,0.0,0.0,0.0,0.0,7.0,4.0
Man City,time_block,1983582,for,0-15,212,4,187,170,184,69,40,78,100,70,2,0,2,0,3,1,2,43,35,33,16,14,154,0,1,1,2,1,0,1,2,0,1,0,0,0,0,0,0,0,0,3,0,3,3,12,6,15,9,0,4,1,0,8,1,7,8,6,0,1,2,24,27.0,193.0,537.0,340.095,2648.885683904393,1208.34,1.0,0.0,0.0,0.0,7.0,2.0
Man City,time_block,1983582,for,16-30,134,10,99,87,95,45,18,36,46,41,4,1,7,2,8,3,0,28,22,19,5,16,80,3,4,3,4,1,1,2,4,0,1,0,1,1,0,1,0,0,0,3,2,10,5,11,7,21,12,0,1,1,3,4,1,4,7,3,1,0,4,15,28.0,108.0,262.0,338.83500000000004,1432.2137446576774,1499.4,0.0,1.0,0.0,0.0,5.0,4.0
Man City,time_block,1983582,for,31-45,207,7,178,170,175,57,47,74,98,72,3,0,3,0,2,2,0,35,29,27,9,15,151,1,1,1,3,1,0,2,3,0,1,0,0,0,0,0,0,0,0,6,4,2,0,13,8,15,8,0,2,0,3,8,2,6,11,5,1,1,2,12,21.0,184.0,517.0,465.36,2638.6809481313603,1112.37,1.0,0.0,0.0,0.0,2.0,3.0
Man City,time_block,1983582,for,46-60,187,8,156,151,151,45,33,78,96,55,3,2,3,2,2,1,2,33,29,32,10,10,124,0,2,1,3,0,2,1,2,1,0,0,0,0,0,0,0,0,0,5,3,4,1,13,9,17,10,0,2,1,2,8,1,5,10,2,1,0,4,12,21.0,161.0,504.0,557.655,2304.177153281329,891.135,0.0,0.0,1.0,0.0,4.0,3.0
Man City,time_block,1983582,for,61-75,133,2,99,91,95,33,23,43,48,43,2,1,2,1,3,1,0,19,15,16,6,3,83,0,1,1,1,0,1,0,1,0,0,0,0,0,0,0,0,0,0,2,1,6,3,11,5,17,8,0,2,1,7,5,2,9,12,6,2,2,2,16,18.0,116.0,314.0,313.53000000000003,1632.4515168317273,738.045,1.0,0.0,2.0,0.0,2.0,1.0
Man City,time_block,1983582,for,76+,142,5,100,82,94,44,20,36,28,54,2,0,2,0,14,6,0,16,11,9,8,7,91,0,2,2,2,0,1,1,2,0,0,0,0,0,0,0,0,0,0,4,2,12,9,12,7,24,16,0,2,1,11,8,1,7,19,6,0,3,3,21,32.0,93.0,214.0,175.97999999999996,1242.3215222757558,1362.27,0.0,1.0,0.0,0.0,7.0,2.0
Man City,game_state,1983582,against,-2 or worse,0,0,0,0,0,0,0,0,0,0,0,0,0,0,0,0,0,0,0,0,0,0,0,0,0,0,0,0,0,0,0,0,0,0,0,0,0,0,0,0,0,0,0,0,0,0,0,0,0,0,0,0,0,0,0,0,0,0,0,0,0,0,0.0,0.0,0.0,0.0,0.0,0.0,0.0,0.0,0.0,0.0,0.0,0.0
Man City,game_state,1983582,against,-1,0,0,0,0,0,0,0,0,0,0,0,0,0,0,0,0,0,0,0,0,0,0,0,0,0,0,0,0,0,0,0,0,0,0,0,0,0,0,0,0,0,0,0,0,0,0,0,0,0,0,0,0,0,0,0,0,0,0,0,0,0,0,0.0,0.0,0.0,0.0,0.0,0.0,0.0,0.0,0.0,0.0,0.0,0.0
Man City,game_state,1983582,against,Level,93,8,43,25,37,24,10,9,8,17,2,1,3,2,14,1,0,12,6,5,1,4,38,2,3,2,4,1,2,1,3,1,1,0,0,0,0,0,0,0,0,5,1,10,3,18,8,28,11,0,6,6,7,8,0,17,15,9,0,5,1,29,33.0,50.0,134.0,53.235000000000014,698.3322560796161,1572.06,0.0,0.0,0.0,0.0,7.0,4.0
Man City,game_state,1983582,against,+1,301,11,177,115,162,92,27,58,46,69,7,2,12,3,40,12,0,64,31,35,15,16,142,3,3,3,8,2,4,2,5,3,2,0,0,0,0,0,0,0,0,11,4,27,13,52,20,79,33,0,10,12,19,29,3,49,48,29,12,12,6,79,106.0,200.0,451.0,1154.37,2601.173168207908,4946.235,0.0,0.0,1.0,0.0,21.0,8.0
Man City,game_state,1983582,against,+2 or better,0,0,0,0,0,0,0,0,0,0,0,0,0,0,0,0,0,0,0,0,0,0,0,0,0,0,0,0,0,0,0,0,0,0,0,0,0,0,0,0,0,0,0,0,0,0,0,0,0,0,0,0,0,0,0,0,0,0,0,0,0,0,0.0,0.0,0.0,0.0,0.0,0.0,0.0,0.0,0.0,0.0,0.0,0.0
Man City,game_state,1983582,for,-2 or worse,0,0,0,0,0,0,0,0,0,0,0,0,0,0,0,0,0,0,0,0,0,0,0,0,0,0,0,0,0,0,0,0,0,0,0,0,0,0,0,0,0,0,0,0,0,0,0,0,0,0,0,0,0,0,0,0,0,0,0,0,0,0,0.0,0.0,0.0,0.0,0.0,0.0,0.0,0.0,0.0,0.0,0.0,0.0
Man City,game_state,1983582,for,-1,0,0,0,0,0,0,0,0,0,0,0,0,0,0,0,0,0,0,0,0,0,0,0,0,0,0,0,0,0,0,0,0,0,0,0,0,0,0,0,0,0,0,0,0,0,0,0,0,0,0,0,0,0,0,0,0,0,0,0,0,0,0,0.0,0.0,0.0,0.0,0.0,0.0,0.0,0.0,0.0,0.0,0.0,0.0
Man City,game_state,1983582,for,Level,292,7,243,222,238,93,49,101,121,101,4,1,6,2,6,3,2,53,42,38,18,20,205,1,4,4,5,2,1,2,5,0,2,0,1,1,0,1,0,0,0,4,0,10,7,19,10,29,17,0,5,1,3,12,2,10,15,9,1,1,5,30,41.0,254.0,699.0,513.5550000000001,3561.239601348986,1928.115,1.0,1.0,0.0,0.0,9.0,5.0
Man City,game_state,1983582,for,+1,723,29,576,529,556,200,132,244,295,234,12,3,13,3,26,11,2,121,99,98,36,45,478,3,7,5,10,1,4,5,9,1,1,0,0,0,0,0,0,0,0,19,12,27,14,53,32,80,46,0,8,4,23,29,6,28,52,19,4,6,12,70,106.0,601.0,1649.0,1677.9,8337.490967733256,4883.445,2.0,1.0,3.0,0.0,18.0,10.0
Man City,game_state,1983582,for,+2 or better,0,0,0,0,0,0,0,0,0,0,0,0,0,0,0,0,0,0,0,0,0,0,0,0,0,0,0,0,0,0,0,0,0,0,0,0,0,0,0,0,0,0,0,0,0,0,0,0,0,0,0,0,0,0,0,0,0,0,0,0,0,0,0.0,0.0,0.0,0.0,0.0,0.0,0.0,0.0,0.0,0.0,0.0,0.0
Man City,total,1983582,against,Season,394,19,220,140,199,116,37,67,54,86,9,3,15,5,54,13,0,76,37,40,16,20,180,5,6,5,12,3,6,3,8,4,3,0,0,0,0,0,0,0,0,16,5,37,16,70,28,107,44,0,16,18,26,37,3,66,63,38,12,17,7,108,139.0,250.0,585.0,1207.605,3299.505424287524,6518.295,0.0,0.0,1.0,0.0,28.0,12.0
Man City,total,1983582,for,Season,1015,36,819,751,794,293,181,345,416,335,16,4,19,5,32,14,4,174,141,136,54,65,683,4,11,9,15,3,5,7,14,1,3,0,1,1,0,1,0,0,0,23,12,37,21,72,42,109,63,0,13,5,26,41,8,38,67,28,5,7,17,100,147.0,855.0,2348.0,2191.455,11898.730569082243,6811.56,3.0,2.0,3.0,0.0,27.0,15.0
Sunderland,time_block,1983583,against,0-15,106,0,86,72,81,31,22,33,18,54,0,0,0,0,8,1,0,8,5,7,1,2,79,0,0,0,1,1,0,0,0,1,0,1,1,0,1,1,0,0,0,4,0,8,4,15,7,23,11,0,3,0,1,2,0,7,3,4,3,1,4,19,23.0,91.0,227.0,125.36999999999999,1206.832822587261,869.4,0.0,0.0,0.0,0.0,4.0,1.0
Sunderland,time_block,1983583,against,16-30,104,6,72,64,70,31,9,32,26,38,6,2,7,2,6,4,0,25,22,17,6,11,55,1,2,2,3,1,2,0,2,1,1,0,1,1,0,1,0,0,0,2,2,3,1,10,4,13,5,0,1,2,1,5,1,8,6,4,3,1,1,15,21.0,82.0,233.0,359.31,1256.0640771710166,993.9300000000001,0.0,0.0,1.0,1.0,3.0,3.0
Sunderland,time_block,1983583,against,31-45,140,9,108,92,105,40,25,43,64,28,5,1,6,1,7,4,1,42,34,38,5,12,70,1,1,1,3,1,1,1,3,0,1,0,1,1,0,1,0,0,0,2,1,5,2,11,5,16,7,1,0,0,7,4,0,4,11,4,0,4,3,18,29.0,119.0,326.0,202.23000000000002,1675.6959903628347,1588.7549999999999,1.0,1.0,0.0,0.0,3.0,3.0
Sunderland,time_block,1983583,against,46-60,79,2,63,51,60,23,20,20,26,25,1,0,1,0,6,1,1,9,7,8,1,4,55,1,0,0,1,1,0,0,1,0,1,0,1,1,0,1,0,0,0,3,2,2,2,9,3,11,5,0,0,0,1,2,0,4,3,4,2,2,1,15,17.0,67.0,159.0,-64.365,877.2153706315819,969.78,0.0,1.0,0.0,0.0,1.0,1.0
Sunderland,time_block,1983583,against,61-75,105,4,76,70,72,34,20,22,49,21,1,0,3,1,6,3,0,24,23,20,10,11,56,2,4,2,4,0,2,2,2,2,0,0,0,0,0,0,0,0,0,1,0,6,3,8,3,14,6,0,0,2,9,6,0,5,15,4,0,3,3,10,18.0,80.0,182.0,195.93,1144.4496948105077,928.935,0.0,1.0,1.0,0.0,0.0,4.0
Sunderland,time_block,1983583,against,76+,123,9,70,57,67,28,17,25,35,22,1,0,2,0,7,3,1,26,25,25,3,7,45,1,3,3,4,2,0,2,4,0,2,0,1,1,0,1,0,0,0,4,0,5,2,18,4,23,6,0,2,3,10,7,1,11,17,9,2,3,2,26,34.0,80.0,207.0,315.42,1029.0447995404222,1677.8999999999999,1.0,1.0,1.0,0.0,6.0,4.0
Sunderland,time_block,1983583,for,0-15,97,4,73,63,71,29,30,14,26,37,3,2,3,2,13,7,1,22,17,16,7,9,57,1,4,3,4,1,1,2,3,1,1,0,1,1,0,1,0,0,0,3,3,8,4,13,6,21,10,0,2,2,0,5,0,8,5,5,0,4,1,15,19.0,77.0,255.0,186.58500000000004,1551.3103710893213,1065.54,1.0,0.0,0.0,0.0,1.0,4.0
Sunderland,time_block,1983583,for,16-30,114,1,85,75,81,37,21,27,21,54,2,0,3,0,7,4,0,17,10,9,6,8,76,1,0,0,0,0,0,0,0,0,0,0,0,0,0,0,0,0,0,5,3,3,2,12,6,15,8,0,2,4,5,5,0,9,10,5,2,1,1,15,19.0,90.0,257.0,248.43,1387.3053918968506,805.4549999999999,0.0,0.0,0.0,0.0,2.0,0.0
Sunderland,time_block,1983583,for,31-45,78,4,51,31,46,28,13,10,13,18,0,0,1,1,16,6,1,22,11,15,3,3,36,1,3,2,3,3,0,0,2,1,2,1,1,1,0,1,0,0,0,0,0,5,3,10,6,15,9,0,2,2,8,5,0,8,13,4,1,3,4,20,29.0,54.0,96.0,-79.065,573.2669313117486,1386.8400000000001,0.0,0.0,0.0,0.0,8.0,3.0
Sunderland,time_block,1983583,for,46-60,112,4,86,82,84,32,30,24,37,45,0,0,0,0,5,4,1,7,5,5,2,10,81,0,2,1,3,1,1,1,2,1,1,0,1,1,0,1,0,0,0,3,2,2,0,10,6,12,6,0,2,2,4,2,0,7,6,5,2,1,2,9,15.0,87.0,270.0,214.82999999999998,1421.347834599375,634.2,2.0,0.0,0.0,0.0,4.0,3.0
Sunderland,time_block,1983583,for,61-75,52,5,33,22,27,21,5,7,9,13,1,0,2,0,8,2,0,7,4,4,3,4,29,1,1,1,3,0,2,1,3,0,0,0,0,0,0,0,0,0,0,0,0,6,3,8,5,14,8,0,2,0,1,5,1,6,6,5,0,3,3,12,23.0,38.0,73.0,180.18,430.01477610097714,1147.86,0.0,0.0,0.0,0.0,5.0,3.0
Sunderland,time_block,1983583,for,76+,111,9,60,43,55,29,10,21,21,22,7,1,8,2,8,4,0,22,17,15,7,11,45,1,3,3,4,2,1,1,4,0,2,0,0,0,0,0,0,0,0,2,2,5,3,17,13,22,16,0,8,4,4,4,1,15,8,9,0,2,3,23,38.0,73.0,176.0,277.62,1066.7373991506659,1933.575,0.0,0.0,2.0,0.0,9.0,4.0
Sunderland,game_state,1983583,against,-2 or worse,81,6,44,35,41,16,10,18,25,10,1,0,2,0,4,2,1,21,21,22,2,3,22,1,1,1,2,1,0,1,2,0,1,0,0,0,0,0,0,0,0,4,0,4,2,18,4,22,6,0,2,2,4,5,1,11,9,9,2,4,2,20,23.0,51.0,128.0,215.98499999999999,650.3330409860743,1086.225,0.0,0.0,1.0,0.0,6.0,2.0
Sunderland,game_state,1983583,against,-1,306,11,226,192,218,96,60,70,114,78,2,0,4,1,21,7,1,53,46,43,15,26,183,3,7,5,8,2,3,3,6,2,2,0,2,2,0,2,0,0,0,4,2,14,8,25,9,39,17,1,1,3,23,13,1,16,36,12,4,7,5,44,64.0,240.0,597.0,321.82500000000005,3273.4371495282617,3097.71,1.0,4.0,1.0,0.0,8.0,8.0
Sunderland,game_state,1983583,against,Level,270,13,205,179,196,75,43,87,79,100,11,3,13,3,15,7,1,60,49,50,9,18,155,2,2,2,6,3,2,1,4,2,2,1,3,2,1,3,0,0,0,8,3,11,4,28,13,39,17,0,3,2,2,8,0,12,10,8,4,3,7,39,55.0,228.0,609.0,596.085,3265.5325645892885,2844.765,1.0,0.0,1.0,1.0,3.0,6.0
Sunderland,game_state,1983583,against,+1,0,0,0,0,0,0,0,0,0,0,0,0,0,0,0,0,0,0,0,0,0,0,0,0,0,0,0,0,0,0,0,0,0,0,0,0,0,0,0,0,0,0,0,0,0,0,0,0,0,0,0,0,0,0,0,0,0,0,0,0,0,0,0.0,0.0,0.0,0.0,0.0,0.0,0.0,0.0,0.0,0.0,0.0,0.0
Sunderland,game_state,1983583,against,+2 or better,0,0,0,0,0,0,0,0,0,0,0,0,0,0,0,0,0,0,0,0,0,0,0,0,0,0,0,0,0,0,0,0,0,0,0,0,0,0,0,0,0,0,0,0,0,0,0,0,0,0,0,0,0,0,0,0,0,0,0,0,0,0,0.0,0.0,0.0,0.0,0.0,0.0,0.0,0.0,0.0,0.0,0.0,0.0
Sunderland,game_state,1983583,for,-2 or worse,91,11,51,37,46,24,10,17,15,22,4,1,5,2,9,5,1,19,13,12,6,8,39,1,3,3,5,2,1,2,5,0,2,0,1,1,0,1,0,0,0,3,2,4,2,18,13,22,15,0,7,2,2,3,1,12,5,8,0,2,4,18,30.0,60.0,139.0,169.36499999999998,927.0825209518405,1607.655,0.0,0.0,2.0,0.0,8.0,5.0
Sunderland,game_state,1983583,for,-1,257,13,186,147,174,88,52,46,75,72,4,0,7,1,27,9,2,44,27,32,9,23,154,3,8,5,10,5,3,2,7,3,4,1,2,2,0,2,0,0,0,4,4,14,6,24,16,38,22,0,5,4,7,11,1,17,18,12,2,5,7,48,75.0,200.0,500.0,426.72,2761.214875240208,3785.46,2.0,0.0,0.0,0.0,13.0,10.0
Sunderland,game_state,1983583,for,Level,216,3,151,132,144,64,47,40,37,95,5,2,5,2,21,13,0,34,24,20,13,14,131,1,2,2,2,0,1,1,2,0,0,0,0,0,0,0,0,0,0,6,4,11,7,28,13,39,20,0,6,8,13,12,0,24,25,13,3,7,3,28,38.0,159.0,488.0,432.495,2741.6853079568896,1580.355,1.0,0.0,0.0,0.0,8.0,2.0
Sunderland,game_state,1983583,for,+1,0,0,0,0,0,0,0,0,0,0,0,0,0,0,0,0,0,0,0,0,0,0,0,0,0,0,0,0,0,0,0,0,0,0,0,0,0,0,0,0,0,0,0,0,0,0,0,0,0,0,0,0,0,0,0,0,0,0,0,0,0,0,0.0,0.0,0.0,0.0,0.0,0.0,0.0,0.0,0.0,0.0,0.0,0.0
Sunderland,game_state,1983583,for,+2 or better,0,0,0,0,0,0,0,0,0,0,0,0,0,0,0,0,0,0,0,0,0,0,0,0,0,0,0,0,0,0,0,0,0,0,0,0,0,0,0,0,0,0,0,0,0,0,0,0,0,0,0,0,0,0,0,0,0,0,0,0,0,0,0.0,0.0,0.0,0.0,0.0,0.0,0.0,0.0,0.0,0.0,0.0,0.0
Sunderland,total,1983583,against,Season,657,30,475,406,455,187,113,175,218,188,14,3,19,4,40,16,3,134,116,115,26,47,360,6,10,8,16,6,5,5,12,4,5,1,5,4,1,5,0,0,0,16,5,29,14,71,26,100,40,1,6,7,29,26,2,39,55,29,10,14,14,103,142.0,519.0,1334.0,1133.895,7189.302755103624,7028.7,2.0,4.0,3.0,1.0,17.0,16.0
Sunderland,total,1983583,for,Season,564,27,388,316,364,176,109,103,127,189,13,3,17,5,57,27,3,97,64,64,28,45,324,5,13,10,17,7,5,5,14,3,6,1,3,3,0,3,0,0,0,13,10,29,15,70,42,99,57,0,18,14,22,26,2,53,48,33,5,14,14,94,143.0,419.0,1127.0,1028.58,6429.982704148938,6973.47,3.0,0.0,2.0,0.0,29.0,17.0
Man City,time_block,1983583,against,0-15,97,4,73,63,71,29,30,14,26,37,3,2,3,2,13,7,1,22,17,16,7,9,57,1,4,3,4,1,1,2,3,1,1,0,1,1,0,1,0,0,0,3,3,8,4,13,6,21,10,0,2,2,0,5,0,8,5,5,0,4,1,15,19.0,77.0,255.0,186.58500000000004,1551.3103710893213,1065.54,1.0,0.0,0.0,0.0,1.0,4.0
Man City,time_block,1983583,against,16-30,114,1,85,75,81,37,21,27,21,54,2,0,3,0,7,4,0,17,10,9,6,8,76,1,0,0,0,0,0,0,0,0,0,0,0,0,0,0,0,0,0,5,3,3,2,12,6,15,8,0,2,4,5,5,0,9,10,5,2,1,1,15,19.0,90.0,257.0,248.43,1387.3053918968506,805.4549999999999,0.0,0.0,0.0,0.0,2.0,0.0
Man City,time_block,1983583,against,31-45,78,4,51,31,46,28,13,10,13,18,0,0,1,1,16,6,1,22,11,15,3,3,36,1,3,2,3,3,0,0,2,1,2,1,1,1,0,1,0,0,0,0,0,5,3,10,6,15,9,0,2,2,8,5,0,8,13,4,1,3,4,20,29.0,54.0,96.0,-79.065,573.2669313117486,1386.8400000000001,0.0,0.0,0.0,0.0,8.0,3.0
Man City,time_block,1983583,against,46-60,112,4,86,82,84,32,30,24,37,45,0,0,0,0,5,4,1,7,5,5,2,10,81,0,2,1,3,1,1,1,2,1,1,0,1,1,0,1,0,0,0,3,2,2,0,10,6,12,6,0,2,2,4,2,0,7,6,5,2,1,2,9,15.0,87.0,270.0,214.82999999999998,1421.347834599375,634.2,2.0,0.0,0.0,0.0,4.0,3.0
Man City,time_block,1983583,against,61-75,52,5,33,22,27,21,5,7,9,13,1,0,2,0,8,2,0,7,4,4,3,4,29,1,1,1,3,0,2,1,3,0,0,0,0,0,0,0,0,0,0,0,0,6,3,8,5,14,8,0,2,0,1,5,1,6,6,5,0,3,3,12,23.0,38.0,73.0,180.18,430.01477610097714,1147.86,0.0,0.0,0.0,0.0,5.0,3.0
Man City,time_block,1983583,against,76+,111,9,60,43,55,29,10,21,21,22,7,1,8,2,8,4,0,22,17,15,7,11,45,1,3,3,4,2,1,1,4,0,2,0,0,0,0,0,0,0,0,2,2,5,3,17,13,22,16,0,8,4,4,4,1,15,8,9,0,2,3,23,38.0,73.0,176.0,277.62,1066.7373991506659,1933.575,0.0,0.0,2.0,0.0,9.0,4.0
Man City,time_block,1983583,for,0-15,106,0,86,72,81,31,22,33,18,54,0,0,0,0,8,1,0,8,5,7,1,2,79,0,0,0,1,1,0,0,0,1,0,1,1,0,1,1,0,0,0,4,0,8,4,15,7,23,11,0,3,0,1,2,0,7,3,4,3,1,4,19,23.0,91.0,227.0,125.36999999999999,1206.832822587261,869.4,0.0,0.0,0.0,0.0,4.0,1.0
Man City,time_block,1983583,for,16-30,104,6,72,64,70,31,9,32,26,38,6,2,7,2,6,4,0,25,22,17,6,11,55,1,2,2,3,1,2,0,2,1,1,0,1,1,0,1,0,0,0,2,2,3,1,10,4,13,5,0,1,2,1,5,1,8,6,4,3,1,1,15,21.0,82.0,233.0,359.31,1256.0640771710166,993.9300000000001,0.0,0.0,1.0,1.0,3.0,3.0
Man City,time_block,1983583,for,31-45,140,9,108,92,105,40,25,43,64,28,5,1,6,1,7,4,1,42,34,38,5,12,70,1,1,1,3,1,1,1,3,0,1,0,1,1,0,1,0,0,0,2,1,5,2,11,5,16,7,1,0,0,7,4,0,4,11,4,0,4,3,18,29.0,119.0,326.0,202.23000000000002,1675.6959903628347,1588.7549999999999,1.0,1.0,0.0,0.0,3.0,3.0
Man City,time_block,1983583,for,46-60,79,2,63,51,60,23,20,20,26,25,1,0,1,0,6,1,1,9,7,8,1,4,55,1,0,0,1,1,0,0,1,0,1,0,1,1,0,1,0,0,0,3,2,2,2,9,3,11,5,0,0,0,1,2,0,4,3,4,2,2,1,15,17.0,67.0,159.0,-64.365,877.2153706315819,969.78,0.0,1.0,0.0,0.0,1.0,1.0
Man City,time_block,1983583,for,61-75,105,4,76,70,72,34,20,22,49,21,1,0,3,1,6,3,0,24,23,20,10,11,56,2,4,2,4,0,2,2,2,2,0,0,0,0,0,0,0,0,0,1,0,6,3,8,3,14,6,0,0,2,9,6,0,5,15,4,0,3,3,10,18.0,80.0,182.0,195.93,1144.4496948105077,928.935,0.0,1.0,1.0,0.0,0.0,4.0
Man City,time_block,1983583,for,76+,123,9,70,57,67,28,17,25,35,22,1,0,2,0,7,3,1,26,25,25,3,7,45,1,3,3,4,2,0,2,4,0,2,0,1,1,0,1,0,0,0,4,0,5,2,18,4,23,6,0,2,3,10,7,1,11,17,9,2,3,2,26,34.0,80.0,207.0,315.42,1029.0447995404222,1677.8999999999999,1.0,1.0,1.0,0.0,6.0,4.0
Man City,game_state,1983583,against,-2 or worse,0,0,0,0,0,0,0,0,0,0,0,0,0,0,0,0,0,0,0,0,0,0,0,0,0,0,0,0,0,0,0,0,0,0,0,0,0,0,0,0,0,0,0,0,0,0,0,0,0,0,0,0,0,0,0,0,0,0,0,0,0,0,0.0,0.0,0.0,0.0,0.0,0.0,0.0,0.0,0.0,0.0,0.0,0.0
Man City,game_state,1983583,against,-1,0,0,0,0,0,0,0,0,0,0,0,0,0,0,0,0,0,0,0,0,0,0,0,0,0,0,0,0,0,0,0,0,0,0,0,0,0,0,0,0,0,0,0,0,0,0,0,0,0,0,0,0,0,0,0,0,0,0,0,0,0,0,0.0,0.0,0.0,0.0,0.0,0.0,0.0,0.0,0.0,0.0,0.0,0.0
Man City,game_state,1983583,against,Level,216,3,151,132,144,64,47,40,37,95,5,2,5,2,21,13,0,34,24,20,13,14,131,1,2,2,2,0,1,1,2,0,0,0,0,0,0,0,0,0,0,6,4,11,7,28,13,39,20,0,6,8,13,12,0,24,25,13,3,7,3,28,38.0,159.0,488.0,432.495,2741.6853079568896,1580.355,1.0,0.0,0.0,0.0,8.0,2.0
Man City,game_state,1983583,against,+1,257,13,186,147,174,88,52,46,75,72,4,0,7,1,27,9,2,44,27,32,9,23,154,3,8,5,10,5,3,2,7,3,4,1,2,2,0,2,0,0,0,4,4,14,6,24,16,38,22,0,5,4,7,11,1,17,18,12,2,5,7,48,75.0,200.0,500.0,426.72,2761.214875240208,3785.46,2.0,0.0,0.0,0.0,13.0,10.0
Man City,game_state,1983583,against,+2 or better,91,11,51,37,46,24,10,17,15,22,4,1,5,2,9,5,1,19,13,12,6,8,39,1,3,3,5,2,1,2,5,0,2,0,1,1,0,1,0,0,0,3,2,4,2,18,13,22,15,0,7,2,2,3,1,12,5,8,0,2,4,18,30.0,60.0,139.0,169.36499999999998,927.0825209518405,1607.655,0.0,0.0,2.0,0.0,8.0,5.0
Man City,game_state,1983583,for,-2 or worse,0,0,0,0,0,0,0,0,0,0,0,0,0,0,0,0,0,0,0,0,0,0,0,0,0,0,0,0,0,0,0,0,0,0,0,0,0,0,0,0,0,0,0,0,0,0,0,0,0,0,0,0,0,0,0,0,0,0,0,0,0,0,0.0,0.0,0.0,0.0,0.0,0.0,0.0,0.0,0.0,0.0,0.0,0.0
Man City,game_state,1983583,for,-1,0,0,0,0,0,0,0,0,0,0,0,0,0,0,0,0,0,0,0,0,0,0,0,0,0,0,0,0,0,0,0,0,0,0,0,0,0,0,0,0,0,0,0,0,0,0,0,0,0,0,0,0,0,0,0,0,0,0,0,0,0,0,0.0,0.0,0.0,0.0,0.0,0.0,0.0,0.0,0.0,0.0,0.0,0.0
Man City,game_state,1983583,for,Level,270,13,205,179,196,75,43,87,79,100,11,3,13,3,15,7,1,60,49,50,9,18,155,2,2,2,6,3,2,1,4,2,2,1,3,2,1,3,0,0,0,8,3,11,4,28,13,39,17,0,3,2,2,8,0,12,10,8,4,3,7,39,55.0,228.0,609.0,596.085,3265.5325645892885,2844.765,1.0,0.0,1.0,1.0,3.0,6.0
Man City,game_state,1983583,for,+1,306,11,226,192,218,96,60,70,114,78,2,0,4,1,21,7,1,53,46,43,15,26,183,3,7,5,8,2,3,3,6,2,2,0,2,2,0,2,0,0,0,4,2,14,8,25,9,39,17,1,1,3,23,13,1,16,36,12,4,7,5,44,64.0,240.0,597.0,321.82500000000005,3273.4371495282617,3097.71,1.0,4.0,1.0,0.0,8.0,8.0
Man City,game_state,1983583,for,+2 or better,81,6,44,35,41,16,10,18,25,10,1,0,2,0,4,2,1,21,21,22,2,3,22,1,1,1,2,1,0,1,2,0,1,0,0,0,0,0,0,0,0,4,0,4,2,18,4,22,6,0,2,2,4,5,1,11,9,9,2,4,2,20,23.0,51.0,128.0,215.98499999999999,650.3330409860743,1086.225,0.0,0.0,1.0,0.0,6.0,2.0
Man City,total,1983583,against,Season,564,27,388,316,364,176,109,103,127,189,13,3,17,5,57,27,3,97,64,64,28,45,324,5,13,10,17,7,5,5,14,3,6,1,3,3,0,3,0,0,0,13,10,29,15,70,42,99,57,0,18,14,22,26,2,53,48,33,5,14,14,94,143.0,419.0,1127.0,1028.58,6429.982704148938,6973.47,3.0,0.0,2.0,0.0,29.0,17.0
Man City,total,1983583,for,Season,657,30,475,406,455,187,113,175,218,188,14,3,19,4,40,16,3,134,116,115,26,47,360,6,10,8,16,6,5,5,12,4,5,1,5,4,1,5,0,0,0,16,5,29,14,71,26,100,40,1,6,7,29,26,2,39,55,29,10,14,14,103,142.0,519.0,1334.0,1133.895,7189.302755103624,7028.7,2.0,4.0,3.0,1.0,17.0,16.0
Bournemouth,time_block,1983584,against,0-15,111,2,79,64,77,35,24,20,12,52,0,0,0,0,15,6,0,8,4,4,2,4,75,0,1,1,1,0,0,1,1,0,0,0,0,0,0,0,0,0,0,4,3,6,3,10,5,16,8,0,2,1,3,10,2,9,13,6,1,3,0,22,26.0,87.0,274.0,177.135,1528.107705914404,848.505,0.0,1.0,1.0,0.0,7.0,1.0
Bournemouth,time_block,1983584,against,16-30,102,1,76,65,72,29,18,29,25,40,1,0,3,0,9,5,0,15,11,13,3,8,63,2,0,0,0,0,0,0,0,0,0,0,0,0,0,0,0,0,0,4,1,6,4,11,3,17,7,0,0,1,2,4,2,6,6,3,1,2,2,18,21.0,80.0,235.0,308.175,1373.5005042758833,877.8,1.0,0.0,0.0,0.0,5.0,0.0
Bournemouth,time_block,1983584,against,31-45,124,5,86,69,83,38,24,24,18,51,2,0,2,0,15,9,0,12,9,12,4,8,74,0,2,0,2,1,0,1,1,1,1,0,1,1,0,1,1,1,0,4,2,9,4,15,6,24,10,0,2,1,5,14,2,10,19,9,3,2,2,23,33.0,93.0,287.0,198.76500000000004,1521.780394283512,1348.935,1.0,0.0,2.0,0.0,10.0,3.0
Bournemouth,time_block,1983584,against,46-60,89,3,66,61,61,31,16,19,23,38,1,1,2,1,5,1,0,16,13,11,5,5,55,1,2,1,2,0,2,0,1,1,0,0,0,0,0,0,0,0,0,4,4,4,1,9,8,13,9,0,0,0,2,3,0,1,5,1,0,1,4,7,16.0,73.0,198.0,215.66999999999996,1273.1275887881513,630.63,0.0,0.0,0.0,0.0,1.0,2.0
Bournemouth,time_block,1983584,against,61-75,94,4,72,51,67,37,17,18,20,31,1,0,1,0,10,1,0,21,11,13,5,9,59,1,0,0,0,0,0,0,0,0,0,0,0,0,0,0,0,0,0,3,1,9,4,16,4,25,8,0,0,1,0,10,4,14,10,11,3,6,3,25,29.0,75.0,183.0,108.885,1059.3992824461732,1502.655,0.0,0.0,1.0,0.0,6.0,0.0
Bournemouth,time_block,1983584,against,76+,115,5,80,67,74,36,21,23,19,48,3,1,3,1,9,4,0,20,16,18,4,8,62,0,1,1,3,1,2,0,2,1,1,0,1,1,0,1,0,0,0,5,2,7,4,18,9,25,13,0,1,2,3,7,4,13,10,9,1,5,6,19,27.0,85.0,212.0,198.02999999999997,1395.6526879062005,1221.15,0.0,0.0,1.0,0.0,6.0,3.0
Bournemouth,time_block,1983584,for,0-15,100,6,71,55,68,35,18,18,25,30,2,1,2,1,12,5,0,19,12,10,10,7,61,0,3,3,6,4,1,1,4,2,3,1,1,1,0,1,0,0,0,3,1,6,3,11,5,17,8,0,1,2,2,13,0,6,15,5,3,0,3,22,29.0,77.0,204.0,285.91499999999996,1214.1256423610216,1528.38,0.0,0.0,2.0,1.0,4.0,6.0
Bournemouth,time_block,1983584,for,16-30,69,6,42,33,39,24,6,12,24,9,3,0,3,0,6,3,0,14,8,6,6,7,36,0,1,1,4,1,0,3,2,2,1,0,0,0,0,0,0,0,0,1,1,6,2,10,7,16,9,0,4,1,1,8,2,10,9,5,1,2,2,10,23.0,46.0,152.0,415.275,824.1801358670434,1021.545,0.0,3.0,1.0,1.0,4.0,4.0
Bournemouth,time_block,1983584,for,31-45,117,5,79,63,76,35,23,21,25,38,2,0,3,0,7,2,0,23,14,15,6,11,64,2,2,0,3,0,2,1,1,2,0,0,1,1,0,0,0,0,0,3,3,9,5,15,9,24,14,0,4,2,4,12,1,11,16,7,2,2,2,23,32.0,84.0,269.0,326.025,1350.6343973254598,1707.72,0.0,2.0,3.0,0.0,3.0,3.0
Bournemouth,time_block,1983584,for,46-60,63,1,51,45,46,21,18,12,19,26,3,0,3,0,8,4,0,14,11,9,6,6,42,1,1,0,1,0,1,0,1,0,0,0,0,0,0,0,0,0,0,0,0,4,3,9,1,13,4,0,0,1,3,3,0,9,6,6,4,4,1,7,11.0,56.0,137.0,218.08499999999995,1039.8343917783095,446.77500000000003,0.0,0.0,0.0,0.0,2.0,1.0
Bournemouth,time_block,1983584,for,61-75,91,2,55,39,47,26,14,15,17,22,0,0,0,0,8,4,0,17,11,13,4,6,42,0,1,0,1,0,0,1,0,1,0,0,0,0,0,0,0,0,0,6,3,9,5,18,11,27,16,0,2,2,7,7,2,10,14,7,1,3,6,22,27.0,58.0,132.0,216.40500000000003,814.3849268714098,1093.05,0.0,1.0,0.0,0.0,7.0,1.0
Bournemouth,time_block,1983584,for,76+,64,3,37,21,32,17,10,10,11,10,0,0,1,1,6,0,0,12,4,7,2,1,30,0,1,1,2,0,1,1,1,1,0,0,0,0,0,0,0,0,0,2,1,7,3,17,7,24,10,0,1,0,5,3,2,11,8,10,2,6,5,19,27.0,44.0,75.0,59.954999999999984,425.88603152334963,1359.54,0.0,0.0,1.0,0.0,4.0,2.0
Bournemouth,game_state,1983584,against,-2 or worse,0,0,0,0,0,0,0,0,0,0,0,0,0,0,0,0,0,0,0,0,0,0,0,0,0,0,0,0,0,0,0,0,0,0,0,0,0,0,0,0,0,0,0,0,0,0,0,0,0,0,0,0,0,0,0,0,0,0,0,0,0,0,0.0,0.0,0.0,0.0,0.0,0.0,0.0,0.0,0.0,0.0,0.0,0.0
Bournemouth,game_state,1983584,against,-1,0,0,0,0,0,0,0,0,0,0,0,0,0,0,0,0,0,0,0,0,0,0,0,0,0,0,0,0,0,0,0,0,0,0,0,0,0,0,0,0,0,0,0,0,0,0,0,0,0,0,0,0,0,0,0,0,0,0,0,0,0,0,0.0,0.0,0.0,0.0,0.0,0.0,0.0,0.0,0.0,0.0,0.0,0.0
Bournemouth,game_state,1983584,against,Level,79,2,46,34,44,24,9,13,5,29,0,0,0,0,11,5,0,11,6,6,3,4,40,0,1,1,2,0,1,1,1,1,0,0,0,0,0,0,0,0,0,5,2,4,3,13,4,17,7,0,0,2,3,12,5,13,15,10,1,5,2,20,25.0,48.0,139.0,273.10499999999996,894.957497208184,1049.37,0.0,1.0,2.0,0.0,5.0,2.0
Bournemouth,game_state,1983584,against,+1,548,17,406,336,383,180,108,118,111,225,8,2,11,2,51,20,0,80,57,65,19,37,341,4,4,2,5,1,3,1,3,2,1,0,1,1,0,1,1,1,0,19,11,37,17,66,31,103,48,0,5,4,12,36,9,40,48,29,8,14,15,94,126.0,438.0,1224.0,896.175,7101.55706948236,5327.49,2.0,0.0,3.0,0.0,30.0,6.0
Bournemouth,game_state,1983584,against,+2 or better,8,1,7,7,7,2,3,2,1,6,0,0,0,0,1,1,0,1,1,0,1,1,7,0,1,0,1,1,0,0,1,0,1,0,1,1,0,1,0,0,0,0,0,0,0,0,0,0,0,0,0,0,0,0,0,0,0,0,0,0,0,0,1.0,7.0,26.0,37.38000000000001,155.05359692378033,52.815,0.0,0.0,0.0,0.0,0.0,1.0
Bournemouth,game_state,1983584,for,-2 or worse,0,0,0,0,0,0,0,0,0,0,0,0,0,0,0,0,0,0,0,0,0,0,0,0,0,0,0,0,0,0,0,0,0,0,0,0,0,0,0,0,0,0,0,0,0,0,0,0,0,0,0,0,0,0,0,0,0,0,0,0,0,0,0.0,0.0,0.0,0.0,0.0,0.0,0.0,0.0,0.0,0.0,0.0,0.0
Bournemouth,game_state,1983584,for,-1,0,0,0,0,0,0,0,0,0,0,0,0,0,0,0,0,0,0,0,0,0,0,0,0,0,0,0,0,0,0,0,0,0,0,0,0,0,0,0,0,0,0,0,0,0,0,0,0,0,0,0,0,0,0,0,0,0,0,0,0,0,0,0.0,0.0,0.0,0.0,0.0,0.0,0.0,0.0,0.0,0.0,0.0,0.0
Bournemouth,game_state,1983584,for,Level,106,5,78,56,73,36,21,21,25,31,1,0,2,1,12,3,0,19,11,13,8,5,65,0,1,1,4,2,0,2,2,2,1,1,1,1,0,1,0,0,0,2,1,4,1,13,8,17,9,0,2,1,3,10,0,7,13,5,2,2,5,26,33.0,85.0,187.0,148.05,1168.477412994564,1645.14,0.0,0.0,2.0,0.0,6.0,4.0
Bournemouth,game_state,1983584,for,+1,398,18,257,200,235,122,68,67,96,104,9,1,10,1,35,15,0,80,49,47,26,33,210,3,8,4,13,3,5,5,7,6,3,0,1,1,0,0,0,0,0,13,8,37,20,67,32,104,52,0,10,7,19,36,7,50,55,35,11,15,14,77,116.0,280.0,782.0,1373.61,4500.5681127320295,5511.87,0.0,6.0,5.0,2.0,18.0,13.0
Bournemouth,game_state,1983584,for,+2 or better,0,0,0,0,0,0,0,0,0,0,0,0,0,0,0,0,0,0,0,0,0,0,0,0,0,0,0,0,0,0,0,0,0,0,0,0,0,0,0,0,0,0,0,0,0,0,0,0,0,0,0,0,0,0,0,0,0,0,0,0,0,0,0.0,0.0,0.0,0.0,0.0,0.0,0.0,0.0,0.0,0.0,0.0,0.0
Bournemouth,total,1983584,against,Season,635,20,459,377,434,206,120,133,117,260,8,2,11,2,63,26,0,92,64,71,23,42,388,4,6,3,8,2,4,2,5,3,2,0,2,2,0,2,1,1,0,24,13,41,20,79,35,120,55,0,5,6,15,48,14,53,63,39,9,19,17,114,152.0,493.0,1389.0,1206.6599999999999,8151.5681636143245,6429.675,2.0,1.0,5.0,0.0,35.0,9.0
Bournemouth,total,1983584,for,Season,504,23,335,256,308,158,89,88,121,135,10,1,12,2,47,18,0,99,60,60,34,38,275,3,9,5,17,5,5,7,9,8,4,1,2,2,0,1,0,0,0,15,9,41,21,80,40,121,61,0,12,8,22,46,7,57,68,40,13,17,19,103,149.0,365.0,969.0,1521.6599999999999,5669.045525726594,7157.01,0.0,6.0,7.0,2.0,24.0,17.0
Newcastle,time_block,1983584,against,0-15,100,6,71,55,68,35,18,18,25,30,2,1,2,1,12,5,0,19,12,10,10,7,61,0,3,3,6,4,1,1,4,2,3,1,1,1,0,1,0,0,0,3,1,6,3,11,5,17,8,0,1,2,2,13,0,6,15,5,3,0,3,22,29.0,77.0,204.0,285.91499999999996,1214.1256423610216,1528.38,0.0,0.0,2.0,1.0,4.0,6.0
Newcastle,time_block,1983584,against,16-30,69,6,42,33,39,24,6,12,24,9,3,0,3,0,6,3,0,14,8,6,6,7,36,0,1,1,4,1,0,3,2,2,1,0,0,0,0,0,0,0,0,1,1,6,2,10,7,16,9,0,4,1,1,8,2,10,9,5,1,2,2,10,23.0,46.0,152.0,415.275,824.1801358670434,1021.545,0.0,3.0,1.0,1.0,4.0,4.0
Newcastle,time_block,1983584,against,31-45,117,5,79,63,76,35,23,21,25,38,2,0,3,0,7,2,0,23,14,15,6,11,64,2,2,0,3,0,2,1,1,2,0,0,1,1,0,0,0,0,0,3,3,9,5,15,9,24,14,0,4,2,4,12,1,11,16,7,2,2,2,23,32.0,84.0,269.0,326.025,1350.6343973254598,1707.72,0.0,2.0,3.0,0.0,3.0,3.0
Newcastle,time_block,1983584,against,46-60,63,1,51,45,46,21,18,12,19,26,3,0,3,0,8,4,0,14,11,9,6,6,42,1,1,0,1,0,1,0,1,0,0,0,0,0,0,0,0,0,0,0,0,4,3,9,1,13,4,0,0,1,3,3,0,9,6,6,4,4,1,7,11.0,56.0,137.0,218.08499999999995,1039.8343917783095,446.77500000000003,0.0,0.0,0.0,0.0,2.0,1.0
Newcastle,time_block,1983584,against,61-75,91,2,55,39,47,26,14,15,17,22,0,0,0,0,8,4,0,17,11,13,4,6,42,0,1,0,1,0,0,1,0,1,0,0,0,0,0,0,0,0,0,6,3,9,5,18,11,27,16,0,2,2,7,7,2,10,14,7,1,3,6,22,27.0,58.0,132.0,216.40500000000003,814.3849268714098,1093.05,0.0,1.0,0.0,0.0,7.0,1.0
Newcastle,time_block,1983584,against,76+,64,3,37,21,32,17,10,10,11,10,0,0,1,1,6,0,0,12,4,7,2,1,30,0,1,1,2,0,1,1,1,1,0,0,0,0,0,0,0,0,0,2,1,7,3,17,7,24,10,0,1,0,5,3,2,11,8,10,2,6,5,19,27.0,44.0,75.0,59.954999999999984,425.88603152334963,1359.54,0.0,0.0,1.0,0.0,4.0,2.0
Newcastle,time_block,1983584,for,0-15,111,2,79,64,77,35,24,20,12,52,0,0,0,0,15,6,0,8,4,4,2,4,75,0,1,1,1,0,0,1,1,0,0,0,0,0,0,0,0,0,0,4,3,6,3,10,5,16,8,0,2,1,3,10,2,9,13,6,1,3,0,22,26.0,87.0,274.0,177.135,1528.107705914404,848.505,0.0,1.0,1.0,0.0,7.0,1.0
Newcastle,time_block,1983584,for,16-30,102,1,76,65,72,29,18,29,25,40,1,0,3,0,9,5,0,15,11,13,3,8,63,2,0,0,0,0,0,0,0,0,0,0,0,0,0,0,0,0,0,4,1,6,4,11,3,17,7,0,0,1,2,4,2,6,6,3,1,2,2,18,21.0,80.0,235.0,308.175,1373.5005042758833,877.8,1.0,0.0,0.0,0.0,5.0,0.0
Newcastle,time_block,1983584,for,31-45,124,5,86,69,83,38,24,24,18,51,2,0,2,0,15,9,0,12,9,12,4,8,74,0,2,0,2,1,0,1,1,1,1,0,1,1,0,1,1,1,0,4,2,9,4,15,6,24,10,0,2,1,5,14,2,10,19,9,3,2,2,23,33.0,93.0,287.0,198.76500000000004,1521.780394283512,1348.935,1.0,0.0,2.0,0.0,10.0,3.0
Newcastle,time_block,1983584,for,46-60,89,3,66,61,61,31,16,19,23,38,1,1,2,1,5,1,0,16,13,11,5,5,55,1,2,1,2,0,2,0,1,1,0,0,0,0,0,0,0,0,0,4,4,4,1,9,8,13,9,0,0,0,2,3,0,1,5,1,0,1,4,7,16.0,73.0,198.0,215.66999999999996,1273.1275887881513,630.63,0.0,0.0,0.0,0.0,1.0,2.0
Newcastle,time_block,1983584,for,61-75,94,4,72,51,67,37,17,18,20,31,1,0,1,0,10,1,0,21,11,13,5,9,59,1,0,0,0,0,0,0,0,0,0,0,0,0,0,0,0,0,0,3,1,9,4,16,4,25,8,0,0,1,0,10,4,14,10,11,3,6,3,25,29.0,75.0,183.0,108.885,1059.3992824461732,1502.655,0.0,0.0,1.0,0.0,6.0,0.0
Newcastle,time_block,1983584,for,76+,115,5,80,67,74,36,21,23,19,48,3,1,3,1,9,4,0,20,16,18,4,8,62,0,1,1,3,1,2,0,2,1,1,0,1,1,0,1,0,0,0,5,2,7,4,18,9,25,13,0,1,2,3,7,4,13,10,9,1,5,6,19,27.0,85.0,212.0,198.02999999999997,1395.6526879062005,1221.15,0.0,0.0,1.0,0.0,6.0,3.0
Newcastle,game_state,1983584,against,-2 or worse,0,0,0,0,0,0,0,0,0,0,0,0,0,0,0,0,0,0,0,0,0,0,0,0,0,0,0,0,0,0,0,0,0,0,0,0,0,0,0,0,0,0,0,0,0,0,0,0,0,0,0,0,0,0,0,0,0,0,0,0,0,0,0.0,0.0,0.0,0.0,0.0,0.0,0.0,0.0,0.0,0.0,0.0,0.0
Newcastle,game_state,1983584,against,-1,398,18,257,200,235,122,68,67,96,104,9,1,10,1,35,15,0,80,49,47,26,33,210,3,8,4,13,3,5,5,7,6,3,0,1,1,0,0,0,0,0,13,8,37,20,67,32,104,52,0,10,7,19,36,7,50,55,35,11,15,14,77,116.0,280.0,782.0,1373.61,4500.5681127320295,5511.87,0.0,6.0,5.0,2.0,18.0,13.0
Newcastle,game_state,1983584,against,Level,106,5,78,56,73,36,21,21,25,31,1,0,2,1,12,3,0,19,11,13,8,5,65,0,1,1,4,2,0,2,2,2,1,1,1,1,0,1,0,0,0,2,1,4,1,13,8,17,9,0,2,1,3,10,0,7,13,5,2,2,5,26,33.0,85.0,187.0,148.05,1168.477412994564,1645.14,0.0,0.0,2.0,0.0,6.0,4.0
Newcastle,game_state,1983584,against,+1,0,0,0,0,0,0,0,0,0,0,0,0,0,0,0,0,0,0,0,0,0,0,0,0,0,0,0,0,0,0,0,0,0,0,0,0,0,0,0,0,0,0,0,0,0,0,0,0,0,0,0,0,0,0,0,0,0,0,0,0,0,0,0.0,0.0,0.0,0.0,0.0,0.0,0.0,0.0,0.0,0.0,0.0,0.0
Newcastle,game_state,1983584,against,+2 or better,0,0,0,0,0,0,0,0,0,0,0,0,0,0,0,0,0,0,0,0,0,0,0,0,0,0,0,0,0,0,0,0,0,0,0,0,0,0,0,0,0,0,0,0,0,0,0,0,0,0,0,0,0,0,0,0,0,0,0,0,0,0,0.0,0.0,0.0,0.0,0.0,0.0,0.0,0.0,0.0,0.0,0.0,0.0
Newcastle,game_state,1983584,for,-2 or worse,8,1,7,7,7,2,3,2,1,6,0,0,0,0,1,1,0,1,1,0,1,1,7,0,1,0,1,1,0,0,1,0,1,0,1,1,0,1,0,0,0,0,0,0,0,0,0,0,0,0,0,0,0,0,0,0,0,0,0,0,0,0,1.0,7.0,26.0,37.38000000000001,155.05359692378033,52.815,0.0,0.0,0.0,0.0,0.0,1.0
Newcastle,game_state,1983584,for,-1,548,17,406,336,383,180,108,118,111,225,8,2,11,2,51,20,0,80,57,65,19,37,341,4,4,2,5,1,3,1,3,2,1,0,1,1,0,1,1,1,0,19,11,37,17,66,31,103,48,0,5,4,12,36,9,40,48,29,8,14,15,94,126.0,438.0,1224.0,896.175,7101.55706948236,5327.49,2.0,0.0,3.0,0.0,30.0,6.0
Newcastle,game_state,1983584,for,Level,79,2,46,34,44,24,9,13,5,29,0,0,0,0,11,5,0,11,6,6,3,4,40,0,1,1,2,0,1,1,1,1,0,0,0,0,0,0,0,0,0,5,2,4,3,13,4,17,7,0,0,2,3,12,5,13,15,10,1,5,2,20,25.0,48.0,139.0,273.10499999999996,894.957497208184,1049.37,0.0,1.0,2.0,0.0,5.0,2.0
Newcastle,game_state,1983584,for,+1,0,0,0,0,0,0,0,0,0,0,0,0,0,0,0,0,0,0,0,0,0,0,0,0,0,0,0,0,0,0,0,0,0,0,0,0,0,0,0,0,0,0,0,0,0,0,0,0,0,0,0,0,0,0,0,0,0,0,0,0,0,0,0.0,0.0,0.0,0.0,0.0,0.0,0.0,0.0,0.0,0.0,0.0,0.0
Newcastle,game_state,1983584,for,+2 or better,0,0,0,0,0,0,0,0,0,0,0,0,0,0,0,0,0,0,0,0,0,0,0,0,0,0,0,0,0,0,0,0,0,0,0,0,0,0,0,0,0,0,0,0,0,0,0,0,0,0,0,0,0,0,0,0,0,0,0,0,0,0,0.0,0.0,0.0,0.0,0.0,0.0,0.0,0.0,0.0,0.0,0.0,0.0
Newcastle,total,1983584,against,Season,504,23,335,256,308,158,89,88,121,135,10,1,12,2,47,18,0,99,60,60,34,38,275,3,9,5,17,5,5,7,9,8,4,1,2,2,0,1,0,0,0,15,9,41,21,80,40,121,61,0,12,8,22,46,7,57,68,40,13,17,19,103,149.0,365.0,969.0,1521.6599999999999,5669.045525726594,7157.01,0.0,6.0,7.0,2.0,24.0,17.0
Newcastle,total,1983584,for,Season,635,20,459,377,434,206,120,133,117,260,8,2,11,2,63,26,0,92,64,71,23,42,388,4,6,3,8,2,4,2,5,3,2,0,2,2,0,2,1,1,0,24,13,41,20,79,35,120,55,0,5,6,15,48,14,53,63,39,9,19,17,114,152.0,493.0,1389.0,1206.6599999999999,8151.5681636143245,6429.675,2.0,1.0,5.0,0.0,35.0,9.0
Newcastle,time_block,1983585,against,0-15,76,2,46,34,44,23,11,12,16,18,2,0,2,0,6,1,0,13,5,3,3,3,43,0,0,0,1,1,0,0,1,0,1,0,0,0,0,0,0,0,0,4,1,3,2,12,5,15,7,0,4,2,2,6,0,8,8,6,1,1,0,21,27.0,55.0,123.0,257.46000000000004,825.4187280501432,1217.685,0.0,0.0,0.0,0.0,2.0,1.0
Newcastle,time_block,1983585,against,16-30,59,6,37,20,32,22,5,10,15,5,3,1,5,1,10,3,0,21,11,13,3,3,24,2,1,1,1,0,0,1,1,0,0,0,0,0,0,0,0,0,0,0,0,7,3,9,4,16,7,0,2,0,3,1,1,7,4,5,2,2,2,19,24.0,43.0,60.0,122.325,349.5900914194249,1240.7849999999999,0.0,0.0,0.0,0.0,3.0,1.0
Newcastle,time_block,1983585,against,31-45,120,3,87,76,85,43,21,23,28,48,3,1,3,1,11,11,0,19,13,13,4,14,74,0,0,0,2,1,1,0,0,2,0,1,0,0,0,0,0,0,0,3,1,3,1,10,3,13,4,0,1,1,4,7,1,7,11,3,2,2,1,20,27.0,96.0,252.0,559.44,1840.197093302259,1226.085,0.0,1.0,0.0,0.0,3.0,2.0
Newcastle,time_block,1983585,against,46-60,102,4,69,58,69,27,18,24,19,39,3,0,3,0,4,2,0,14,9,9,2,6,60,0,2,2,2,0,2,0,1,1,0,0,0,0,0,0,0,0,0,2,2,3,2,11,5,14,7,0,3,2,1,8,1,10,9,2,1,3,0,17,24.0,78.0,204.0,368.13,1258.1388313037678,974.925,1.0,0.0,0.0,0.0,7.0,2.0
Newcastle,time_block,1983585,against,61-75,76,6,51,44,49,29,13,9,30,14,3,0,3,0,5,3,1,24,19,18,7,12,33,0,5,4,5,2,1,2,3,2,1,1,1,1,0,1,0,0,0,0,0,1,1,8,5,9,6,0,5,0,2,5,0,7,7,4,1,1,0,9,21.0,59.0,130.0,248.84999999999997,977.3238837594786,1166.865,0.0,0.0,2.0,2.0,2.0,5.0
Newcastle,time_block,1983585,against,76+,155,15,92,70,90,44,18,30,45,25,11,1,17,4,16,7,0,49,34,36,12,14,56,5,7,3,11,0,3,8,6,5,0,0,0,0,0,0,0,0,0,7,6,14,7,15,12,29,19,0,5,1,1,9,0,8,10,7,1,1,1,28,55.0,119.0,287.0,459.795,1827.286204437593,3654.9449999999997,0.0,1.0,1.0,0.0,3.0,11.0
Newcastle,time_block,1983585,for,0-15,173,4,137,125,135,53,36,48,43,82,0,0,0,0,7,2,0,15,12,9,4,9,128,0,4,3,4,2,1,1,3,1,2,0,2,2,0,2,0,0,0,5,1,3,1,13,7,16,8,0,5,2,2,9,1,9,11,7,1,0,1,20,28.0,141.0,422.0,356.16,2484.979923594596,1168.65,2.0,1.0,0.0,0.0,4.0,4.0
Newcastle,time_block,1983585,for,16-30,117,2,89,80,86,41,20,28,29,51,3,0,4,0,10,5,0,17,14,12,4,7,77,1,0,0,1,0,1,0,0,1,0,0,0,0,0,0,0,0,0,5,2,7,4,10,5,17,9,0,1,1,5,8,1,5,13,2,0,2,2,12,21.0,97.0,266.0,312.90000000000003,1597.3678910513554,880.74,0.0,1.0,1.0,1.0,4.0,1.0
Newcastle,time_block,1983585,for,31-45,137,3,101,87,99,38,22,41,54,33,3,1,4,1,8,4,0,37,29,32,8,10,69,1,1,1,2,1,1,0,2,0,1,0,0,0,0,0,0,0,0,3,2,3,2,10,7,13,9,0,3,1,6,7,2,8,13,4,1,1,2,18,26.0,125.0,367.0,339.57000000000005,1956.420242394146,1127.49,1.0,0.0,1.0,1.0,5.0,2.0
Newcastle,time_block,1983585,for,46-60,141,2,105,94,101,40,25,40,46,48,1,0,3,1,8,2,1,23,17,16,6,11,89,1,2,2,2,1,0,1,2,0,1,0,0,0,0,0,0,0,0,5,1,3,1,14,6,17,7,0,2,1,2,7,2,7,9,5,2,0,3,22,26.0,101.0,267.0,282.97499999999997,1549.8224940731664,1301.055,0.0,0.0,3.0,0.0,1.0,2.0
Newcastle,time_block,1983585,for,61-75,92,2,57,51,54,19,13,25,27,24,4,1,5,1,7,2,0,16,15,11,6,7,46,1,1,0,1,0,1,0,1,0,0,0,0,0,0,0,0,0,0,5,1,1,0,8,3,9,3,0,1,1,8,3,0,2,11,2,0,0,1,12,16.0,64.0,168.0,133.875,1054.3699459612003,635.46,0.0,0.0,1.0,1.0,3.0,1.0
Newcastle,time_block,1983585,for,76+,101,2,34,23,30,20,6,8,8,15,0,0,0,0,9,5,0,10,7,6,1,3,28,0,2,1,2,1,1,0,1,1,1,0,0,0,0,0,0,0,0,1,1,14,7,15,3,29,10,0,1,1,31,5,2,11,36,4,6,1,1,19,24.0,38.0,87.0,317.1,602.8567815351604,750.96,0.0,0.0,0.0,0.0,9.0,2.0
Newcastle,game_state,1983585,against,-2 or worse,0,0,0,0,0,0,0,0,0,0,0,0,0,0,0,0,0,0,0,0,0,0,0,0,0,0,0,0,0,0,0,0,0,0,0,0,0,0,0,0,0,0,0,0,0,0,0,0,0,0,0,0,0,0,0,0,0,0,0,0,0,0,0.0,0.0,0.0,0.0,0.0,0.0,0.0,0.0,0.0,0.0,0.0,0.0
Newcastle,game_state,1983585,against,-1,0,0,0,0,0,0,0,0,0,0,0,0,0,0,0,0,0,0,0,0,0,0,0,0,0,0,0,0,0,0,0,0,0,0,0,0,0,0,0,0,0,0,0,0,0,0,0,0,0,0,0,0,0,0,0,0,0,0,0,0,0,0,0.0,0.0,0.0,0.0,0.0,0.0,0.0,0.0,0.0,0.0,0.0,0.0
Newcastle,game_state,1983585,against,Level,5,0,0,0,0,0,0,0,0,0,0,0,0,0,0,0,0,0,0,0,0,0,0,0,0,0,0,0,0,0,0,0,0,0,0,0,0,0,0,0,0,0,0,1,0,1,0,2,0,0,0,0,2,0,0,1,2,1,0,1,0,1,2.0,0.0,0.0,0.0,0.0,78.855,0.0,0.0,0.0,0.0,1.0,0.0
Newcastle,game_state,1983585,against,+1,220,18,135,105,132,69,28,38,66,39,13,1,19,4,19,8,0,66,45,47,17,22,88,5,10,5,14,1,4,9,7,7,0,1,0,0,0,0,0,0,0,7,6,15,8,23,17,38,25,0,10,1,3,14,0,15,17,10,2,2,1,37,74.0,167.0,390.0,707.91,2568.470581976708,4622.94,0.0,1.0,2.0,1.0,5.0,14.0
Newcastle,game_state,1983585,against,+2 or better,363,18,247,197,237,119,58,70,87,110,12,2,14,2,33,19,1,74,46,45,14,30,202,2,5,5,8,3,3,2,5,3,2,1,1,1,0,1,0,0,0,9,4,15,8,41,17,56,25,0,10,5,8,22,3,31,30,16,6,7,3,76,102.0,283.0,666.0,1308.09,4509.484250295958,4779.495,1.0,1.0,1.0,1.0,14.0,8.0
Newcastle,game_state,1983585,for,-2 or worse,0,0,0,0,0,0,0,0,0,0,0,0,0,0,0,0,0,0,0,0,0,0,0,0,0,0,0,0,0,0,0,0,0,0,0,0,0,0,0,0,0,0,0,0,0,0,0,0,0,0,0,0,0,0,0,0,0,0,0,0,0,0,0.0,0.0,0.0,0.0,0.0,0.0,0.0,0.0,0.0,0.0,0.0,0.0
Newcastle,game_state,1983585,for,-1,0,0,0,0,0,0,0,0,0,0,0,0,0,0,0,0,0,0,0,0,0,0,0,0,0,0,0,0,0,0,0,0,0,0,0,0,0,0,0,0,0,0,0,0,0,0,0,0,0,0,0,0,0,0,0,0,0,0,0,0,0,0,0.0,0.0,0.0,0.0,0.0,0.0,0.0,0.0,0.0,0.0,0.0,0.0
Newcastle,game_state,1983585,for,Level,41,3,36,34,35,12,13,11,16,18,0,0,0,0,1,0,0,5,4,3,1,3,33,0,2,2,2,1,0,1,2,0,1,0,1,1,0,1,0,0,0,1,0,1,1,2,1,3,2,0,0,0,0,0,0,0,0,0,0,0,1,3,6.0,36.0,102.0,57.33000000000001,648.3400198168652,353.745,1.0,0.0,0.0,0.0,0.0,2.0
Newcastle,game_state,1983585,for,+1,207,4,108,89,101,47,22,39,45,44,3,1,4,1,16,7,0,28,24,20,6,11,88,1,4,2,4,2,2,0,2,2,2,0,1,1,0,1,0,0,0,6,2,15,7,23,6,38,13,0,2,2,37,8,2,13,45,6,6,1,2,32,40.0,122.0,343.0,582.645,2147.4324829448706,1420.02,1.0,1.0,0.0,0.0,11.0,4.0
Newcastle,game_state,1983585,for,+2 or better,513,8,379,337,369,152,87,140,146,191,8,1,12,2,32,13,1,85,66,63,22,33,316,3,4,3,6,2,3,1,5,1,2,0,0,0,0,0,0,0,0,17,6,15,7,45,24,60,31,0,11,5,17,31,6,29,48,18,4,3,7,68,95.0,408.0,1132.0,1102.605,6450.044775847889,4090.59,1.0,1.0,6.0,3.0,15.0,6.0
Newcastle,total,1983585,against,Season,588,36,382,302,369,188,86,108,153,149,25,3,33,6,52,27,1,140,91,92,31,52,290,7,15,10,22,4,7,11,12,10,2,2,1,1,0,1,0,0,0,16,10,31,16,65,34,96,50,0,20,6,13,36,3,47,49,27,8,10,4,114,178.0,450.0,1056.0,2016.0,7077.954832272667,9481.289999999999,1.0,2.0,3.0,2.0,20.0,22.0
Newcastle,total,1983585,for,Season,761,15,523,460,505,211,122,190,207,253,11,2,16,3,49,20,1,118,94,86,29,47,437,4,10,7,12,5,5,2,9,3,5,0,2,2,0,2,0,0,0,24,8,31,15,70,31,101,46,0,13,7,54,39,8,42,93,24,10,4,10,103,141.0,566.0,1577.0,1742.58,9245.817278609624,5864.3550000000005,3.0,2.0,6.0,3.0,26.0,12.0
Hull,time_block,1983585,against,0-15,173,4,137,125,135,53,36,48,43,82,0,0,0,0,7,2,0,15,12,9,4,9,128,0,4,3,4,2,1,1,3,1,2,0,2,2,0,2,0,0,0,5,1,3,1,13,7,16,8,0,5,2,2,9,1,9,11,7,1,0,1,20,28.0,141.0,422.0,356.16,2484.979923594596,1168.65,2.0,1.0,0.0,0.0,4.0,4.0
Hull,time_block,1983585,against,16-30,117,2,89,80,86,41,20,28,29,51,3,0,4,0,10,5,0,17,14,12,4,7,77,1,0,0,1,0,1,0,0,1,0,0,0,0,0,0,0,0,0,5,2,7,4,10,5,17,9,0,1,1,5,8,1,5,13,2,0,2,2,12,21.0,97.0,266.0,312.90000000000003,1597.3678910513554,880.74,0.0,1.0,1.0,1.0,4.0,1.0
Hull,time_block,1983585,against,31-45,137,3,101,87,99,38,22,41,54,33,3,1,4,1,8,4,0,37,29,32,8,10,69,1,1,1,2,1,1,0,2,0,1,0,0,0,0,0,0,0,0,3,2,3,2,10,7,13,9,0,3,1,6,7,2,8,13,4,1,1,2,18,26.0,125.0,367.0,339.57000000000005,1956.420242394146,1127.49,1.0,0.0,1.0,1.0,5.0,2.0
Hull,time_block,1983585,against,46-60,141,2,105,94,101,40,25,40,46,48,1,0,3,1,8,2,1,23,17,16,6,11,89,1,2,2,2,1,0,1,2,0,1,0,0,0,0,0,0,0,0,5,1,3,1,14,6,17,7,0,2,1,2,7,2,7,9,5,2,0,3,22,26.0,101.0,267.0,282.97499999999997,1549.8224940731664,1301.055,0.0,0.0,3.0,0.0,1.0,2.0
Hull,time_block,1983585,against,61-75,92,2,57,51,54,19,13,25,27,24,4,1,5,1,7,2,0,16,15,11,6,7,46,1,1,0,1,0,1,0,1,0,0,0,0,0,0,0,0,0,0,5,1,1,0,8,3,9,3,0,1,1,8,3,0,2,11,2,0,0,1,12,16.0,64.0,168.0,133.875,1054.3699459612003,635.46,0.0,0.0,1.0,1.0,3.0,1.0
Hull,time_block,1983585,against,76+,101,2,34,23,30,20,6,8,8,15,0,0,0,0,9,5,0,10,7,6,1,3,28,0,2,1,2,1,1,0,1,1,1,0,0,0,0,0,0,0,0,1,1,14,7,15,3,29,10,0,1,1,31,5,2,11,36,4,6,1,1,19,24.0,38.0,87.0,317.1,602.8567815351604,750.96,0.0,0.0,0.0,0.0,9.0,2.0
Hull,time_block,1983585,for,0-15,76,2,46,34,44,23,11,12,16,18,2,0,2,0,6,1,0,13,5,3,3,3,43,0,0,0,1,1,0,0,1,0,1,0,0,0,0,0,0,0,0,4,1,3,2,12,5,15,7,0,4,2,2,6,0,8,8,6,1,1,0,21,27.0,55.0,123.0,257.46000000000004,825.4187280501432,1217.685,0.0,0.0,0.0,0.0,2.0,1.0
Hull,time_block,1983585,for,16-30,59,6,37,20,32,22,5,10,15,5,3,1,5,1,10,3,0,21,11,13,3,3,24,2,1,1,1,0,0,1,1,0,0,0,0,0,0,0,0,0,0,0,0,7,3,9,4,16,7,0,2,0,3,1,1,7,4,5,2,2,2,19,24.0,43.0,60.0,122.325,349.5900914194249,1240.7849999999999,0.0,0.0,0.0,0.0,3.0,1.0
Hull,time_block,1983585,for,31-45,120,3,87,76,85,43,21,23,28,48,3,1,3,1,11,11,0,19,13,13,4,14,74,0,0,0,2,1,1,0,0,2,0,1,0,0,0,0,0,0,0,3,1,3,1,10,3,13,4,0,1,1,4,7,1,7,11,3,2,2,1,20,27.0,96.0,252.0,559.44,1840.197093302259,1226.085,0.0,1.0,0.0,0.0,3.0,2.0
Hull,time_block,1983585,for,46-60,102,4,69,58,69,27,18,24,19,39,3,0,3,0,4,2,0,14,9,9,2,6,60,0,2,2,2,0,2,0,1,1,0,0,0,0,0,0,0,0,0,2,2,3,2,11,5,14,7,0,3,2,1,8,1,10,9,2,1,3,0,17,24.0,78.0,204.0,368.13,1258.1388313037678,974.925,1.0,0.0,0.0,0.0,7.0,2.0
Hull,time_block,1983585,for,61-75,76,6,51,44,49,29,13,9,30,14,3,0,3,0,5,3,1,24,19,18,7,12,33,0,5,4,5,2,1,2,3,2,1,1,1,1,0,1,0,0,0,0,0,1,1,8,5,9,6,0,5,0,2,5,0,7,7,4,1,1,0,9,21.0,59.0,130.0,248.84999999999997,977.3238837594786,1166.865,0.0,0.0,2.0,2.0,2.0,5.0
Hull,time_block,1983585,for,76+,155,15,92,70,90,44,18,30,45,25,11,1,17,4,16,7,0,49,34,36,12,14,56,5,7,3,11,0,3,8,6,5,0,0,0,0,0,0,0,0,0,7,6,14,7,15,12,29,19,0,5,1,1,9,0,8,10,7,1,1,1,28,55.0,119.0,287.0,459.795,1827.286204437593,3654.9449999999997,0.0,1.0,1.0,0.0,3.0,11.0
Hull,game_state,1983585,against,-2 or worse,513,8,379,337,369,152,87,140,146,191,8,1,12,2,32,13,1,85,66,63,22,33,316,3,4,3,6,2,3,1,5,1,2,0,0,0,0,0,0,0,0,17,6,15,7,45,24,60,31,0,11,5,17,31,6,29,48,18,4,3,7,68,95.0,408.0,1132.0,1102.605,6450.044775847889,4090.59,1.0,1.0,6.0,3.0,15.0,6.0
Hull,game_state,1983585,against,-1,207,4,108,89,101,47,22,39,45,44,3,1,4,1,16,7,0,28,24,20,6,11,88,1,4,2,4,2,2,0,2,2,2,0,1,1,0,1,0,0,0,6,2,15,7,23,6,38,13,0,2,2,37,8,2,13,45,6,6,1,2,32,40.0,122.0,343.0,582.645,2147.4324829448706,1420.02,1.0,1.0,0.0,0.0,11.0,4.0
Hull,game_state,1983585,against,Level,41,3,36,34,35,12,13,11,16,18,0,0,0,0,1,0,0,5,4,3,1,3,33,0,2,2,2,1,0,1,2,0,1,0,1,1,0,1,0,0,0,1,0,1,1,2,1,3,2,0,0,0,0,0,0,0,0,0,0,0,1,3,6.0,36.0,102.0,57.33000000000001,648.3400198168652,353.745,1.0,0.0,0.0,0.0,0.0,2.0
Hull,game_state,1983585,against,+1,0,0,0,0,0,0,0,0,0,0,0,0,0,0,0,0,0,0,0,0,0,0,0,0,0,0,0,0,0,0,0,0,0,0,0,0,0,0,0,0,0,0,0,0,0,0,0,0,0,0,0,0,0,0,0,0,0,0,0,0,0,0,0.0,0.0,0.0,0.0,0.0,0.0,0.0,0.0,0.0,0.0,0.0,0.0
Hull,game_state,1983585,against,+2 or better,0,0,0,0,0,0,0,0,0,0,0,0,0,0,0,0,0,0,0,0,0,0,0,0,0,0,0,0,0,0,0,0,0,0,0,0,0,0,0,0,0,0,0,0,0,0,0,0,0,0,0,0,0,0,0,0,0,0,0,0,0,0,0.0,0.0,0.0,0.0,0.0,0.0,0.0,0.0,0.0,0.0,0.0,0.0
Hull,game_state,1983585,for,-2 or worse,363,18,247,197,237,119,58,70,87,110,12,2,14,2,33,19,1,74,46,45,14,30,202,2,5,5,8,3,3,2,5,3,2,1,1,1,0,1,0,0,0,9,4,15,8,41,17,56,25,0,10,5,8,22,3,31,30,16,6,7,3,76,102.0,283.0,666.0,1308.09,4509.484250295958,4779.495,1.0,1.0,1.0,1.0,14.0,8.0
Hull,game_state,1983585,for,-1,220,18,135,105,132,69,28,38,66,39,13,1,19,4,19,8,0,66,45,47,17,22,88,5,10,5,14,1,4,9,7,7,0,1,0,0,0,0,0,0,0,7,6,15,8,23,17,38,25,0,10,1,3,14,0,15,17,10,2,2,1,37,74.0,167.0,390.0,707.91,2568.470581976708,4622.94,0.0,1.0,2.0,1.0,5.0,14.0
Hull,game_state,1983585,for,Level,5,0,0,0,0,0,0,0,0,0,0,0,0,0,0,0,0,0,0,0,0,0,0,0,0,0,0,0,0,0,0,0,0,0,0,0,0,0,0,0,0,0,0,1,0,1,0,2,0,0,0,0,2,0,0,1,2,1,0,1,0,1,2.0,0.0,0.0,0.0,0.0,78.855,0.0,0.0,0.0,0.0,1.0,0.0
Hull,game_state,1983585,for,+1,0,0,0,0,0,0,0,0,0,0,0,0,0,0,0,0,0,0,0,0,0,0,0,0,0,0,0,0,0,0,0,0,0,0,0,0,0,0,0,0,0,0,0,0,0,0,0,0,0,0,0,0,0,0,0,0,0,0,0,0,0,0,0.0,0.0,0.0,0.0,0.0,0.0,0.0,0.0,0.0,0.0,0.0,0.0
Hull,game_state,1983585,for,+2 or better,0,0,0,0,0,0,0,0,0,0,0,0,0,0,0,0,0,0,0,0,0,0,0,0,0,0,0,0,0,0,0,0,0,0,0,0,0,0,0,0,0,0,0,0,0,0,0,0,0,0,0,0,0,0,0,0,0,0,0,0,0,0,0.0,0.0,0.0,0.0,0.0,0.0,0.0,0.0,0.0,0.0,0.0,0.0
Hull,total,1983585,against,Season,761,15,523,460,505,211,122,190,207,253,11,2,16,3,49,20,1,118,94,86,29,47,437,4,10,7,12,5,5,2,9,3,5,0,2,2,0,2,0,0,0,24,8,31,15,70,31,101,46,0,13,7,54,39,8,42,93,24,10,4,10,103,141.0,566.0,1577.0,1742.58,9245.817278609624,5864.3550000000005,3.0,2.0,6.0,3.0,26.0,12.0
Hull,total,1983585,for,Season,588,36,382,302,369,188,86,108,153,149,25,3,33,6,52,27,1,140,91,92,31,52,290,7,15,10,22,4,7,11,12,10,2,2,1,1,0,1,0,0,0,16,10,31,16,65,34,96,50,0,20,6,13,36,3,47,49,27,8,10,4,114,178.0,450.0,1056.0,2016.0,7077.954832272667,9481.289999999999,1.0,2.0,3.0,2.0,20.0,22.0
Tottenham,time_block,1983586,against,0-15,92,2,48,40,46,23,16,9,9,31,1,0,2,0,8,3,0,8,6,6,0,6,42,1,2,1,2,1,1,0,1,1,0,1,0,0,0,0,0,0,0,1,1,3,1,21,11,24,12,0,7,1,9,9,2,16,18,6,2,4,3,17,22.0,56.0,130.0,70.875,772.7542180511648,886.2,0.0,0.0,0.0,0.0,5.0,2.0
Tottenham,time_block,1983586,against,16-30,87,3,61,49,58,25,11,25,18,31,3,0,3,0,8,5,0,16,11,10,4,7,51,0,1,1,3,0,3,0,1,2,0,0,0,0,0,0,0,0,0,3,2,7,3,17,8,24,11,0,5,1,2,7,1,15,9,8,6,2,1,16,23.0,65.0,200.0,294.0,985.7171049913808,1176.735,0.0,0.0,1.0,0.0,3.0,3.0
Tottenham,time_block,1983586,against,31-45,97,2,68,58,65,34,11,23,10,48,1,0,2,1,8,4,0,14,9,4,8,5,64,1,2,1,2,0,2,0,1,1,0,0,0,0,0,0,0,0,0,3,0,3,2,21,9,24,11,0,6,0,2,13,1,14,15,14,2,5,3,18,24.0,73.0,218.0,294.525,1182.525281595246,1036.665,0.0,1.0,1.0,0.0,6.0,2.0
Tottenham,time_block,1983586,against,46-60,69,0,32,21,28,16,6,10,3,18,1,0,1,0,11,4,0,6,3,0,3,3,32,0,0,0,0,0,0,0,0,0,0,0,0,0,0,0,0,0,0,1,0,7,3,15,6,22,9,0,5,2,10,3,2,16,13,6,4,3,1,17,21.0,35.0,82.0,75.6,588.5970280412976,685.44,0.0,0.0,0.0,0.0,7.0,0.0
Tottenham,time_block,1983586,against,61-75,65,3,45,32,42,25,8,12,21,11,2,0,2,0,9,4,1,22,13,15,5,6,30,0,1,1,1,0,0,1,1,0,0,0,0,0,0,0,0,0,0,2,0,4,3,12,4,16,7,0,2,1,3,9,2,10,12,7,1,4,2,16,23.0,51.0,119.0,251.475,689.0827516139241,1178.415,0.0,0.0,1.0,0.0,5.0,1.0
Tottenham,time_block,1983586,against,76+,95,2,57,39,54,34,7,16,20,19,6,0,9,0,11,3,0,23,16,14,7,10,43,0,2,2,4,0,1,3,1,3,0,0,0,0,0,0,0,0,0,1,0,7,4,15,7,22,11,0,3,1,4,6,1,10,10,8,1,4,4,23,37.0,68.0,124.0,206.74499999999998,771.4307124139086,1899.24,0.0,0.0,1.0,0.0,7.0,4.0
Tottenham,time_block,1983586,for,0-15,138,5,93,80,86,39,27,27,34,46,0,0,4,1,10,5,2,20,12,11,5,6,82,5,1,1,1,0,1,0,1,0,0,0,0,0,0,0,0,0,0,11,2,3,2,24,10,27,12,0,4,0,3,6,1,9,9,8,1,3,4,30,35.0,103.0,307.0,214.725,1555.0376018666925,2066.61,0.0,1.0,1.0,0.0,3.0,1.0
Tottenham,time_block,1983586,for,16-30,127,2,90,79,87,39,23,28,24,55,0,0,2,1,9,3,1,13,9,11,4,4,79,0,1,1,1,0,1,0,1,0,0,0,0,0,0,0,0,0,0,11,6,7,4,19,9,26,13,0,1,1,6,5,1,6,11,3,2,1,2,20,22.0,97.0,281.0,171.57,1683.5806633672407,926.9399999999999,0.0,0.0,0.0,0.0,4.0,1.0
Tottenham,time_block,1983586,for,31-45,120,1,86,75,78,33,19,34,27,48,0,0,0,0,15,7,0,16,7,5,5,4,81,0,0,0,1,0,0,1,0,1,0,0,0,0,0,0,0,0,0,6,2,3,1,21,11,24,12,0,4,1,1,6,0,8,7,5,0,3,5,23,28.0,91.0,241.0,245.69999999999996,1406.136757428316,1101.345,0.0,0.0,1.0,0.0,3.0,1.0
Tottenham,time_block,1983586,for,46-60,89,16,45,32,40,18,7,20,24,8,7,2,10,3,8,3,0,23,16,19,2,8,26,5,2,2,5,0,2,3,4,1,0,0,0,0,0,0,0,0,0,7,4,7,4,16,8,23,12,0,1,1,2,3,3,6,5,6,0,1,3,23,34.0,56.0,133.0,102.48,738.2462176604876,2487.66,0.0,0.0,2.0,0.0,1.0,5.0
Tottenham,time_block,1983586,for,61-75,87,4,59,48,55,23,15,21,12,36,2,0,2,0,10,3,0,9,5,2,3,5,57,0,1,1,1,0,1,0,1,0,0,0,0,0,0,0,0,0,0,3,1,4,1,11,7,15,8,0,2,1,7,4,0,5,11,3,0,2,4,14,18.0,65.0,161.0,178.08,954.2550545947322,679.98,0.0,1.0,0.0,0.0,3.0,1.0
Tottenham,time_block,1983586,for,76+,126,2,83,68,79,39,21,23,33,35,5,1,6,1,10,3,0,17,12,9,5,9,74,0,2,1,2,0,2,0,1,1,0,0,0,0,0,0,0,0,0,4,1,7,3,16,7,23,10,0,2,2,7,10,0,8,17,3,0,4,4,23,30.0,94.0,231.0,204.645,1372.9748521041392,1381.065,1.0,0.0,1.0,0.0,5.0,2.0
Tottenham,game_state,1983586,against,-2 or worse,0,0,0,0,0,0,0,0,0,0,0,0,0,0,0,0,0,0,0,0,0,0,0,0,0,0,0,0,0,0,0,0,0,0,0,0,0,0,0,0,0,0,0,0,0,0,0,0,0,0,0,0,0,0,0,0,0,0,0,0,0,0,0.0,0.0,0.0,0.0,0.0,0.0,0.0,0.0,0.0,0.0,0.0,0.0
Tottenham,game_state,1983586,against,-1,0,0,0,0,0,0,0,0,0,0,0,0,0,0,0,0,0,0,0,0,0,0,0,0,0,0,0,0,0,0,0,0,0,0,0,0,0,0,0,0,0,0,0,0,0,0,0,0,0,0,0,0,0,0,0,0,0,0,0,0,0,0,0.0,0.0,0.0,0.0,0.0,0.0,0.0,0.0,0.0,0.0,0.0,0.0
Tottenham,game_state,1983586,against,Level,505,12,311,239,293,157,59,95,81,158,14,0,19,1,55,23,1,89,58,49,27,37,262,2,8,6,12,1,7,4,5,7,0,1,0,0,0,0,0,0,0,11,3,31,16,101,45,132,61,0,28,6,30,47,9,81,77,49,16,22,14,107,150.0,348.0,873.0,1193.22,4990.107096706922,6862.695,0.0,1.0,4.0,0.0,33.0,12.0
Tottenham,game_state,1983586,against,+1,0,0,0,0,0,0,0,0,0,0,0,0,0,0,0,0,0,0,0,0,0,0,0,0,0,0,0,0,0,0,0,0,0,0,0,0,0,0,0,0,0,0,0,0,0,0,0,0,0,0,0,0,0,0,0,0,0,0,0,0,0,0,0.0,0.0,0.0,0.0,0.0,0.0,0.0,0.0,0.0,0.0,0.0,0.0
Tottenham,game_state,1983586,against,+2 or better,0,0,0,0,0,0,0,0,0,0,0,0,0,0,0,0,0,0,0,0,0,0,0,0,0,0,0,0,0,0,0,0,0,0,0,0,0,0,0,0,0,0,0,0,0,0,0,0,0,0,0,0,0,0,0,0,0,0,0,0,0,0,0.0,0.0,0.0,0.0,0.0,0.0,0.0,0.0,0.0,0.0,0.0,0.0
Tottenham,game_state,1983586,for,-2 or worse,0,0,0,0,0,0,0,0,0,0,0,0,0,0,0,0,0,0,0,0,0,0,0,0,0,0,0,0,0,0,0,0,0,0,0,0,0,0,0,0,0,0,0,0,0,0,0,0,0,0,0,0,0,0,0,0,0,0,0,0,0,0,0.0,0.0,0.0,0.0,0.0,0.0,0.0,0.0,0.0,0.0,0.0,0.0
Tottenham,game_state,1983586,for,-1,0,0,0,0,0,0,0,0,0,0,0,0,0,0,0,0,0,0,0,0,0,0,0,0,0,0,0,0,0,0,0,0,0,0,0,0,0,0,0,0,0,0,0,0,0,0,0,0,0,0,0,0,0,0,0,0,0,0,0,0,0,0,0.0,0.0,0.0,0.0,0.0,0.0,0.0,0.0,0.0,0.0,0.0,0.0
Tottenham,game_state,1983586,for,Level,687,30,456,382,425,191,112,153,154,228,14,3,24,6,62,24,3,98,61,57,24,36,399,10,7,6,11,0,7,4,8,3,0,0,0,0,0,0,0,0,0,42,16,31,15,107,52,138,67,0,14,6,26,34,5,42,60,28,3,14,22,133,167.0,506.0,1354.0,1117.2,7710.231147021608,8643.6,1.0,2.0,5.0,0.0,19.0,11.0
Tottenham,game_state,1983586,for,+1,0,0,0,0,0,0,0,0,0,0,0,0,0,0,0,0,0,0,0,0,0,0,0,0,0,0,0,0,0,0,0,0,0,0,0,0,0,0,0,0,0,0,0,0,0,0,0,0,0,0,0,0,0,0,0,0,0,0,0,0,0,0,0.0,0.0,0.0,0.0,0.0,0.0,0.0,0.0,0.0,0.0,0.0,0.0
Tottenham,game_state,1983586,for,+2 or better,0,0,0,0,0,0,0,0,0,0,0,0,0,0,0,0,0,0,0,0,0,0,0,0,0,0,0,0,0,0,0,0,0,0,0,0,0,0,0,0,0,0,0,0,0,0,0,0,0,0,0,0,0,0,0,0,0,0,0,0,0,0,0.0,0.0,0.0,0.0,0.0,0.0,0.0,0.0,0.0,0.0,0.0,0.0
Tottenham,total,1983586,against,Season,505,12,311,239,293,157,59,95,81,158,14,0,19,1,55,23,1,89,58,49,27,37,262,2,8,6,12,1,7,4,5,7,0,1,0,0,0,0,0,0,0,11,3,31,16,101,45,132,61,0,28,6,30,47,9,81,77,49,16,22,14,107,150.0,348.0,873.0,1193.22,4990.107096706922,6862.695,0.0,1.0,4.0,0.0,33.0,12.0
Tottenham,total,1983586,for,Season,687,30,456,382,425,191,112,153,154,228,14,3,24,6,62,24,3,98,61,57,24,36,399,10,7,6,11,0,7,4,8,3,0,0,0,0,0,0,0,0,0,42,16,31,15,107,52,138,67,0,14,6,26,34,5,42,60,28,3,14,22,133,167.0,506.0,1354.0,1117.2,7710.231147021608,8643.6,1.0,2.0,5.0,0.0,19.0,11.0
Nottingham Forest,time_block,1983586,against,0-15,138,5,93,80,86,39,27,27,34,46,0,0,4,1,10,5,2,20,12,11,5,6,82,5,1,1,1,0,1,0,1,0,0,0,0,0,0,0,0,0,0,11,2,3,2,24,10,27,12,0,4,0,3,6,1,9,9,8,1,3,4,30,35.0,103.0,307.0,214.725,1555.0376018666925,2066.61,0.0,1.0,1.0,0.0,3.0,1.0
Nottingham Forest,time_block,1983586,against,16-30,127,2,90,79,87,39,23,28,24,55,0,0,2,1,9,3,1,13,9,11,4,4,79,0,1,1,1,0,1,0,1,0,0,0,0,0,0,0,0,0,0,11,6,7,4,19,9,26,13,0,1,1,6,5,1,6,11,3,2,1,2,20,22.0,97.0,281.0,171.57,1683.5806633672407,926.9399999999999,0.0,0.0,0.0,0.0,4.0,1.0
Nottingham Forest,time_block,1983586,against,31-45,120,1,86,75,78,33,19,34,27,48,0,0,0,0,15,7,0,16,7,5,5,4,81,0,0,0,1,0,0,1,0,1,0,0,0,0,0,0,0,0,0,6,2,3,1,21,11,24,12,0,4,1,1,6,0,8,7,5,0,3,5,23,28.0,91.0,241.0,245.69999999999996,1406.136757428316,1101.345,0.0,0.0,1.0,0.0,3.0,1.0
Nottingham Forest,time_block,1983586,against,46-60,89,16,45,32,40,18,7,20,24,8,7,2,10,3,8,3,0,23,16,19,2,8,26,5,2,2,5,0,2,3,4,1,0,0,0,0,0,0,0,0,0,7,4,7,4,16,8,23,12,0,1,1,2,3,3,6,5,6,0,1,3,23,34.0,56.0,133.0,102.48,738.2462176604876,2487.66,0.0,0.0,2.0,0.0,1.0,5.0
Nottingham Forest,time_block,1983586,against,61-75,87,4,59,48,55,23,15,21,12,36,2,0,2,0,10,3,0,9,5,2,3,5,57,0,1,1,1,0,1,0,1,0,0,0,0,0,0,0,0,0,0,3,1,4,1,11,7,15,8,0,2,1,7,4,0,5,11,3,0,2,4,14,18.0,65.0,161.0,178.08,954.2550545947322,679.98,0.0,1.0,0.0,0.0,3.0,1.0
Nottingham Forest,time_block,1983586,against,76+,126,2,83,68,79,39,21,23,33,35,5,1,6,1,10,3,0,17,12,9,5,9,74,0,2,1,2,0,2,0,1,1,0,0,0,0,0,0,0,0,0,4,1,7,3,16,7,23,10,0,2,2,7,10,0,8,17,3,0,4,4,23,30.0,94.0,231.0,204.645,1372.9748521041392,1381.065,1.0,0.0,1.0,0.0,5.0,2.0
Nottingham Forest,time_block,1983586,for,0-15,92,2,48,40,46,23,16,9,9,31,1,0,2,0,8,3,0,8,6,6,0,6,42,1,2,1,2,1,1,0,1,1,0,1,0,0,0,0,0,0,0,1,1,3,1,21,11,24,12,0,7,1,9,9,2,16,18,6,2,4,3,17,22.0,56.0,130.0,70.875,772.7542180511648,886.2,0.0,0.0,0.0,0.0,5.0,2.0
Nottingham Forest,time_block,1983586,for,16-30,87,3,61,49,58,25,11,25,18,31,3,0,3,0,8,5,0,16,11,10,4,7,51,0,1,1,3,0,3,0,1,2,0,0,0,0,0,0,0,0,0,3,2,7,3,17,8,24,11,0,5,1,2,7,1,15,9,8,6,2,1,16,23.0,65.0,200.0,294.0,985.7171049913808,1176.735,0.0,0.0,1.0,0.0,3.0,3.0
Nottingham Forest,time_block,1983586,for,31-45,97,2,68,58,65,34,11,23,10,48,1,0,2,1,8,4,0,14,9,4,8,5,64,1,2,1,2,0,2,0,1,1,0,0,0,0,0,0,0,0,0,3,0,3,2,21,9,24,11,0,6,0,2,13,1,14,15,14,2,5,3,18,24.0,73.0,218.0,294.525,1182.525281595246,1036.665,0.0,1.0,1.0,0.0,6.0,2.0
Nottingham Forest,time_block,1983586,for,46-60,69,0,32,21,28,16,6,10,3,18,1,0,1,0,11,4,0,6,3,0,3,3,32,0,0,0,0,0,0,0,0,0,0,0,0,0,0,0,0,0,0,1,0,7,3,15,6,22,9,0,5,2,10,3,2,16,13,6,4,3,1,17,21.0,35.0,82.0,75.6,588.5970280412976,685.44,0.0,0.0,0.0,0.0,7.0,0.0
Nottingham Forest,time_block,1983586,for,61-75,65,3,45,32,42,25,8,12,21,11,2,0,2,0,9,4,1,22,13,15,5,6,30,0,1,1,1,0,0,1,1,0,0,0,0,0,0,0,0,0,0,2,0,4,3,12,4,16,7,0,2,1,3,9,2,10,12,7,1,4,2,16,23.0,51.0,119.0,251.475,689.0827516139241,1178.415,0.0,0.0,1.0,0.0,5.0,1.0
Nottingham Forest,time_block,1983586,for,76+,95,2,57,39,54,34,7,16,20,19,6,0,9,0,11,3,0,23,16,14,7,10,43,0,2,2,4,0,1,3,1,3,0,0,0,0,0,0,0,0,0,1,0,7,4,15,7,22,11,0,3,1,4,6,1,10,10,8,1,4,4,23,37.0,68.0,124.0,206.74499999999998,771.4307124139086,1899.24,0.0,0.0,1.0,0.0,7.0,4.0
Nottingham Forest,game_state,1983586,against,-2 or worse,0,0,0,0,0,0,0,0,0,0,0,0,0,0,0,0,0,0,0,0,0,0,0,0,0,0,0,0,0,0,0,0,0,0,0,0,0,0,0,0,0,0,0,0,0,0,0,0,0,0,0,0,0,0,0,0,0,0,0,0,0,0,0.0,0.0,0.0,0.0,0.0,0.0,0.0,0.0,0.0,0.0,0.0,0.0
Nottingham Forest,game_state,1983586,against,-1,0,0,0,0,0,0,0,0,0,0,0,0,0,0,0,0,0,0,0,0,0,0,0,0,0,0,0,0,0,0,0,0,0,0,0,0,0,0,0,0,0,0,0,0,0,0,0,0,0,0,0,0,0,0,0,0,0,0,0,0,0,0,0.0,0.0,0.0,0.0,0.0,0.0,0.0,0.0,0.0,0.0,0.0,0.0
Nottingham Forest,game_state,1983586,against,Level,687,30,456,382,425,191,112,153,154,228,14,3,24,6,62,24,3,98,61,57,24,36,399,10,7,6,11,0,7,4,8,3,0,0,0,0,0,0,0,0,0,42,16,31,15,107,52,138,67,0,14,6,26,34,5,42,60,28,3,14,22,133,167.0,506.0,1354.0,1117.2,7710.231147021608,8643.6,1.0,2.0,5.0,0.0,19.0,11.0
Nottingham Forest,game_state,1983586,against,+1,0,0,0,0,0,0,0,0,0,0,0,0,0,0,0,0,0,0,0,0,0,0,0,0,0,0,0,0,0,0,0,0,0,0,0,0,0,0,0,0,0,0,0,0,0,0,0,0,0,0,0,0,0,0,0,0,0,0,0,0,0,0,0.0,0.0,0.0,0.0,0.0,0.0,0.0,0.0,0.0,0.0,0.0,0.0
Nottingham Forest,game_state,1983586,against,+2 or better,0,0,0,0,0,0,0,0,0,0,0,0,0,0,0,0,0,0,0,0,0,0,0,0,0,0,0,0,0,0,0,0,0,0,0,0,0,0,0,0,0,0,0,0,0,0,0,0,0,0,0,0,0,0,0,0,0,0,0,0,0,0,0.0,0.0,0.0,0.0,0.0,0.0,0.0,0.0,0.0,0.0,0.0,0.0
Nottingham Forest,game_state,1983586,for,-2 or worse,0,0,0,0,0,0,0,0,0,0,0,0,0,0,0,0,0,0,0,0,0,0,0,0,0,0,0,0,0,0,0,0,0,0,0,0,0,0,0,0,0,0,0,0,0,0,0,0,0,0,0,0,0,0,0,0,0,0,0,0,0,0,0.0,0.0,0.0,0.0,0.0,0.0,0.0,0.0,0.0,0.0,0.0,0.0
Nottingham Forest,game_state,1983586,for,-1,0,0,0,0,0,0,0,0,0,0,0,0,0,0,0,0,0,0,0,0,0,0,0,0,0,0,0,0,0,0,0,0,0,0,0,0,0,0,0,0,0,0,0,0,0,0,0,0,0,0,0,0,0,0,0,0,0,0,0,0,0,0,0.0,0.0,0.0,0.0,0.0,0.0,0.0,0.0,0.0,0.0,0.0,0.0
Nottingham Forest,game_state,1983586,for,Level,505,12,311,239,293,157,59,95,81,158,14,0,19,1,55,23,1,89,58,49,27,37,262,2,8,6,12,1,7,4,5,7,0,1,0,0,0,0,0,0,0,11,3,31,16,101,45,132,61,0,28,6,30,47,9,81,77,49,16,22,14,107,150.0,348.0,873.0,1193.22,4990.107096706922,6862.695,0.0,1.0,4.0,0.0,33.0,12.0
Nottingham Forest,game_state,1983586,for,+1,0,0,0,0,0,0,0,0,0,0,0,0,0,0,0,0,0,0,0,0,0,0,0,0,0,0,0,0,0,0,0,0,0,0,0,0,0,0,0,0,0,0,0,0,0,0,0,0,0,0,0,0,0,0,0,0,0,0,0,0,0,0,0.0,0.0,0.0,0.0,0.0,0.0,0.0,0.0,0.0,0.0,0.0,0.0
Nottingham Forest,game_state,1983586,for,+2 or better,0,0,0,0,0,0,0,0,0,0,0,0,0,0,0,0,0,0,0,0,0,0,0,0,0,0,0,0,0,0,0,0,0,0,0,0,0,0,0,0,0,0,0,0,0,0,0,0,0,0,0,0,0,0,0,0,0,0,0,0,0,0,0.0,0.0,0.0,0.0,0.0,0.0,0.0,0.0,0.0,0.0,0.0,0.0
Nottingham Forest,total,1983586,against,Season,687,30,456,382,425,191,112,153,154,228,14,3,24,6,62,24,3,98,61,57,24,36,399,10,7,6,11,0,7,4,8,3,0,0,0,0,0,0,0,0,0,42,16,31,15,107,52,138,67,0,14,6,26,34,5,42,60,28,3,14,22,133,167.0,506.0,1354.0,1117.2,7710.231147021608,8643.6,1.0,2.0,5.0,0.0,19.0,11.0
Nottingham Forest,total,1983586,for,Season,505,12,311,239,293,157,59,95,81,158,14,0,19,1,55,23,1,89,58,49,27,37,262,2,8,6,12,1,7,4,5,7,0,1,0,0,0,0,0,0,0,11,3,31,16,101,45,132,61,0,28,6,30,47,9,81,77,49,16,22,14,107,150.0,348.0,873.0,1193.22,4990.107096706922,6862.695,0.0,1.0,4.0,0.0,33.0,12.0
Coventry,time_block,1983587,against,0-15,116,4,76,64,74,33,21,22,27,37,5,1,5,1,8,3,0,22,18,16,5,12,60,0,2,2,3,1,1,1,1,2,0,1,0,0,0,0,0,0,0,5,1,7,3,13,3,20,6,0,1,1,7,5,3,9,12,8,2,2,1,19,26.0,88.0,227.0,295.47,1408.1334285931641,1221.57,0.0,0.0,0.0,0.0,1.0,3.0
Coventry,time_block,1983587,against,16-30,98,0,65,53,61,23,16,26,13,40,0,0,0,0,10,6,1,9,6,7,2,2,58,0,3,0,3,1,1,1,0,3,0,1,0,0,0,0,0,0,0,3,2,10,8,9,6,19,14,0,2,1,12,7,2,6,19,2,0,1,2,14,21.0,70.0,219.0,294.21,1271.4703398698512,755.265,0.0,1.0,0.0,0.0,5.0,3.0
Coventry,time_block,1983587,against,31-45,129,11,88,74,85,37,20,31,41,33,4,2,5,3,13,8,0,40,31,35,2,14,53,1,5,4,9,0,4,5,5,4,0,0,0,0,0,0,0,0,0,4,2,9,5,11,4,20,9,0,0,0,3,8,3,7,11,7,0,4,2,20,33.0,98.0,265.0,383.565,1711.917291696202,1734.285,1.0,1.0,1.0,1.0,4.0,9.0
Coventry,time_block,1983587,against,46-60,69,6,46,32,43,25,9,12,17,15,2,0,6,2,12,4,0,16,10,11,4,8,35,3,1,1,2,0,1,1,2,0,0,0,0,0,0,0,0,0,0,0,0,8,3,11,4,19,7,0,2,0,3,5,0,8,8,5,4,2,2,17,24.0,54.0,139.0,212.41499999999996,791.2182196026553,1239.315,0.0,0.0,0.0,0.0,5.0,2.0
Coventry,time_block,1983587,against,61-75,160,6,122,106,119,50,27,45,70,36,6,1,7,1,6,3,3,58,45,52,13,22,70,1,2,2,3,0,1,2,2,1,0,0,0,0,0,0,0,0,0,3,2,3,0,12,7,15,7,0,3,1,2,9,1,7,11,6,2,0,2,22,34.0,135.0,386.0,475.65,2046.2109492214845,1873.095,0.0,1.0,5.0,1.0,3.0,3.0
Coventry,time_block,1983587,against,76+,144,5,111,98,109,59,19,33,63,35,8,3,9,3,8,4,0,50,42,39,17,24,72,1,3,1,4,0,1,3,2,2,0,0,0,0,0,0,0,0,0,5,3,8,4,10,5,18,9,0,1,0,2,5,0,4,7,2,0,3,1,19,32.0,125.0,323.0,684.3900000000001,1942.4014447997051,1625.82,0.0,2.0,0.0,0.0,5.0,4.0
Coventry,time_block,1983587,for,0-15,143,4,111,95,110,41,34,36,40,55,1,0,2,1,12,5,0,29,21,22,3,7,89,0,3,2,3,1,2,0,0,3,0,1,0,0,0,0,0,0,0,4,2,7,4,11,7,18,11,0,3,3,5,6,1,9,11,7,1,1,2,18,27.0,123.0,333.0,127.78500000000003,1794.722985174525,1248.45,0.0,1.0,0.0,0.0,4.0,3.0
Coventry,time_block,1983587,for,16-30,88,2,58,50,56,26,20,12,19,31,5,1,6,1,9,4,0,20,15,9,6,10,49,0,1,1,2,0,2,0,1,1,0,0,0,0,0,0,0,0,0,2,0,10,2,10,3,20,5,0,2,2,1,6,1,9,7,5,2,2,1,12,24.0,62.0,160.0,345.87,948.8673740578383,1231.125,1.0,1.0,0.0,0.0,1.0,2.0
Coventry,time_block,1983587,for,31-45,68,0,37,21,29,21,9,7,4,17,2,0,2,0,12,6,0,16,6,7,3,3,30,1,0,0,1,0,0,1,0,1,0,0,0,0,0,0,0,0,0,0,0,9,4,10,6,19,10,0,2,5,5,8,1,12,13,7,2,2,4,19,24.0,39.0,79.0,180.91500000000002,595.1382469288513,1057.1399999999999,0.0,0.0,1.0,0.0,3.0,1.0
Coventry,time_block,1983587,for,46-60,80,5,46,37,43,25,9,12,17,20,1,0,3,2,6,3,0,15,8,4,7,6,42,1,3,1,3,2,1,0,3,0,2,0,1,1,0,1,0,0,0,5,4,8,5,11,7,19,12,0,1,0,9,6,3,6,15,5,0,2,2,13,18.0,52.0,130.0,376.32,874.0299490446974,791.175,0.0,1.0,0.0,0.0,0.0,3.0
Coventry,time_block,1983587,for,61-75,71,1,39,25,37,21,10,8,3,22,0,0,0,0,10,3,0,9,3,3,3,0,36,0,0,0,0,0,0,0,0,0,0,0,0,0,0,0,0,0,0,4,2,3,3,11,4,14,7,0,2,4,7,7,1,11,14,3,2,2,0,19,22.0,45.0,97.0,200.23499999999999,611.0905838829439,697.095,0.0,0.0,0.0,0.0,9.0,0.0
Coventry,time_block,1983587,for,76+,53,1,20,8,14,15,2,3,3,5,0,0,1,1,12,4,0,8,3,2,2,2,18,0,1,1,1,0,1,0,1,0,0,0,0,0,0,0,0,0,0,2,0,8,4,11,5,19,9,0,2,1,13,5,0,7,18,4,3,1,3,16,20.0,22.0,32.0,161.17499999999998,261.24176845286723,618.765,0.0,0.0,0.0,0.0,6.0,1.0
Coventry,game_state,1983587,against,-2 or worse,0,0,0,0,0,0,0,0,0,0,0,0,0,0,0,0,0,0,0,0,0,0,0,0,0,0,0,0,0,0,0,0,0,0,0,0,0,0,0,0,0,0,0,0,0,0,0,0,0,0,0,0,0,0,0,0,0,0,0,0,0,0,0.0,0.0,0.0,0.0,0.0,0.0,0.0,0.0,0.0,0.0,0.0,0.0
Coventry,game_state,1983587,against,-1,0,0,0,0,0,0,0,0,0,0,0,0,0,0,0,0,0,0,0,0,0,0,0,0,0,0,0,0,0,0,0,0,0,0,0,0,0,0,0,0,0,0,0,0,0,0,0,0,0,0,0,0,0,0,0,0,0,0,0,0,0,0,0.0,0.0,0.0,0.0,0.0,0.0,0.0,0.0,0.0,0.0,0.0,0.0
Coventry,game_state,1983587,against,Level,393,20,259,212,248,110,63,86,91,121,11,3,15,5,38,20,1,82,62,66,11,33,193,3,10,6,16,2,6,8,7,9,0,2,0,0,0,0,0,0,0,12,5,30,17,41,17,71,34,0,5,2,25,22,8,27,47,20,4,8,7,64,97.0,293.0,802.0,1129.8,4908.149263783705,4700.22,1.0,2.0,1.0,1.0,12.0,16.0
Coventry,game_state,1983587,against,+1,323,12,249,215,243,117,49,83,140,75,14,4,17,5,19,8,3,113,90,94,32,49,155,3,6,4,8,0,3,5,5,3,0,0,0,0,0,0,0,0,0,8,5,15,6,25,12,40,18,0,4,1,4,17,1,14,21,10,4,4,3,47,73.0,277.0,757.0,1215.9,4263.202409999358,3749.13,0.0,3.0,5.0,1.0,11.0,8.0
Coventry,game_state,1983587,against,+2 or better,0,0,0,0,0,0,0,0,0,0,0,0,0,0,0,0,0,0,0,0,0,0,0,0,0,0,0,0,0,0,0,0,0,0,0,0,0,0,0,0,0,0,0,0,0,0,0,0,0,0,0,0,0,0,0,0,0,0,0,0,0,0,0.0,0.0,0.0,0.0,0.0,0.0,0.0,0.0,0.0,0.0,0.0,0.0
Coventry,game_state,1983587,for,-2 or worse,0,0,0,0,0,0,0,0,0,0,0,0,0,0,0,0,0,0,0,0,0,0,0,0,0,0,0,0,0,0,0,0,0,0,0,0,0,0,0,0,0,0,0,0,0,0,0,0,0,0,0,0,0,0,0,0,0,0,0,0,0,0,0.0,0.0,0.0,0.0,0.0,0.0,0.0,0.0,0.0,0.0,0.0,0.0
Coventry,game_state,1983587,for,-1,0,0,0,0,0,0,0,0,0,0,0,0,0,0,0,0,0,0,0,0,0,0,0,0,0,0,0,0,0,0,0,0,0,0,0,0,0,0,0,0,0,0,0,0,0,0,0,0,0,0,0,0,0,0,0,0,0,0,0,0,0,0,0.0,0.0,0.0,0.0,0.0,0.0,0.0,0.0,0.0,0.0,0.0,0.0
Coventry,game_state,1983587,for,Level,362,10,244,199,231,108,71,65,77,122,9,1,12,3,38,18,0,75,48,40,18,25,204,2,6,3,8,3,4,1,3,5,2,1,1,1,0,1,0,0,0,9,4,30,13,39,20,69,33,0,8,10,18,23,5,35,41,23,5,7,8,58,87.0,266.0,687.0,957.6,4105.656372235928,4042.29,1.0,3.0,1.0,0.0,8.0,8.0
Coventry,game_state,1983587,for,+1,141,3,67,37,58,41,13,13,9,28,0,0,2,2,23,7,0,22,8,7,6,3,60,0,2,2,2,0,2,0,2,0,0,0,0,0,0,0,0,0,0,8,4,15,9,25,12,40,21,0,4,5,22,15,2,19,37,8,5,3,4,39,48.0,77.0,144.0,434.7,979.4345353057951,1601.46,0.0,0.0,0.0,0.0,15.0,2.0
Coventry,game_state,1983587,for,+2 or better,0,0,0,0,0,0,0,0,0,0,0,0,0,0,0,0,0,0,0,0,0,0,0,0,0,0,0,0,0,0,0,0,0,0,0,0,0,0,0,0,0,0,0,0,0,0,0,0,0,0,0,0,0,0,0,0,0,0,0,0,0,0,0.0,0.0,0.0,0.0,0.0,0.0,0.0,0.0,0.0,0.0,0.0,0.0
Coventry,total,1983587,against,Season,716,32,508,427,491,227,112,169,231,196,25,7,32,10,57,28,4,195,152,160,43,82,348,6,16,10,24,2,9,13,12,12,0,2,0,0,0,0,0,0,0,20,10,45,23,66,29,111,52,0,9,3,29,39,9,41,68,30,8,12,10,111,170.0,570.0,1559.0,2345.7,9171.351673783061,8449.35,1.0,5.0,6.0,2.0,23.0,24.0
Coventry,total,1983587,for,Season,503,13,311,236,289,149,84,78,86,150,9,1,14,5,61,25,0,97,56,47,24,28,264,2,8,5,10,3,6,1,5,5,2,1,1,1,0,1,0,0,0,17,8,45,22,64,32,109,54,0,12,15,40,38,7,54,78,31,10,10,12,97,135.0,343.0,831.0,1392.3,5085.090907541723,5643.75,1.0,3.0,1.0,0.0,23.0,10.0
Nottingham Forest,time_block,1983587,against,0-15,143,4,111,95,110,41,34,36,40,55,1,0,2,1,12,5,0,29,21,22,3,7,89,0,3,2,3,1,2,0,0,3,0,1,0,0,0,0,0,0,0,4,2,7,4,11,7,18,11,0,3,3,5,6,1,9,11,7,1,1,2,18,27.0,123.0,333.0,127.78500000000003,1794.722985174525,1248.45,0.0,1.0,0.0,0.0,4.0,3.0
Nottingham Forest,time_block,1983587,against,16-30,88,2,58,50,56,26,20,12,19,31,5,1,6,1,9,4,0,20,15,9,6,10,49,0,1,1,2,0,2,0,1,1,0,0,0,0,0,0,0,0,0,2,0,10,2,10,3,20,5,0,2,2,1,6,1,9,7,5,2,2,1,12,24.0,62.0,160.0,345.87,948.8673740578383,1231.125,1.0,1.0,0.0,0.0,1.0,2.0
Nottingham Forest,time_block,1983587,against,31-45,68,0,37,21,29,21,9,7,4,17,2,0,2,0,12,6,0,16,6,7,3,3,30,1,0,0,1,0,0,1,0,1,0,0,0,0,0,0,0,0,0,0,0,9,4,10,6,19,10,0,2,5,5,8,1,12,13,7,2,2,4,19,24.0,39.0,79.0,180.91500000000002,595.1382469288513,1057.1399999999999,0.0,0.0,1.0,0.0,3.0,1.0
Nottingham Forest,time_block,1983587,against,46-60,80,5,46,37,43,25,9,12,17,20,1,0,3,2,6,3,0,15,8,4,7,6,42,1,3,1,3,2,1,0,3,0,2,0,1,1,0,1,0,0,0,5,4,8,5,11,7,19,12,0,1,0,9,6,3,6,15,5,0,2,2,13,18.0,52.0,130.0,376.32,874.0299490446974,791.175,0.0,1.0,0.0,0.0,0.0,3.0
Nottingham Forest,time_block,1983587,against,61-75,71,1,39,25,37,21,10,8,3,22,0,0,0,0,10,3,0,9,3,3,3,0,36,0,0,0,0,0,0,0,0,0,0,0,0,0,0,0,0,0,0,4,2,3,3,11,4,14,7,0,2,4,7,7,1,11,14,3,2,2,0,19,22.0,45.0,97.0,200.23499999999999,611.0905838829439,697.095,0.0,0.0,0.0,0.0,9.0,0.0
Nottingham Forest,time_block,1983587,against,76+,53,1,20,8,14,15,2,3,3,5,0,0,1,1,12,4,0,8,3,2,2,2,18,0,1,1,1,0,1,0,1,0,0,0,0,0,0,0,0,0,0,2,0,8,4,11,5,19,9,0,2,1,13,5,0,7,18,4,3,1,3,16,20.0,22.0,32.0,161.17499999999998,261.24176845286723,618.765,0.0,0.0,0.0,0.0,6.0,1.0
Nottingham Forest,time_block,1983587,for,0-15,116,4,76,64,74,33,21,22,27,37,5,1,5,1,8,3,0,22,18,16,5,12,60,0,2,2,3,1,1,1,1,2,0,1,0,0,0,0,0,0,0,5,1,7,3,13,3,20,6,0,1,1,7,5,3,9,12,8,2,2,1,19,26.0,88.0,227.0,295.47,1408.1334285931641,1221.57,0.0,0.0,0.0,0.0,1.0,3.0
Nottingham Forest,time_block,1983587,for,16-30,98,0,65,53,61,23,16,26,13,40,0,0,0,0,10,6,1,9,6,7,2,2,58,0,3,0,3,1,1,1,0,3,0,1,0,0,0,0,0,0,0,3,2,10,8,9,6,19,14,0,2,1,12,7,2,6,19,2,0,1,2,14,21.0,70.0,219.0,294.21,1271.4703398698512,755.265,0.0,1.0,0.0,0.0,5.0,3.0
Nottingham Forest,time_block,1983587,for,31-45,129,11,88,74,85,37,20,31,41,33,4,2,5,3,13,8,0,40,31,35,2,14,53,1,5,4,9,0,4,5,5,4,0,0,0,0,0,0,0,0,0,4,2,9,5,11,4,20,9,0,0,0,3,8,3,7,11,7,0,4,2,20,33.0,98.0,265.0,383.565,1711.917291696202,1734.285,1.0,1.0,1.0,1.0,4.0,9.0
Nottingham Forest,time_block,1983587,for,46-60,69,6,46,32,43,25,9,12,17,15,2,0,6,2,12,4,0,16,10,11,4,8,35,3,1,1,2,0,1,1,2,0,0,0,0,0,0,0,0,0,0,0,0,8,3,11,4,19,7,0,2,0,3,5,0,8,8,5,4,2,2,17,24.0,54.0,139.0,212.41499999999996,791.2182196026553,1239.315,0.0,0.0,0.0,0.0,5.0,2.0
Nottingham Forest,time_block,1983587,for,61-75,160,6,122,106,119,50,27,45,70,36,6,1,7,1,6,3,3,58,45,52,13,22,70,1,2,2,3,0,1,2,2,1,0,0,0,0,0,0,0,0,0,3,2,3,0,12,7,15,7,0,3,1,2,9,1,7,11,6,2,0,2,22,34.0,135.0,386.0,475.65,2046.2109492214845,1873.095,0.0,1.0,5.0,1.0,3.0,3.0
Nottingham Forest,time_block,1983587,for,76+,144,5,111,98,109,59,19,33,63,35,8,3,9,3,8,4,0,50,42,39,17,24,72,1,3,1,4,0,1,3,2,2,0,0,0,0,0,0,0,0,0,5,3,8,4,10,5,18,9,0,1,0,2,5,0,4,7,2,0,3,1,19,32.0,125.0,323.0,684.3900000000001,1942.4014447997051,1625.82,0.0,2.0,0.0,0.0,5.0,4.0
Nottingham Forest,game_state,1983587,against,-2 or worse,0,0,0,0,0,0,0,0,0,0,0,0,0,0,0,0,0,0,0,0,0,0,0,0,0,0,0,0,0,0,0,0,0,0,0,0,0,0,0,0,0,0,0,0,0,0,0,0,0,0,0,0,0,0,0,0,0,0,0,0,0,0,0.0,0.0,0.0,0.0,0.0,0.0,0.0,0.0,0.0,0.0,0.0,0.0
Nottingham Forest,game_state,1983587,against,-1,141,3,67,37,58,41,13,13,9,28,0,0,2,2,23,7,0,22,8,7,6,3,60,0,2,2,2,0,2,0,2,0,0,0,0,0,0,0,0,0,0,8,4,15,9,25,12,40,21,0,4,5,22,15,2,19,37,8,5,3,4,39,48.0,77.0,144.0,434.7,979.4345353057951,1601.46,0.0,0.0,0.0,0.0,15.0,2.0
Nottingham Forest,game_state,1983587,against,Level,362,10,244,199,231,108,71,65,77,122,9,1,12,3,38,18,0,75,48,40,18,25,204,2,6,3,8,3,4,1,3,5,2,1,1,1,0,1,0,0,0,9,4,30,13,39,20,69,33,0,8,10,18,23,5,35,41,23,5,7,8,58,87.0,266.0,687.0,957.6,4105.656372235928,4042.29,1.0,3.0,1.0,0.0,8.0,8.0
Nottingham Forest,game_state,1983587,against,+1,0,0,0,0,0,0,0,0,0,0,0,0,0,0,0,0,0,0,0,0,0,0,0,0,0,0,0,0,0,0,0,0,0,0,0,0,0,0,0,0,0,0,0,0,0,0,0,0,0,0,0,0,0,0,0,0,0,0,0,0,0,0,0.0,0.0,0.0,0.0,0.0,0.0,0.0,0.0,0.0,0.0,0.0,0.0
Nottingham Forest,game_state,1983587,against,+2 or better,0,0,0,0,0,0,0,0,0,0,0,0,0,0,0,0,0,0,0,0,0,0,0,0,0,0,0,0,0,0,0,0,0,0,0,0,0,0,0,0,0,0,0,0,0,0,0,0,0,0,0,0,0,0,0,0,0,0,0,0,0,0,0.0,0.0,0.0,0.0,0.0,0.0,0.0,0.0,0.0,0.0,0.0,0.0
Nottingham Forest,game_state,1983587,for,-2 or worse,0,0,0,0,0,0,0,0,0,0,0,0,0,0,0,0,0,0,0,0,0,0,0,0,0,0,0,0,0,0,0,0,0,0,0,0,0,0,0,0,0,0,0,0,0,0,0,0,0,0,0,0,0,0,0,0,0,0,0,0,0,0,0.0,0.0,0.0,0.0,0.0,0.0,0.0,0.0,0.0,0.0,0.0,0.0
Nottingham Forest,game_state,1983587,for,-1,323,12,249,215,243,117,49,83,140,75,14,4,17,5,19,8,3,113,90,94,32,49,155,3,6,4,8,0,3,5,5,3,0,0,0,0,0,0,0,0,0,8,5,15,6,25,12,40,18,0,4,1,4,17,1,14,21,10,4,4,3,47,73.0,277.0,757.0,1215.9,4263.202409999358,3749.13,0.0,3.0,5.0,1.0,11.0,8.0
Nottingham Forest,game_state,1983587,for,Level,393,20,259,212,248,110,63,86,91,121,11,3,15,5,38,20,1,82,62,66,11,33,193,3,10,6,16,2,6,8,7,9,0,2,0,0,0,0,0,0,0,12,5,30,17,41,17,71,34,0,5,2,25,22,8,27,47,20,4,8,7,64,97.0,293.0,802.0,1129.8,4908.149263783705,4700.22,1.0,2.0,1.0,1.0,12.0,16.0
Nottingham Forest,game_state,1983587,for,+1,0,0,0,0,0,0,0,0,0,0,0,0,0,0,0,0,0,0,0,0,0,0,0,0,0,0,0,0,0,0,0,0,0,0,0,0,0,0,0,0,0,0,0,0,0,0,0,0,0,0,0,0,0,0,0,0,0,0,0,0,0,0,0.0,0.0,0.0,0.0,0.0,0.0,0.0,0.0,0.0,0.0,0.0,0.0
Nottingham Forest,game_state,1983587,for,+2 or better,0,0,0,0,0,0,0,0,0,0,0,0,0,0,0,0,0,0,0,0,0,0,0,0,0,0,0,0,0,0,0,0,0,0,0,0,0,0,0,0,0,0,0,0,0,0,0,0,0,0,0,0,0,0,0,0,0,0,0,0,0,0,0.0,0.0,0.0,0.0,0.0,0.0,0.0,0.0,0.0,0.0,0.0,0.0
Nottingham Forest,total,1983587,against,Season,503,13,311,236,289,149,84,78,86,150,9,1,14,5,61,25,0,97,56,47,24,28,264,2,8,5,10,3,6,1,5,5,2,1,1,1,0,1,0,0,0,17,8,45,22,64,32,109,54,0,12,15,40,38,7,54,78,31,10,10,12,97,135.0,343.0,831.0,1392.3,5085.090907541723,5643.75,1.0,3.0,1.0,0.0,23.0,10.0
Nottingham Forest,total,1983587,for,Season,716,32,508,427,491,227,112,169,231,196,25,7,32,10,57,28,4,195,152,160,43,82,348,6,16,10,24,2,9,13,12,12,0,2,0,0,0,0,0,0,0,20,10,45,23,66,29,111,52,0,9,3,29,39,9,41,68,30,8,12,10,111,170.0,570.0,1559.0,2345.7,9171.351673783061,8449.35,1.0,5.0,6.0,2.0,23.0,24.0
Bournemouth,time_block,1983588,against,0-15,107,3,79,52,74,36,17,26,20,32,2,1,2,1,9,1,0,29,15,21,2,4,58,0,2,2,2,0,2,0,2,0,0,0,0,0,0,0,0,0,0,2,1,12,4,10,4,22,8,0,3,3,1,8,0,10,9,6,1,3,0,33,41.0,88.0,149.0,79.59,933.8933905019322,2035.32,0.0,0.0,2.0,0.0,7.0,2.0
Bournemouth,time_block,1983588,against,16-30,60,1,34,26,31,16,8,10,17,9,1,0,1,0,7,2,1,14,8,9,1,4,25,0,0,0,0,0,0,0,0,0,0,0,0,0,0,0,0,0,0,1,0,4,2,7,3,11,5,0,1,2,5,3,0,5,8,5,0,2,2,14,17.0,39.0,79.0,114.44999999999999,478.44778061555377,850.08,0.0,0.0,0.0,0.0,2.0,0.0
Bournemouth,time_block,1983588,against,31-45,130,9,69,49,65,35,10,24,20,29,2,2,2,2,12,4,1,30,17,22,3,4,47,0,1,1,2,1,1,0,2,0,1,0,1,1,0,1,0,0,0,7,4,6,4,22,12,28,16,0,5,1,13,9,4,14,22,11,0,4,3,32,40.0,76.0,171.0,336.84000000000003,959.2153919933914,2077.005,0.0,0.0,2.0,0.0,5.0,2.0
Bournemouth,time_block,1983588,against,46-60,79,3,51,36,49,24,8,19,21,15,2,0,3,0,8,2,0,19,13,14,3,5,37,1,1,1,2,1,1,0,1,1,0,1,1,0,1,1,0,0,0,4,2,6,2,13,7,19,9,0,5,0,2,7,2,10,9,6,1,2,0,23,26.0,56.0,121.0,96.81,671.7906124032869,1246.245,0.0,0.0,2.0,1.0,4.0,2.0
Bournemouth,time_block,1983588,against,61-75,85,1,52,36,47,25,5,22,6,30,0,0,0,0,9,4,1,11,6,7,4,3,45,0,0,0,0,0,0,0,0,0,0,0,0,0,0,0,0,0,0,3,2,7,4,9,6,16,10,0,2,3,7,6,1,8,13,2,1,1,2,22,25.0,67.0,171.0,446.98499999999996,1019.0005732866891,714.84,0.0,0.0,0.0,0.0,9.0,0.0
Bournemouth,time_block,1983588,against,76+,136,8,90,64,86,49,13,28,26,38,5,1,5,1,11,8,3,33,23,22,12,17,68,0,1,1,2,0,1,1,1,1,0,0,0,0,0,0,0,0,0,2,0,14,10,13,6,27,16,0,3,1,7,10,1,8,17,6,2,1,3,35,46.0,91.0,249.0,709.695,1334.3818956195994,2108.82,0.0,1.0,0.0,0.0,7.0,2.0
Bournemouth,time_block,1983588,for,0-15,147,1,104,85,102,48,27,29,32,53,0,0,2,1,10,4,0,15,7,8,4,6,96,0,1,1,1,0,1,0,1,0,0,0,0,0,0,0,0,0,0,1,1,12,8,10,6,22,14,0,2,5,8,11,4,12,19,7,1,0,3,26,35.0,115.0,277.0,160.125,1686.0029617500688,1579.2,0.0,0.0,1.0,0.0,7.0,1.0
Bournemouth,time_block,1983588,for,16-30,83,1,58,51,56,27,19,12,35,16,6,2,7,2,8,5,0,23,21,19,7,11,39,1,1,0,1,0,0,1,0,1,0,0,0,0,0,0,0,0,0,0,0,4,2,7,4,11,6,0,2,3,1,2,0,7,3,4,0,2,2,10,17.0,64.0,321.0,207.165,1040.8413356032192,794.115,0.0,0.0,0.0,0.0,2.0,1.0
Bournemouth,time_block,1983588,for,31-45,137,6,82,59,77,41,14,27,23,36,3,0,3,0,11,3,0,26,15,16,4,9,66,0,1,1,3,2,1,0,3,0,2,0,1,1,0,1,0,0,0,3,0,6,2,22,10,28,12,0,6,4,5,9,0,17,14,8,4,3,4,32,48.0,96.0,213.0,393.54,1305.2527059809174,2089.5,1.0,0.0,0.0,0.0,12.0,3.0
Bournemouth,time_block,1983588,for,46-60,127,6,89,77,86,35,30,24,47,30,1,0,2,1,11,3,2,33,28,27,8,13,62,1,5,4,5,2,3,0,4,1,1,1,1,1,0,1,0,0,0,5,1,6,4,13,6,19,10,0,3,4,7,7,0,9,14,4,2,0,2,17,25.0,95.0,247.0,234.25500000000002,1473.3275215997842,1190.385,1.0,0.0,1.0,1.0,5.0,5.0
Bournemouth,time_block,1983588,for,61-75,119,5,82,71,81,37,24,21,34,37,4,2,4,2,6,5,0,29,21,20,8,10,62,0,3,1,5,3,2,0,1,4,0,3,0,0,0,0,0,0,0,2,1,7,3,10,3,17,6,0,1,2,2,7,2,9,9,7,2,2,1,19,29.0,95.0,248.0,511.66499999999996,1754.9673637436313,1602.93,2.0,0.0,3.0,1.0,0.0,5.0
Bournemouth,time_block,1983588,for,76+,129,5,82,65,79,40,20,22,27,38,2,0,2,0,17,6,1,30,19,20,8,12,62,0,4,1,5,3,1,1,1,4,1,2,0,0,0,0,0,0,0,4,2,14,4,12,6,26,10,0,3,3,12,13,1,10,25,8,0,3,1,26,34.0,85.0,255.0,464.41499999999996,1500.2815004664724,1506.54,0.0,3.0,3.0,2.0,6.0,5.0
Bournemouth,game_state,1983588,against,-2 or worse,0,0,0,0,0,0,0,0,0,0,0,0,0,0,0,0,0,0,0,0,0,0,0,0,0,0,0,0,0,0,0,0,0,0,0,0,0,0,0,0,0,0,0,0,0,0,0,0,0,0,0,0,0,0,0,0,0,0,0,0,0,0,0.0,0.0,0.0,0.0,0.0,0.0,0.0,0.0,0.0,0.0,0.0,0.0
Bournemouth,game_state,1983588,against,-1,17,0,1,0,0,1,0,0,0,0,0,0,0,0,1,0,0,1,0,0,0,0,1,0,0,0,0,0,0,0,0,0,0,0,0,0,0,0,0,0,0,0,0,0,0,3,1,3,1,0,1,0,7,0,3,5,7,2,0,1,0,4,4.0,1.0,4.0,3.989999999999997,6.529036988714334,66.36,0.0,0.0,0.0,0.0,3.0,0.0
Bournemouth,game_state,1983588,against,Level,565,22,363,256,341,179,60,124,104,152,12,4,13,4,53,21,6,129,78,92,24,36,271,1,4,4,6,1,4,1,5,1,1,0,1,1,0,1,0,0,0,18,8,48,26,68,35,116,61,0,17,10,28,42,5,48,70,32,5,11,10,151,185.0,405.0,905.0,1762.74,5254.920947831456,8662.605,0.0,1.0,5.0,0.0,29.0,6.0
Bournemouth,game_state,1983588,against,+1,15,3,11,7,11,5,1,5,6,1,0,0,0,0,2,0,0,6,4,3,1,1,8,0,1,1,2,1,1,0,1,1,0,1,1,0,1,1,0,0,0,1,1,1,0,3,2,4,2,0,1,0,0,1,0,2,1,2,0,1,0,4,6.0,11.0,31.0,17.639999999999993,135.2796596002828,303.345,0.0,0.0,1.0,1.0,2.0,2.0
Bournemouth,game_state,1983588,against,+2 or better,0,0,0,0,0,0,0,0,0,0,0,0,0,0,0,0,0,0,0,0,0,0,0,0,0,0,0,0,0,0,0,0,0,0,0,0,0,0,0,0,0,0,0,0,0,0,0,0,0,0,0,0,0,0,0,0,0,0,0,0,0,0,0.0,0.0,0.0,0.0,0.0,0.0,0.0,0.0,0.0,0.0,0.0,0.0
Bournemouth,game_state,1983588,for,-2 or worse,0,0,0,0,0,0,0,0,0,0,0,0,0,0,0,0,0,0,0,0,0,0,0,0,0,0,0,0,0,0,0,0,0,0,0,0,0,0,0,0,0,0,0,0,0,0,0,0,0,0,0,0,0,0,0,0,0,0,0,0,0,0,0.0,0.0,0.0,0.0,0.0,0.0,0.0,0.0,0.0,0.0,0.0,0.0
Bournemouth,game_state,1983588,for,-1,39,6,28,23,27,11,3,14,19,4,3,0,3,0,2,0,0,19,15,14,4,6,14,0,1,1,3,2,1,0,3,0,2,0,1,1,0,1,0,0,0,0,0,0,0,3,2,3,2,0,1,0,0,0,0,1,0,1,0,0,1,7,13.0,32.0,60.0,75.285,369.74039963508136,931.77,1.0,0.0,0.0,0.0,0.0,3.0
Bournemouth,game_state,1983588,for,Level,688,18,459,378,446,213,126,120,175,203,13,4,17,6,59,26,3,134,95,95,34,54,364,2,14,7,17,8,7,2,7,10,2,6,1,1,0,1,0,0,0,14,5,48,22,68,32,116,54,0,16,21,33,48,7,62,81,37,8,10,11,119,171.0,508.0,1491.0,1944.075,8297.778214537038,7693.98,3.0,3.0,8.0,4.0,31.0,17.0
Bournemouth,game_state,1983588,for,+1,15,0,10,7,8,4,5,1,4,3,0,0,0,0,2,0,0,3,1,1,1,1,9,0,0,0,0,0,0,0,0,0,0,0,0,0,0,0,0,0,0,1,0,1,1,3,1,4,2,0,0,0,2,1,0,1,3,0,1,0,1,4,4.0,10.0,10.0,-48.195,93.15477497197267,136.92000000000002,0.0,0.0,0.0,0.0,1.0,0.0
Bournemouth,game_state,1983588,for,+2 or better,0,0,0,0,0,0,0,0,0,0,0,0,0,0,0,0,0,0,0,0,0,0,0,0,0,0,0,0,0,0,0,0,0,0,0,0,0,0,0,0,0,0,0,0,0,0,0,0,0,0,0,0,0,0,0,0,0,0,0,0,0,0,0.0,0.0,0.0,0.0,0.0,0.0,0.0,0.0,0.0,0.0,0.0,0.0
Bournemouth,total,1983588,against,Season,597,25,375,263,352,185,61,129,110,153,12,4,13,4,56,21,6,136,82,95,25,37,280,1,5,5,8,2,5,1,6,2,1,1,2,1,1,2,0,0,0,19,9,49,26,74,38,123,64,0,19,10,35,43,8,55,78,36,5,13,10,159,195.0,417.0,940.0,1784.3700000000001,5396.729644420453,9032.31,0.0,1.0,6.0,1.0,34.0,8.0
Bournemouth,total,1983588,for,Season,742,24,497,408,481,228,134,135,198,210,16,4,20,6,63,26,3,156,111,110,39,61,387,2,15,8,20,10,8,2,10,10,4,6,2,2,0,2,0,0,0,15,5,49,23,74,35,123,58,0,17,21,35,49,7,64,84,38,9,10,13,130,188.0,550.0,1561.0,1971.165,8760.673389144093,8762.67,4.0,3.0,8.0,4.0,32.0,20.0
Brentford,time_block,1983588,against,0-15,147,1,104,85,102,48,27,29,32,53,0,0,2,1,10,4,0,15,7,8,4,6,96,0,1,1,1,0,1,0,1,0,0,0,0,0,0,0,0,0,0,1,1,12,8,10,6,22,14,0,2,5,8,11,4,12,19,7,1,0,3,26,35.0,115.0,277.0,160.125,1686.0029617500688,1579.2,0.0,0.0,1.0,0.0,7.0,1.0
Brentford,time_block,1983588,against,16-30,83,1,58,51,56,27,19,12,35,16,6,2,7,2,8,5,0,23,21,19,7,11,39,1,1,0,1,0,0,1,0,1,0,0,0,0,0,0,0,0,0,0,0,4,2,7,4,11,6,0,2,3,1,2,0,7,3,4,0,2,2,10,17.0,64.0,321.0,207.165,1040.8413356032192,794.115,0.0,0.0,0.0,0.0,2.0,1.0
Brentford,time_block,1983588,against,31-45,137,6,82,59,77,41,14,27,23,36,3,0,3,0,11,3,0,26,15,16,4,9,66,0,1,1,3,2,1,0,3,0,2,0,1,1,0,1,0,0,0,3,0,6,2,22,10,28,12,0,6,4,5,9,0,17,14,8,4,3,4,32,48.0,96.0,213.0,393.54,1305.2527059809174,2089.5,1.0,0.0,0.0,0.0,12.0,3.0
Brentford,time_block,1983588,against,46-60,127,6,89,77,86,35,30,24,47,30,1,0,2,1,11,3,2,33,28,27,8,13,62,1,5,4,5,2,3,0,4,1,1,1,1,1,0,1,0,0,0,5,1,6,4,13,6,19,10,0,3,4,7,7,0,9,14,4,2,0,2,17,25.0,95.0,247.0,234.25500000000002,1473.3275215997842,1190.385,1.0,0.0,1.0,1.0,5.0,5.0
Brentford,time_block,1983588,against,61-75,119,5,82,71,81,37,24,21,34,37,4,2,4,2,6,5,0,29,21,20,8,10,62,0,3,1,5,3,2,0,1,4,0,3,0,0,0,0,0,0,0,2,1,7,3,10,3,17,6,0,1,2,2,7,2,9,9,7,2,2,1,19,29.0,95.0,248.0,511.66499999999996,1754.9673637436313,1602.93,2.0,0.0,3.0,1.0,0.0,5.0
Brentford,time_block,1983588,against,76+,129,5,82,65,79,40,20,22,27,38,2,0,2,0,17,6,1,30,19,20,8,12,62,0,4,1,5,3,1,1,1,4,1,2,0,0,0,0,0,0,0,4,2,14,4,12,6,26,10,0,3,3,12,13,1,10,25,8,0,3,1,26,34.0,85.0,255.0,464.41499999999996,1500.2815004664724,1506.54,0.0,3.0,3.0,2.0,6.0,5.0
Brentford,time_block,1983588,for,0-15,107,3,79,52,74,36,17,26,20,32,2,1,2,1,9,1,0,29,15,21,2,4,58,0,2,2,2,0,2,0,2,0,0,0,0,0,0,0,0,0,0,2,1,12,4,10,4,22,8,0,3,3,1,8,0,10,9,6,1,3,0,33,41.0,88.0,149.0,79.59,933.8933905019322,2035.32,0.0,0.0,2.0,0.0,7.0,2.0
Brentford,time_block,1983588,for,16-30,60,1,34,26,31,16,8,10,17,9,1,0,1,0,7,2,1,14,8,9,1,4,25,0,0,0,0,0,0,0,0,0,0,0,0,0,0,0,0,0,0,1,0,4,2,7,3,11,5,0,1,2,5,3,0,5,8,5,0,2,2,14,17.0,39.0,79.0,114.44999999999999,478.44778061555377,850.08,0.0,0.0,0.0,0.0,2.0,0.0
Brentford,time_block,1983588,for,31-45,130,9,69,49,65,35,10,24,20,29,2,2,2,2,12,4,1,30,17,22,3,4,47,0,1,1,2,1,1,0,2,0,1,0,1,1,0,1,0,0,0,7,4,6,4,22,12,28,16,0,5,1,13,9,4,14,22,11,0,4,3,32,40.0,76.0,171.0,336.84000000000003,959.2153919933914,2077.005,0.0,0.0,2.0,0.0,5.0,2.0
Brentford,time_block,1983588,for,46-60,79,3,51,36,49,24,8,19,21,15,2,0,3,0,8,2,0,19,13,14,3,5,37,1,1,1,2,1,1,0,1,1,0,1,1,0,1,1,0,0,0,4,2,6,2,13,7,19,9,0,5,0,2,7,2,10,9,6,1,2,0,23,26.0,56.0,121.0,96.81,671.7906124032869,1246.245,0.0,0.0,2.0,1.0,4.0,2.0
Brentford,time_block,1983588,for,61-75,85,1,52,36,47,25,5,22,6,30,0,0,0,0,9,4,1,11,6,7,4,3,45,0,0,0,0,0,0,0,0,0,0,0,0,0,0,0,0,0,0,3,2,7,4,9,6,16,10,0,2,3,7,6,1,8,13,2,1,1,2,22,25.0,67.0,171.0,446.98499999999996,1019.0005732866891,714.84,0.0,0.0,0.0,0.0,9.0,0.0
Brentford,time_block,1983588,for,76+,136,8,90,64,86,49,13,28,26,38,5,1,5,1,11,8,3,33,23,22,12,17,68,0,1,1,2,0,1,1,1,1,0,0,0,0,0,0,0,0,0,2,0,14,10,13,6,27,16,0,3,1,7,10,1,8,17,6,2,1,3,35,46.0,91.0,249.0,709.695,1334.3818956195994,2108.82,0.0,1.0,0.0,0.0,7.0,2.0
Brentford,game_state,1983588,against,-2 or worse,0,0,0,0,0,0,0,0,0,0,0,0,0,0,0,0,0,0,0,0,0,0,0,0,0,0,0,0,0,0,0,0,0,0,0,0,0,0,0,0,0,0,0,0,0,0,0,0,0,0,0,0,0,0,0,0,0,0,0,0,0,0,0.0,0.0,0.0,0.0,0.0,0.0,0.0,0.0,0.0,0.0,0.0,0.0
Brentford,game_state,1983588,against,-1,15,0,10,7,8,4,5,1,4,3,0,0,0,0,2,0,0,3,1,1,1,1,9,0,0,0,0,0,0,0,0,0,0,0,0,0,0,0,0,0,0,1,0,1,1,3,1,4,2,0,0,0,2,1,0,1,3,0,1,0,1,4,4.0,10.0,10.0,-48.195,93.15477497197267,136.92000000000002,0.0,0.0,0.0,0.0,1.0,0.0
Brentford,game_state,1983588,against,Level,688,18,459,378,446,213,126,120,175,203,13,4,17,6,59,26,3,134,95,95,34,54,364,2,14,7,17,8,7,2,7,10,2,6,1,1,0,1,0,0,0,14,5,48,22,68,32,116,54,0,16,21,33,48,7,62,81,37,8,10,11,119,171.0,508.0,1491.0,1944.075,8297.778214537038,7693.98,3.0,3.0,8.0,4.0,31.0,17.0
Brentford,game_state,1983588,against,+1,39,6,28,23,27,11,3,14,19,4,3,0,3,0,2,0,0,19,15,14,4,6,14,0,1,1,3,2,1,0,3,0,2,0,1,1,0,1,0,0,0,0,0,0,0,3,2,3,2,0,1,0,0,0,0,1,0,1,0,0,1,7,13.0,32.0,60.0,75.285,369.74039963508136,931.77,1.0,0.0,0.0,0.0,0.0,3.0
Brentford,game_state,1983588,against,+2 or better,0,0,0,0,0,0,0,0,0,0,0,0,0,0,0,0,0,0,0,0,0,0,0,0,0,0,0,0,0,0,0,0,0,0,0,0,0,0,0,0,0,0,0,0,0,0,0,0,0,0,0,0,0,0,0,0,0,0,0,0,0,0,0.0,0.0,0.0,0.0,0.0,0.0,0.0,0.0,0.0,0.0,0.0,0.0
Brentford,game_state,1983588,for,-2 or worse,0,0,0,0,0,0,0,0,0,0,0,0,0,0,0,0,0,0,0,0,0,0,0,0,0,0,0,0,0,0,0,0,0,0,0,0,0,0,0,0,0,0,0,0,0,0,0,0,0,0,0,0,0,0,0,0,0,0,0,0,0,0,0.0,0.0,0.0,0.0,0.0,0.0,0.0,0.0,0.0,0.0,0.0,0.0
Brentford,game_state,1983588,for,-1,15,3,11,7,11,5,1,5,6,1,0,0,0,0,2,0,0,6,4,3,1,1,8,0,1,1,2,1,1,0,1,1,0,1,1,0,1,1,0,0,0,1,1,1,0,3,2,4,2,0,1,0,0,1,0,2,1,2,0,1,0,4,6.0,11.0,31.0,17.639999999999993,135.2796596002828,303.345,0.0,0.0,1.0,1.0,2.0,2.0
Brentford,game_state,1983588,for,Level,565,22,363,256,341,179,60,124,104,152,12,4,13,4,53,21,6,129,78,92,24,36,271,1,4,4,6,1,4,1,5,1,1,0,1,1,0,1,0,0,0,18,8,48,26,68,35,116,61,0,17,10,28,42,5,48,70,32,5,11,10,151,185.0,405.0,905.0,1762.74,5254.920947831456,8662.605,0.0,1.0,5.0,0.0,29.0,6.0
Brentford,game_state,1983588,for,+1,17,0,1,0,0,1,0,0,0,0,0,0,0,0,1,0,0,1,0,0,0,0,1,0,0,0,0,0,0,0,0,0,0,0,0,0,0,0,0,0,0,0,0,0,0,3,1,3,1,0,1,0,7,0,3,5,7,2,0,1,0,4,4.0,1.0,4.0,3.989999999999997,6.529036988714334,66.36,0.0,0.0,0.0,0.0,3.0,0.0
Brentford,game_state,1983588,for,+2 or better,0,0,0,0,0,0,0,0,0,0,0,0,0,0,0,0,0,0,0,0,0,0,0,0,0,0,0,0,0,0,0,0,0,0,0,0,0,0,0,0,0,0,0,0,0,0,0,0,0,0,0,0,0,0,0,0,0,0,0,0,0,0,0.0,0.0,0.0,0.0,0.0,0.0,0.0,0.0,0.0,0.0,0.0,0.0
Brentford,total,1983588,against,Season,742,24,497,408,481,228,134,135,198,210,16,4,20,6,63,26,3,156,111,110,39,61,387,2,15,8,20,10,8,2,10,10,4,6,2,2,0,2,0,0,0,15,5,49,23,74,35,123,58,0,17,21,35,49,7,64,84,38,9,10,13,130,188.0,550.0,1561.0,1971.165,8760.673389144093,8762.67,4.0,3.0,8.0,4.0,32.0,20.0
Brentford,total,1983588,for,Season,597,25,375,263,352,185,61,129,110,153,12,4,13,4,56,21,6,136,82,95,25,37,280,1,5,5,8,2,5,1,6,2,1,1,2,1,1,2,0,0,0,19,9,49,26,74,38,123,64,0,19,10,35,43,8,55,78,36,5,13,10,159,195.0,417.0,940.0,1784.3700000000001,5396.729644420453,9032.31,0.0,1.0,6.0,1.0,34.0,8.0
Tottenham,time_block,1983589,against,0-15,140,2,95,78,92,34,23,38,15,63,1,0,1,0,12,4,0,12,9,6,4,6,89,0,1,0,1,1,0,0,1,0,1,0,0,0,0,0,0,0,0,6,1,3,2,16,7,19,9,0,5,1,8,9,2,9,17,4,0,1,1,27,31.0,104.0,281.0,230.47500000000002,1541.4682711245778,1061.34,1.0,1.0,0.0,0.0,9.0,1.0
Tottenham,time_block,1983589,against,16-30,66,3,34,30,30,14,7,13,14,16,0,0,0,0,3,2,0,13,11,8,4,3,26,0,3,1,3,1,2,0,1,2,1,0,0,0,0,0,0,0,0,4,2,0,0,12,6,12,6,0,3,1,4,3,1,7,7,5,0,2,1,9,16.0,42.0,97.0,172.82999999999998,648.0828281732545,628.4250000000001,0.0,1.0,2.0,1.0,2.0,3.0
Tottenham,time_block,1983589,against,31-45,118,7,69,58,67,32,19,18,22,36,1,0,3,0,12,9,1,20,16,14,7,5,55,1,3,2,5,1,3,1,4,1,1,0,1,1,0,1,0,0,0,7,2,2,2,20,8,22,10,0,3,2,8,9,1,11,17,6,4,1,3,23,30.0,71.0,216.0,330.75,1285.8759993208262,1453.095,0.0,0.0,1.0,1.0,6.0,5.0
Tottenham,time_block,1983589,against,46-60,70,3,35,28,32,18,9,8,6,22,1,0,1,0,4,1,2,7,6,5,1,5,30,0,3,1,3,1,1,1,1,2,1,0,0,0,0,0,0,0,0,7,4,1,0,17,8,18,8,0,2,4,4,10,3,12,14,2,2,1,2,16,16.0,37.0,130.0,303.87,707.5812910950463,439.95,0.0,3.0,0.0,0.0,4.0,3.0
Tottenham,time_block,1983589,against,61-75,51,1,25,17,20,16,3,6,5,12,0,0,0,0,7,3,0,6,3,2,2,1,23,0,1,1,1,1,0,0,1,0,1,0,1,1,0,1,0,0,0,3,1,1,0,10,2,11,2,0,1,2,5,2,2,10,7,2,3,2,0,12,13.0,27.0,89.0,256.62,489.64367216939183,281.08500000000004,0.0,0.0,0.0,0.0,2.0,1.0
Tottenham,time_block,1983589,against,76+,120,3,78,69,73,34,24,20,25,44,1,0,1,0,13,5,0,12,9,10,2,5,68,0,1,0,2,1,0,1,1,1,0,1,1,0,1,1,0,0,0,6,4,3,2,31,10,34,12,0,4,5,6,10,1,20,16,10,4,6,2,21,21.0,79.0,269.0,113.40000000000002,1322.9689760938534,778.155,0.0,0.0,1.0,0.0,5.0,2.0
Tottenham,time_block,1983589,for,0-15,123,6,76,61,75,30,17,29,27,34,5,0,7,0,8,2,1,28,20,22,4,9,54,2,0,0,3,2,1,0,2,1,2,0,0,0,0,0,0,0,0,1,0,3,1,16,9,19,10,0,8,3,1,11,2,15,12,12,1,1,1,23,33.0,87.0,243.0,301.77,1277.449903323515,1964.865,0.0,0.0,3.0,1.0,1.0,3.0
Tottenham,time_block,1983589,for,16-30,127,2,104,93,99,45,25,34,65,28,1,0,2,0,6,4,2,41,36,34,9,11,70,1,3,2,3,2,1,0,1,2,1,1,0,0,0,0,0,0,0,1,0,0,0,12,6,12,6,0,4,0,2,6,0,7,8,3,2,1,2,16,22.0,108.0,282.0,290.64,1538.181767664835,1048.11,1.0,0.0,1.0,0.0,6.0,3.0
Tottenham,time_block,1983589,for,31-45,124,6,79,64,75,40,17,22,31,33,2,0,5,0,6,1,1,27,19,17,8,12,62,4,2,0,4,0,1,3,3,1,0,0,0,0,0,0,0,0,0,5,4,2,0,18,10,20,10,0,5,4,3,8,1,15,11,9,2,3,1,23,35.0,88.0,200.0,316.05,1218.4292595753595,2041.935,0.0,1.0,1.0,0.0,3.0,4.0
Tottenham,time_block,1983589,for,46-60,146,2,116,104,114,38,21,57,64,40,3,2,3,2,3,2,0,46,37,38,12,6,78,0,0,0,0,0,0,0,0,0,0,0,0,0,0,0,0,0,0,4,2,1,1,17,8,18,9,0,5,1,0,8,0,12,8,9,4,2,1,20,21.0,124.0,487.0,478.065,1870.7809805967222,1096.83,1.0,0.0,0.0,0.0,1.0,0.0
Tottenham,time_block,1983589,for,61-75,132,6,101,92,99,34,21,46,56,36,4,0,7,1,5,4,0,44,38,40,7,12,61,3,3,1,4,0,3,1,1,3,0,0,0,0,0,0,0,0,0,4,3,1,1,11,8,12,9,0,3,2,0,6,0,6,6,3,1,0,2,13,24.0,110.0,309.0,402.46500000000003,1635.6047417501004,1481.445,0.0,1.0,0.0,0.0,0.0,4.0
Tottenham,time_block,1983589,for,76+,153,9,105,90,101,41,17,47,45,45,3,2,6,3,6,2,0,38,26,31,5,13,74,1,4,4,6,3,3,0,5,1,2,1,2,2,0,2,0,0,0,8,4,3,1,32,20,35,21,0,10,0,3,13,0,16,16,12,4,2,6,22,32.0,114.0,297.0,392.80500000000006,1531.9122895007692,1984.92,1.0,0.0,3.0,1.0,3.0,6.0
Tottenham,game_state,1983589,against,-2 or worse,157,3,98,83,91,46,26,26,29,54,1,0,1,0,17,7,0,15,10,11,3,6,87,0,1,0,2,1,0,1,1,1,0,1,1,0,1,1,0,0,0,8,4,3,2,38,11,41,13,0,5,6,11,12,2,27,23,12,7,7,2,30,29.0,100.0,346.0,276.885,1712.0555346223766,956.865,0.0,0.0,1.0,0.0,6.0,2.0
Tottenham,game_state,1983589,against,-1,112,9,58,46,51,31,15,12,12,34,1,0,1,0,10,5,2,15,12,9,5,6,49,0,5,3,6,2,2,2,4,2,2,0,1,1,0,1,0,0,0,11,6,3,1,26,11,29,12,0,2,6,4,13,4,18,17,4,4,2,3,25,29.0,62.0,212.0,502.005,1241.1019526182274,879.375,0.0,3.0,0.0,0.0,7.0,6.0
Tottenham,game_state,1983589,against,Level,296,7,180,151,172,71,44,65,46,105,2,0,4,0,24,12,1,40,32,25,12,13,155,1,6,2,7,3,4,0,4,3,3,0,1,1,0,1,0,0,0,14,4,4,3,42,19,46,22,0,11,3,20,18,4,24,38,13,2,4,4,53,69.0,198.0,524.0,629.055,3042.463550736346,2805.81,1.0,2.0,3.0,2.0,15.0,7.0
Tottenham,game_state,1983589,against,+1,0,0,0,0,0,0,0,0,0,0,0,0,0,0,0,0,0,0,0,0,0,0,0,0,0,0,0,0,0,0,0,0,0,0,0,0,0,0,0,0,0,0,0,0,0,0,0,0,0,0,0,0,0,0,0,0,0,0,0,0,0,0,0.0,0.0,0.0,0.0,0.0,0.0,0.0,0.0,0.0,0.0,0.0,0.0
Tottenham,game_state,1983589,against,+2 or better,0,0,0,0,0,0,0,0,0,0,0,0,0,0,0,0,0,0,0,0,0,0,0,0,0,0,0,0,0,0,0,0,0,0,0,0,0,0,0,0,0,0,0,0,0,0,0,0,0,0,0,0,0,0,0,0,0,0,0,0,0,0,0.0,0.0,0.0,0.0,0.0,0.0,0.0,0.0,0.0,0.0,0.0,0.0
Tottenham,game_state,1983589,for,-2 or worse,254,13,183,162,178,66,35,82,91,71,7,2,11,3,8,3,0,70,54,61,10,22,122,3,6,4,9,3,5,1,5,4,2,1,2,2,0,2,0,0,0,11,7,3,1,39,26,42,27,0,12,2,3,17,0,20,20,14,4,2,7,31,49.0,198.0,524.0,693.105,2758.161459145299,3045.525,1.0,1.0,3.0,1.0,3.0,9.0
Tottenham,game_state,1983589,for,-1,213,5,169,149,164,64,29,76,81,68,3,2,5,3,7,5,0,63,50,49,17,10,120,1,2,1,2,0,2,0,2,0,0,0,0,0,0,0,0,0,0,7,4,3,2,26,13,29,15,0,7,1,0,13,0,17,13,11,6,3,2,29,36.0,180.0,635.0,682.8149999999999,2738.813245478465,1864.275,1.0,0.0,0.0,0.0,1.0,2.0
Tottenham,game_state,1983589,for,Level,338,13,229,193,221,98,54,77,116,77,8,0,14,0,19,7,4,91,72,72,18,31,157,7,4,2,9,4,2,3,5,4,3,1,0,0,0,0,0,0,0,5,2,4,1,41,22,45,23,0,16,7,6,22,3,34,28,23,4,4,4,57,82.0,253.0,659.0,805.875,3575.384237787537,4708.305,1.0,1.0,5.0,1.0,10.0,9.0
Tottenham,game_state,1983589,for,+1,0,0,0,0,0,0,0,0,0,0,0,0,0,0,0,0,0,0,0,0,0,0,0,0,0,0,0,0,0,0,0,0,0,0,0,0,0,0,0,0,0,0,0,0,0,0,0,0,0,0,0,0,0,0,0,0,0,0,0,0,0,0,0.0,0.0,0.0,0.0,0.0,0.0,0.0,0.0,0.0,0.0,0.0,0.0
Tottenham,game_state,1983589,for,+2 or better,0,0,0,0,0,0,0,0,0,0,0,0,0,0,0,0,0,0,0,0,0,0,0,0,0,0,0,0,0,0,0,0,0,0,0,0,0,0,0,0,0,0,0,0,0,0,0,0,0,0,0,0,0,0,0,0,0,0,0,0,0,0,0.0,0.0,0.0,0.0,0.0,0.0,0.0,0.0,0.0,0.0,0.0,0.0
Tottenham,total,1983589,against,Season,565,19,336,280,314,148,85,103,87,193,4,0,6,0,51,24,3,70,54,45,20,25,291,1,12,5,15,6,6,3,9,6,5,1,3,2,1,3,0,0,0,33,14,10,6,106,41,116,47,0,18,15,35,43,10,69,78,29,13,13,9,108,127.0,360.0,1082.0,1407.945,5995.62103797695,4642.05,1.0,5.0,4.0,2.0,28.0,15.0
Tottenham,total,1983589,for,Season,805,31,581,504,563,228,118,235,288,216,18,4,30,6,34,15,4,224,176,182,45,63,399,11,12,7,20,7,9,4,12,8,5,2,2,2,0,2,0,0,0,23,13,10,4,106,61,116,65,0,35,10,9,52,3,71,61,48,14,9,13,117,167.0,631.0,1818.0,2181.795,9072.358942411302,9618.105,3.0,2.0,8.0,2.0,14.0,20.0
Aston Villa,time_block,1983589,against,0-15,123,6,76,61,75,30,17,29,27,34,5,0,7,0,8,2,1,28,20,22,4,9,54,2,0,0,3,2,1,0,2,1,2,0,0,0,0,0,0,0,0,1,0,3,1,16,9,19,10,0,8,3,1,11,2,15,12,12,1,1,1,23,33.0,87.0,243.0,301.77,1277.449903323515,1964.865,0.0,0.0,3.0,1.0,1.0,3.0
Aston Villa,time_block,1983589,against,16-30,127,2,104,93,99,45,25,34,65,28,1,0,2,0,6,4,2,41,36,34,9,11,70,1,3,2,3,2,1,0,1,2,1,1,0,0,0,0,0,0,0,1,0,0,0,12,6,12,6,0,4,0,2,6,0,7,8,3,2,1,2,16,22.0,108.0,282.0,290.64,1538.181767664835,1048.11,1.0,0.0,1.0,0.0,6.0,3.0
Aston Villa,time_block,1983589,against,31-45,124,6,79,64,75,40,17,22,31,33,2,0,5,0,6,1,1,27,19,17,8,12,62,4,2,0,4,0,1,3,3,1,0,0,0,0,0,0,0,0,0,5,4,2,0,18,10,20,10,0,5,4,3,8,1,15,11,9,2,3,1,23,35.0,88.0,200.0,316.05,1218.4292595753595,2041.935,0.0,1.0,1.0,0.0,3.0,4.0
Aston Villa,time_block,1983589,against,46-60,146,2,116,104,114,38,21,57,64,40,3,2,3,2,3,2,0,46,37,38,12,6,78,0,0,0,0,0,0,0,0,0,0,0,0,0,0,0,0,0,0,4,2,1,1,17,8,18,9,0,5,1,0,8,0,12,8,9,4,2,1,20,21.0,124.0,487.0,478.065,1870.7809805967222,1096.83,1.0,0.0,0.0,0.0,1.0,0.0
Aston Villa,time_block,1983589,against,61-75,132,6,101,92,99,34,21,46,56,36,4,0,7,1,5,4,0,44,38,40,7,12,61,3,3,1,4,0,3,1,1,3,0,0,0,0,0,0,0,0,0,4,3,1,1,11,8,12,9,0,3,2,0,6,0,6,6,3,1,0,2,13,24.0,110.0,309.0,402.46500000000003,1635.6047417501004,1481.445,0.0,1.0,0.0,0.0,0.0,4.0
Aston Villa,time_block,1983589,against,76+,153,9,105,90,101,41,17,47,45,45,3,2,6,3,6,2,0,38,26,31,5,13,74,1,4,4,6,3,3,0,5,1,2,1,2,2,0,2,0,0,0,8,4,3,1,32,20,35,21,0,10,0,3,13,0,16,16,12,4,2,6,22,32.0,114.0,297.0,392.80500000000006,1531.9122895007692,1984.92,1.0,0.0,3.0,1.0,3.0,6.0
Aston Villa,time_block,1983589,for,0-15,140,2,95,78,92,34,23,38,15,63,1,0,1,0,12,4,0,12,9,6,4,6,89,0,1,0,1,1,0,0,1,0,1,0,0,0,0,0,0,0,0,6,1,3,2,16,7,19,9,0,5,1,8,9,2,9,17,4,0,1,1,27,31.0,104.0,281.0,230.47500000000002,1541.4682711245778,1061.34,1.0,1.0,0.0,0.0,9.0,1.0
Aston Villa,time_block,1983589,for,16-30,66,3,34,30,30,14,7,13,14,16,0,0,0,0,3,2,0,13,11,8,4,3,26,0,3,1,3,1,2,0,1,2,1,0,0,0,0,0,0,0,0,4,2,0,0,12,6,12,6,0,3,1,4,3,1,7,7,5,0,2,1,9,16.0,42.0,97.0,172.82999999999998,648.0828281732545,628.4250000000001,0.0,1.0,2.0,1.0,2.0,3.0
Aston Villa,time_block,1983589,for,31-45,118,7,69,58,67,32,19,18,22,36,1,0,3,0,12,9,1,20,16,14,7,5,55,1,3,2,5,1,3,1,4,1,1,0,1,1,0,1,0,0,0,7,2,2,2,20,8,22,10,0,3,2,8,9,1,11,17,6,4,1,3,23,30.0,71.0,216.0,330.75,1285.8759993208262,1453.095,0.0,0.0,1.0,1.0,6.0,5.0
Aston Villa,time_block,1983589,for,46-60,70,3,35,28,32,18,9,8,6,22,1,0,1,0,4,1,2,7,6,5,1,5,30,0,3,1,3,1,1,1,1,2,1,0,0,0,0,0,0,0,0,7,4,1,0,17,8,18,8,0,2,4,4,10,3,12,14,2,2,1,2,16,16.0,37.0,130.0,303.87,707.5812910950463,439.95,0.0,3.0,0.0,0.0,4.0,3.0
Aston Villa,time_block,1983589,for,61-75,51,1,25,17,20,16,3,6,5,12,0,0,0,0,7,3,0,6,3,2,2,1,23,0,1,1,1,1,0,0,1,0,1,0,1,1,0,1,0,0,0,3,1,1,0,10,2,11,2,0,1,2,5,2,2,10,7,2,3,2,0,12,13.0,27.0,89.0,256.62,489.64367216939183,281.08500000000004,0.0,0.0,0.0,0.0,2.0,1.0
Aston Villa,time_block,1983589,for,76+,120,3,78,69,73,34,24,20,25,44,1,0,1,0,13,5,0,12,9,10,2,5,68,0,1,0,2,1,0,1,1,1,0,1,1,0,1,1,0,0,0,6,4,3,2,31,10,34,12,0,4,5,6,10,1,20,16,10,4,6,2,21,21.0,79.0,269.0,113.40000000000002,1322.9689760938534,778.155,0.0,0.0,1.0,0.0,5.0,2.0
Aston Villa,game_state,1983589,against,-2 or worse,0,0,0,0,0,0,0,0,0,0,0,0,0,0,0,0,0,0,0,0,0,0,0,0,0,0,0,0,0,0,0,0,0,0,0,0,0,0,0,0,0,0,0,0,0,0,0,0,0,0,0,0,0,0,0,0,0,0,0,0,0,0,0.0,0.0,0.0,0.0,0.0,0.0,0.0,0.0,0.0,0.0,0.0,0.0
Aston Villa,game_state,1983589,against,-1,0,0,0,0,0,0,0,0,0,0,0,0,0,0,0,0,0,0,0,0,0,0,0,0,0,0,0,0,0,0,0,0,0,0,0,0,0,0,0,0,0,0,0,0,0,0,0,0,0,0,0,0,0,0,0,0,0,0,0,0,0,0,0.0,0.0,0.0,0.0,0.0,0.0,0.0,0.0,0.0,0.0,0.0,0.0
Aston Villa,game_state,1983589,against,Level,338,13,229,193,221,98,54,77,116,77,8,0,14,0,19,7,4,91,72,72,18,31,157,7,4,2,9,4,2,3,5,4,3,1,0,0,0,0,0,0,0,5,2,4,1,41,22,45,23,0,16,7,6,22,3,34,28,23,4,4,4,57,82.0,253.0,659.0,805.875,3575.384237787537,4708.305,1.0,1.0,5.0,1.0,10.0,9.0
Aston Villa,game_state,1983589,against,+1,213,5,169,149,164,64,29,76,81,68,3,2,5,3,7,5,0,63,50,49,17,10,120,1,2,1,2,0,2,0,2,0,0,0,0,0,0,0,0,0,0,7,4,3,2,26,13,29,15,0,7,1,0,13,0,17,13,11,6,3,2,29,36.0,180.0,635.0,682.8149999999999,2738.813245478465,1864.275,1.0,0.0,0.0,0.0,1.0,2.0
Aston Villa,game_state,1983589,against,+2 or better,254,13,183,162,178,66,35,82,91,71,7,2,11,3,8,3,0,70,54,61,10,22,122,3,6,4,9,3,5,1,5,4,2,1,2,2,0,2,0,0,0,11,7,3,1,39,26,42,27,0,12,2,3,17,0,20,20,14,4,2,7,31,49.0,198.0,524.0,693.105,2758.161459145299,3045.525,1.0,1.0,3.0,1.0,3.0,9.0
Aston Villa,game_state,1983589,for,-2 or worse,0,0,0,0,0,0,0,0,0,0,0,0,0,0,0,0,0,0,0,0,0,0,0,0,0,0,0,0,0,0,0,0,0,0,0,0,0,0,0,0,0,0,0,0,0,0,0,0,0,0,0,0,0,0,0,0,0,0,0,0,0,0,0.0,0.0,0.0,0.0,0.0,0.0,0.0,0.0,0.0,0.0,0.0,0.0
Aston Villa,game_state,1983589,for,-1,0,0,0,0,0,0,0,0,0,0,0,0,0,0,0,0,0,0,0,0,0,0,0,0,0,0,0,0,0,0,0,0,0,0,0,0,0,0,0,0,0,0,0,0,0,0,0,0,0,0,0,0,0,0,0,0,0,0,0,0,0,0,0.0,0.0,0.0,0.0,0.0,0.0,0.0,0.0,0.0,0.0,0.0,0.0
Aston Villa,game_state,1983589,for,Level,296,7,180,151,172,71,44,65,46,105,2,0,4,0,24,12,1,40,32,25,12,13,155,1,6,2,7,3,4,0,4,3,3,0,1,1,0,1,0,0,0,14,4,4,3,42,19,46,22,0,11,3,20,18,4,24,38,13,2,4,4,53,69.0,198.0,524.0,629.055,3042.463550736346,2805.81,1.0,2.0,3.0,2.0,15.0,7.0
Aston Villa,game_state,1983589,for,+1,112,9,58,46,51,31,15,12,12,34,1,0,1,0,10,5,2,15,12,9,5,6,49,0,5,3,6,2,2,2,4,2,2,0,1,1,0,1,0,0,0,11,6,3,1,26,11,29,12,0,2,6,4,13,4,18,17,4,4,2,3,25,29.0,62.0,212.0,502.005,1241.1019526182274,879.375,0.0,3.0,0.0,0.0,7.0,6.0
Aston Villa,game_state,1983589,for,+2 or better,157,3,98,83,91,46,26,26,29,54,1,0,1,0,17,7,0,15,10,11,3,6,87,0,1,0,2,1,0,1,1,1,0,1,1,0,1,1,0,0,0,8,4,3,2,38,11,41,13,0,5,6,11,12,2,27,23,12,7,7,2,30,29.0,100.0,346.0,276.885,1712.0555346223766,956.865,0.0,0.0,1.0,0.0,6.0,2.0
Aston Villa,total,1983589,against,Season,805,31,581,504,563,228,118,235,288,216,18,4,30,6,34,15,4,224,176,182,45,63,399,11,12,7,20,7,9,4,12,8,5,2,2,2,0,2,0,0,0,23,13,10,4,106,61,116,65,0,35,10,9,52,3,71,61,48,14,9,13,117,167.0,631.0,1818.0,2181.795,9072.358942411302,9618.105,3.0,2.0,8.0,2.0,14.0,20.0
Aston Villa,total,1983589,for,Season,565,19,336,280,314,148,85,103,87,193,4,0,6,0,51,24,3,70,54,45,20,25,291,1,12,5,15,6,6,3,9,6,5,1,3,2,1,3,0,0,0,33,14,10,6,106,41,116,47,0,18,15,35,43,10,69,78,29,13,13,9,108,127.0,360.0,1082.0,1407.945,5995.62103797695,4642.05,1.0,5.0,4.0,2.0,28.0,15.0
Aston Villa,time_block,1983590,against,0-15,87,1,54,40,52,24,10,20,14,26,0,0,1,1,8,5,0,9,7,6,6,1,48,0,2,1,2,1,1,0,1,1,0,1,0,0,0,0,0,0,0,1,0,7,5,8,4,15,9,0,2,1,10,6,2,8,16,4,1,2,2,16,20.0,59.0,160.0,342.51,917.9046623707256,668.01,0.0,0.0,0.0,0.0,7.0,2.0
Aston Villa,time_block,1983590,against,16-30,47,2,31,28,29,12,6,13,9,19,0,0,0,0,5,3,2,11,9,10,2,2,21,0,0,0,1,1,0,0,1,0,1,0,0,0,0,0,0,0,0,1,1,0,0,7,4,7,4,0,2,1,4,3,0,6,7,5,0,3,1,3,8.0,32.0,107.0,240.765,615.0447456991449,191.52,0.0,1.0,0.0,0.0,2.0,1.0
Aston Villa,time_block,1983590,against,31-45,114,5,63,49,59,27,12,24,24,25,2,0,2,0,5,1,0,15,10,11,4,9,52,0,2,2,3,2,1,0,2,1,1,1,1,0,1,1,0,0,0,6,2,4,3,24,13,28,16,0,8,1,7,11,2,17,18,10,3,3,3,23,31.0,70.0,170.0,386.19,1057.017813101365,1332.45,0.0,0.0,3.0,1.0,8.0,3.0
Aston Villa,time_block,1983590,against,46-60,135,13,94,87,90,41,22,31,42,45,4,3,4,3,10,8,1,34,33,25,11,17,69,0,6,5,6,0,5,1,4,2,0,0,0,0,0,0,0,0,0,4,0,1,0,12,5,13,5,0,4,2,3,7,3,10,10,6,0,1,1,18,24.0,102.0,309.0,453.91499999999996,1888.3004189485855,981.855,0.0,2.0,0.0,0.0,2.0,6.0
Aston Villa,time_block,1983590,against,61-75,64,2,37,32,36,22,5,10,8,24,1,0,1,0,4,1,1,9,6,2,4,6,35,0,1,1,1,0,0,1,1,0,0,0,0,0,0,0,0,0,0,3,0,2,2,15,6,17,8,0,4,1,5,5,1,11,10,5,0,5,2,10,14.0,40.0,103.0,197.505,577.0032850758047,592.9350000000001,0.0,0.0,0.0,0.0,3.0,1.0
Aston Villa,time_block,1983590,against,76+,123,9,81,73,78,44,16,21,41,32,5,5,6,5,5,2,0,30,23,22,6,15,59,1,6,4,9,3,5,1,5,4,3,0,1,1,0,1,0,0,0,1,0,7,3,13,5,20,8,0,3,2,8,10,1,10,18,6,2,2,2,14,24.0,89.0,254.0,508.72499999999997,1600.8809580015106,1132.845,2.0,2.0,0.0,0.0,4.0,9.0
Aston Villa,time_block,1983590,for,0-15,117,6,84,71,80,32,30,22,38,33,5,1,6,1,9,3,0,40,30,33,3,10,51,3,2,2,3,2,0,1,3,0,2,0,0,0,0,0,0,0,0,1,1,7,2,8,4,15,6,0,1,0,2,4,5,8,6,6,0,2,2,19,26.0,95.0,331.0,78.225,1363.4835024070999,1659.5249999999999,0.0,0.0,1.0,0.0,2.0,3.0
Aston Villa,time_block,1983590,for,16-30,78,2,63,57,57,22,19,22,23,34,1,0,2,0,3,1,0,11,7,7,2,6,56,1,0,0,0,0,0,0,0,0,0,0,0,0,0,0,0,0,0,1,0,0,0,8,3,8,3,0,0,1,1,3,0,3,4,2,1,1,3,9,15.0,84.0,427.0,210.42000000000002,1237.8148300509113,716.94,1.0,1.0,0.0,0.0,2.0,1.0
Aston Villa,time_block,1983590,for,31-45,151,0,106,87,101,44,26,36,44,43,3,0,4,0,7,1,0,27,18,17,6,10,89,1,1,1,1,1,0,0,0,1,0,1,0,0,0,0,0,0,0,9,3,4,1,23,10,27,11,0,4,3,2,7,4,16,9,8,2,3,3,29,35.0,99.0,350.0,148.47000000000003,1407.273421511508,1735.335,0.0,0.0,2.0,0.0,6.0,0.0
Aston Villa,time_block,1983590,for,46-60,71,1,40,27,34,22,9,9,6,21,0,0,0,0,6,1,0,12,3,3,2,1,37,0,0,0,0,0,0,0,0,0,0,0,0,0,0,0,0,0,0,4,0,1,1,12,6,13,7,0,5,2,3,5,4,12,8,7,0,1,1,20,23.0,46.0,81.0,148.57500000000002,594.2935863811183,846.825,0.0,0.0,0.0,0.0,4.0,0.0
Aston Villa,time_block,1983590,for,61-75,108,4,80,71,72,31,22,27,39,32,1,1,1,1,3,1,0,22,17,19,7,11,61,1,2,2,2,2,0,0,2,0,2,0,1,1,0,1,0,0,0,4,0,2,0,17,10,19,10,1,4,0,1,4,0,6,5,2,0,2,5,17,23.0,85.0,220.0,358.89,1271.6541145855745,1098.615,1.0,0.0,0.0,0.0,4.0,2.0
Aston Villa,time_block,1983590,for,76+,77,4,48,33,41,32,7,9,11,22,2,1,2,1,11,4,1,17,7,4,6,8,44,0,1,1,1,0,1,0,1,0,0,0,0,0,0,0,0,0,0,5,2,7,4,12,7,19,11,0,3,1,4,7,1,7,11,4,0,2,2,20,23.0,53.0,142.0,501.48,1007.7324326577483,726.075,0.0,1.0,1.0,0.0,4.0,1.0
Aston Villa,game_state,1983590,against,-2 or worse,0,0,0,0,0,0,0,0,0,0,0,0,0,0,0,0,0,0,0,0,0,0,0,0,0,0,0,0,0,0,0,0,0,0,0,0,0,0,0,0,0,0,0,0,0,0,0,0,0,0,0,0,0,0,0,0,0,0,0,0,0,0,0.0,0.0,0.0,0.0,0.0,0.0,0.0,0.0,0.0,0.0,0.0,0.0
Aston Villa,game_state,1983590,against,-1,224,16,144,130,140,70,28,46,50,80,5,3,6,3,16,10,2,47,40,29,15,25,115,1,7,6,9,0,7,2,5,4,0,0,0,0,0,0,0,0,0,6,0,9,4,29,11,38,15,0,9,4,14,16,4,25,30,14,0,8,2,30,44.0,156.0,462.0,764.295,2730.0140995614283,1905.96,0.0,3.0,0.0,0.0,7.0,9.0
Aston Villa,game_state,1983590,against,Level,346,16,216,179,204,100,43,73,88,91,7,5,8,6,21,10,2,61,48,47,18,25,169,0,10,7,13,7,5,1,9,4,5,2,2,1,1,2,0,0,0,10,3,12,9,50,26,62,35,0,14,4,23,26,5,37,49,22,6,8,9,54,77.0,236.0,641.0,1365.315,3926.137783635708,2993.655,2.0,2.0,3.0,1.0,19.0,13.0
Aston Villa,game_state,1983590,against,+1,0,0,0,0,0,0,0,0,0,0,0,0,0,0,0,0,0,0,0,0,0,0,0,0,0,0,0,0,0,0,0,0,0,0,0,0,0,0,0,0,0,0,0,0,0,0,0,0,0,0,0,0,0,0,0,0,0,0,0,0,0,0,0.0,0.0,0.0,0.0,0.0,0.0,0.0,0.0,0.0,0.0,0.0,0.0
Aston Villa,game_state,1983590,against,+2 or better,0,0,0,0,0,0,0,0,0,0,0,0,0,0,0,0,0,0,0,0,0,0,0,0,0,0,0,0,0,0,0,0,0,0,0,0,0,0,0,0,0,0,0,0,0,0,0,0,0,0,0,0,0,0,0,0,0,0,0,0,0,0,0.0,0.0,0.0,0.0,0.0,0.0,0.0,0.0,0.0,0.0,0.0,0.0
Aston Villa,game_state,1983590,for,-2 or worse,0,0,0,0,0,0,0,0,0,0,0,0,0,0,0,0,0,0,0,0,0,0,0,0,0,0,0,0,0,0,0,0,0,0,0,0,0,0,0,0,0,0,0,0,0,0,0,0,0,0,0,0,0,0,0,0,0,0,0,0,0,0,0.0,0.0,0.0,0.0,0.0,0.0,0.0,0.0,0.0,0.0,0.0,0.0
Aston Villa,game_state,1983590,for,-1,214,8,144,114,126,69,37,38,53,61,2,2,2,2,15,4,1,45,23,25,12,15,119,1,3,3,3,2,1,0,3,0,2,0,1,1,0,1,0,0,0,9,0,9,5,31,18,40,23,1,9,2,6,10,5,18,16,8,0,2,8,46,57.0,158.0,375.0,641.13,2354.750659512223,2398.2,1.0,0.0,1.0,0.0,8.0,3.0
Aston Villa,game_state,1983590,for,Level,388,9,277,232,259,114,76,87,108,124,10,1,13,1,24,7,0,84,59,58,14,31,219,5,3,3,4,3,0,1,3,1,2,1,0,0,0,0,0,0,0,15,6,12,3,49,22,61,25,0,8,5,7,20,9,34,27,21,3,9,8,68,88.0,304.0,1176.0,804.9300000000001,4527.501228081737,4385.115,1.0,2.0,3.0,0.0,14.0,4.0
Aston Villa,game_state,1983590,for,+1,0,0,0,0,0,0,0,0,0,0,0,0,0,0,0,0,0,0,0,0,0,0,0,0,0,0,0,0,0,0,0,0,0,0,0,0,0,0,0,0,0,0,0,0,0,0,0,0,0,0,0,0,0,0,0,0,0,0,0,0,0,0,0.0,0.0,0.0,0.0,0.0,0.0,0.0,0.0,0.0,0.0,0.0,0.0
Aston Villa,game_state,1983590,for,+2 or better,0,0,0,0,0,0,0,0,0,0,0,0,0,0,0,0,0,0,0,0,0,0,0,0,0,0,0,0,0,0,0,0,0,0,0,0,0,0,0,0,0,0,0,0,0,0,0,0,0,0,0,0,0,0,0,0,0,0,0,0,0,0,0.0,0.0,0.0,0.0,0.0,0.0,0.0,0.0,0.0,0.0,0.0,0.0
Aston Villa,total,1983590,against,Season,570,32,360,309,344,170,71,119,138,171,12,8,14,9,37,20,4,108,88,76,33,50,284,1,17,13,22,7,12,3,14,8,5,2,2,1,1,2,0,0,0,16,3,21,13,79,37,100,50,0,23,8,37,42,9,62,79,36,6,16,11,84,121.0,392.0,1103.0,2129.61,6656.151883197136,4899.615,2.0,5.0,3.0,1.0,26.0,22.0
Aston Villa,total,1983590,for,Season,602,17,421,346,385,183,113,125,161,185,12,3,15,3,39,11,1,129,82,83,26,46,338,6,6,6,7,5,1,1,6,1,4,1,1,1,0,1,0,0,0,24,6,21,8,80,40,101,48,1,17,7,13,30,14,52,43,29,3,11,16,114,145.0,462.0,1551.0,1446.06,6882.25188759396,6783.315,2.0,2.0,4.0,0.0,22.0,7.0
Nottingham Forest,time_block,1983590,against,0-15,117,6,84,71,80,32,30,22,38,33,5,1,6,1,9,3,0,40,30,33,3,10,51,3,2,2,3,2,0,1,3,0,2,0,0,0,0,0,0,0,0,1,1,7,2,8,4,15,6,0,1,0,2,4,5,8,6,6,0,2,2,19,26.0,95.0,331.0,78.225,1363.4835024070999,1659.5249999999999,0.0,0.0,1.0,0.0,2.0,3.0
Nottingham Forest,time_block,1983590,against,16-30,78,2,63,57,57,22,19,22,23,34,1,0,2,0,3,1,0,11,7,7,2,6,56,1,0,0,0,0,0,0,0,0,0,0,0,0,0,0,0,0,0,1,0,0,0,8,3,8,3,0,0,1,1,3,0,3,4,2,1,1,3,9,15.0,84.0,427.0,210.42000000000002,1237.8148300509113,716.94,1.0,1.0,0.0,0.0,2.0,1.0
Nottingham Forest,time_block,1983590,against,31-45,151,0,106,87,101,44,26,36,44,43,3,0,4,0,7,1,0,27,18,17,6,10,89,1,1,1,1,1,0,0,0,1,0,1,0,0,0,0,0,0,0,9,3,4,1,23,10,27,11,0,4,3,2,7,4,16,9,8,2,3,3,29,35.0,99.0,350.0,148.47000000000003,1407.273421511508,1735.335,0.0,0.0,2.0,0.0,6.0,0.0
Nottingham Forest,time_block,1983590,against,46-60,71,1,40,27,34,22,9,9,6,21,0,0,0,0,6,1,0,12,3,3,2,1,37,0,0,0,0,0,0,0,0,0,0,0,0,0,0,0,0,0,0,4,0,1,1,12,6,13,7,0,5,2,3,5,4,12,8,7,0,1,1,20,23.0,46.0,81.0,148.57500000000002,594.2935863811183,846.825,0.0,0.0,0.0,0.0,4.0,0.0
Nottingham Forest,time_block,1983590,against,61-75,108,4,80,71,72,31,22,27,39,32,1,1,1,1,3,1,0,22,17,19,7,11,61,1,2,2,2,2,0,0,2,0,2,0,1,1,0,1,0,0,0,4,0,2,0,17,10,19,10,1,4,0,1,4,0,6,5,2,0,2,5,17,23.0,85.0,220.0,358.89,1271.6541145855745,1098.615,1.0,0.0,0.0,0.0,4.0,2.0
Nottingham Forest,time_block,1983590,against,76+,77,4,48,33,41,32,7,9,11,22,2,1,2,1,11,4,1,17,7,4,6,8,44,0,1,1,1,0,1,0,1,0,0,0,0,0,0,0,0,0,0,5,2,7,4,12,7,19,11,0,3,1,4,7,1,7,11,4,0,2,2,20,23.0,53.0,142.0,501.48,1007.7324326577483,726.075,0.0,1.0,1.0,0.0,4.0,1.0
Nottingham Forest,time_block,1983590,for,0-15,87,1,54,40,52,24,10,20,14,26,0,0,1,1,8,5,0,9,7,6,6,1,48,0,2,1,2,1,1,0,1,1,0,1,0,0,0,0,0,0,0,1,0,7,5,8,4,15,9,0,2,1,10,6,2,8,16,4,1,2,2,16,20.0,59.0,160.0,342.51,917.9046623707256,668.01,0.0,0.0,0.0,0.0,7.0,2.0
Nottingham Forest,time_block,1983590,for,16-30,47,2,31,28,29,12,6,13,9,19,0,0,0,0,5,3,2,11,9,10,2,2,21,0,0,0,1,1,0,0,1,0,1,0,0,0,0,0,0,0,0,1,1,0,0,7,4,7,4,0,2,1,4,3,0,6,7,5,0,3,1,3,8.0,32.0,107.0,240.765,615.0447456991449,191.52,0.0,1.0,0.0,0.0,2.0,1.0
Nottingham Forest,time_block,1983590,for,31-45,114,5,63,49,59,27,12,24,24,25,2,0,2,0,5,1,0,15,10,11,4,9,52,0,2,2,3,2,1,0,2,1,1,1,1,0,1,1,0,0,0,6,2,4,3,24,13,28,16,0,8,1,7,11,2,17,18,10,3,3,3,23,31.0,70.0,170.0,386.19,1057.017813101365,1332.45,0.0,0.0,3.0,1.0,8.0,3.0
Nottingham Forest,time_block,1983590,for,46-60,135,13,94,87,90,41,22,31,42,45,4,3,4,3,10,8,1,34,33,25,11,17,69,0,6,5,6,0,5,1,4,2,0,0,0,0,0,0,0,0,0,4,0,1,0,12,5,13,5,0,4,2,3,7,3,10,10,6,0,1,1,18,24.0,102.0,309.0,453.91499999999996,1888.3004189485855,981.855,0.0,2.0,0.0,0.0,2.0,6.0
Nottingham Forest,time_block,1983590,for,61-75,64,2,37,32,36,22,5,10,8,24,1,0,1,0,4,1,1,9,6,2,4,6,35,0,1,1,1,0,0,1,1,0,0,0,0,0,0,0,0,0,0,3,0,2,2,15,6,17,8,0,4,1,5,5,1,11,10,5,0,5,2,10,14.0,40.0,103.0,197.505,577.0032850758047,592.9350000000001,0.0,0.0,0.0,0.0,3.0,1.0
Nottingham Forest,time_block,1983590,for,76+,123,9,81,73,78,44,16,21,41,32,5,5,6,5,5,2,0,30,23,22,6,15,59,1,6,4,9,3,5,1,5,4,3,0,1,1,0,1,0,0,0,1,0,7,3,13,5,20,8,0,3,2,8,10,1,10,18,6,2,2,2,14,24.0,89.0,254.0,508.72499999999997,1600.8809580015106,1132.845,2.0,2.0,0.0,0.0,4.0,9.0
Nottingham Forest,game_state,1983590,against,-2 or worse,0,0,0,0,0,0,0,0,0,0,0,0,0,0,0,0,0,0,0,0,0,0,0,0,0,0,0,0,0,0,0,0,0,0,0,0,0,0,0,0,0,0,0,0,0,0,0,0,0,0,0,0,0,0,0,0,0,0,0,0,0,0,0.0,0.0,0.0,0.0,0.0,0.0,0.0,0.0,0.0,0.0,0.0,0.0
Nottingham Forest,game_state,1983590,against,-1,0,0,0,0,0,0,0,0,0,0,0,0,0,0,0,0,0,0,0,0,0,0,0,0,0,0,0,0,0,0,0,0,0,0,0,0,0,0,0,0,0,0,0,0,0,0,0,0,0,0,0,0,0,0,0,0,0,0,0,0,0,0,0.0,0.0,0.0,0.0,0.0,0.0,0.0,0.0,0.0,0.0,0.0,0.0
Nottingham Forest,game_state,1983590,against,Level,388,9,277,232,259,114,76,87,108,124,10,1,13,1,24,7,0,84,59,58,14,31,219,5,3,3,4,3,0,1,3,1,2,1,0,0,0,0,0,0,0,15,6,12,3,49,22,61,25,0,8,5,7,20,9,34,27,21,3,9,8,68,88.0,304.0,1176.0,804.9300000000001,4527.501228081737,4385.115,1.0,2.0,3.0,0.0,14.0,4.0
Nottingham Forest,game_state,1983590,against,+1,214,8,144,114,126,69,37,38,53,61,2,2,2,2,15,4,1,45,23,25,12,15,119,1,3,3,3,2,1,0,3,0,2,0,1,1,0,1,0,0,0,9,0,9,5,31,18,40,23,1,9,2,6,10,5,18,16,8,0,2,8,46,57.0,158.0,375.0,641.13,2354.750659512223,2398.2,1.0,0.0,1.0,0.0,8.0,3.0
Nottingham Forest,game_state,1983590,against,+2 or better,0,0,0,0,0,0,0,0,0,0,0,0,0,0,0,0,0,0,0,0,0,0,0,0,0,0,0,0,0,0,0,0,0,0,0,0,0,0,0,0,0,0,0,0,0,0,0,0,0,0,0,0,0,0,0,0,0,0,0,0,0,0,0.0,0.0,0.0,0.0,0.0,0.0,0.0,0.0,0.0,0.0,0.0,0.0
Nottingham Forest,game_state,1983590,for,-2 or worse,0,0,0,0,0,0,0,0,0,0,0,0,0,0,0,0,0,0,0,0,0,0,0,0,0,0,0,0,0,0,0,0,0,0,0,0,0,0,0,0,0,0,0,0,0,0,0,0,0,0,0,0,0,0,0,0,0,0,0,0,0,0,0.0,0.0,0.0,0.0,0.0,0.0,0.0,0.0,0.0,0.0,0.0,0.0
Nottingham Forest,game_state,1983590,for,-1,0,0,0,0,0,0,0,0,0,0,0,0,0,0,0,0,0,0,0,0,0,0,0,0,0,0,0,0,0,0,0,0,0,0,0,0,0,0,0,0,0,0,0,0,0,0,0,0,0,0,0,0,0,0,0,0,0,0,0,0,0,0,0.0,0.0,0.0,0.0,0.0,0.0,0.0,0.0,0.0,0.0,0.0,0.0
Nottingham Forest,game_state,1983590,for,Level,346,16,216,179,204,100,43,73,88,91,7,5,8,6,21,10,2,61,48,47,18,25,169,0,10,7,13,7,5,1,9,4,5,2,2,1,1,2,0,0,0,10,3,12,9,50,26,62,35,0,14,4,23,26,5,37,49,22,6,8,9,54,77.0,236.0,641.0,1365.315,3926.137783635708,2993.655,2.0,2.0,3.0,1.0,19.0,13.0
Nottingham Forest,game_state,1983590,for,+1,224,16,144,130,140,70,28,46,50,80,5,3,6,3,16,10,2,47,40,29,15,25,115,1,7,6,9,0,7,2,5,4,0,0,0,0,0,0,0,0,0,6,0,9,4,29,11,38,15,0,9,4,14,16,4,25,30,14,0,8,2,30,44.0,156.0,462.0,764.295,2730.0140995614283,1905.96,0.0,3.0,0.0,0.0,7.0,9.0
Nottingham Forest,game_state,1983590,for,+2 or better,0,0,0,0,0,0,0,0,0,0,0,0,0,0,0,0,0,0,0,0,0,0,0,0,0,0,0,0,0,0,0,0,0,0,0,0,0,0,0,0,0,0,0,0,0,0,0,0,0,0,0,0,0,0,0,0,0,0,0,0,0,0,0.0,0.0,0.0,0.0,0.0,0.0,0.0,0.0,0.0,0.0,0.0,0.0
Nottingham Forest,total,1983590,against,Season,602,17,421,346,385,183,113,125,161,185,12,3,15,3,39,11,1,129,82,83,26,46,338,6,6,6,7,5,1,1,6,1,4,1,1,1,0,1,0,0,0,24,6,21,8,80,40,101,48,1,17,7,13,30,14,52,43,29,3,11,16,114,145.0,462.0,1551.0,1446.06,6882.25188759396,6783.315,2.0,2.0,4.0,0.0,22.0,7.0
Nottingham Forest,total,1983590,for,Season,570,32,360,309,344,170,71,119,138,171,12,8,14,9,37,20,4,108,88,76,33,50,284,1,17,13,22,7,12,3,14,8,5,2,2,1,1,2,0,0,0,16,3,21,13,79,37,100,50,0,23,8,37,42,9,62,79,36,6,16,11,84,121.0,392.0,1103.0,2129.61,6656.151883197136,4899.615,2.0,5.0,3.0,1.0,26.0,22.0
Chelsea,time_block,1983594,against,0-15,63,1,37,25,35,23,9,5,3,22,0,0,1,0,13,7,0,8,5,1,5,2,36,1,1,0,2,0,1,1,1,1,0,0,0,0,0,0,0,0,0,1,0,3,2,11,4,14,6,0,4,1,5,8,2,12,13,9,1,4,0,19,22.0,42.0,117.0,202.23,754.8836441328776,750.645,0.0,0.0,0.0,0.0,7.0,2.0
Chelsea,time_block,1983594,against,16-30,87,1,66,55,62,23,22,21,23,32,1,1,1,1,9,4,0,15,8,8,7,3,58,0,1,1,1,1,0,0,1,0,1,0,1,1,0,1,0,0,0,1,0,6,3,12,6,18,9,0,3,0,2,4,1,8,6,6,3,1,3,14,17.0,68.0,207.0,212.94000000000003,1225.7043274465884,723.135,0.0,0.0,0.0,0.0,1.0,1.0
Chelsea,time_block,1983594,against,31-45,92,4,59,38,56,29,14,16,15,23,1,1,2,2,12,2,0,24,10,10,3,3,49,1,3,3,3,1,1,1,2,1,0,1,1,0,1,1,0,0,0,1,0,8,4,8,3,16,7,0,3,3,4,6,2,12,10,7,4,0,0,27,32.0,64.0,157.0,107.62499999999999,880.2801488690211,1532.58,0.0,1.0,2.0,0.0,7.0,3.0
Chelsea,time_block,1983594,against,46-60,52,3,22,14,21,11,3,8,3,11,1,1,1,1,4,2,0,6,3,5,0,2,17,0,2,1,4,2,2,0,2,2,1,1,0,0,0,0,0,0,0,1,1,6,2,8,4,14,6,0,2,0,11,3,1,7,14,2,1,3,1,9,14.0,26.0,84.0,106.99499999999998,385.7339909936793,672.945,0.0,0.0,1.0,1.0,4.0,4.0
Chelsea,time_block,1983594,against,61-75,70,1,41,25,38,26,10,5,12,13,2,1,2,1,12,2,0,13,7,6,3,3,35,0,0,0,0,0,0,0,0,0,0,0,0,0,0,0,0,0,0,2,1,2,0,5,3,7,3,0,1,1,6,3,1,4,9,2,0,1,1,21,28.0,48.0,126.0,113.19000000000003,778.4002678265597,984.48,0.0,1.0,0.0,0.0,10.0,0.0
Chelsea,time_block,1983594,against,76+,93,4,40,29,36,26,9,5,16,13,4,1,6,2,7,3,0,18,10,11,6,7,29,2,2,2,4,1,1,2,3,1,1,0,0,0,0,0,0,0,0,4,3,2,1,17,9,19,10,0,4,3,4,10,2,12,14,8,0,3,2,21,34.0,51.0,155.0,406.245,966.841578175779,1766.73,0.0,1.0,2.0,1.0,7.0,4.0
Chelsea,time_block,1983594,for,0-15,151,3,111,100,106,48,19,44,37,63,1,1,2,2,8,4,0,26,20,18,5,18,93,1,1,1,1,1,0,0,1,0,1,0,1,1,0,1,0,0,0,5,1,3,1,12,7,15,8,0,2,0,2,5,0,2,7,2,0,0,4,23,29.0,122.0,328.0,394.38,1882.1737137292816,1488.69,0.0,0.0,1.0,0.0,1.0,1.0
Chelsea,time_block,1983594,for,16-30,90,5,63,54,61,25,13,25,24,30,0,0,1,1,2,1,1,15,8,8,5,5,55,2,1,1,1,1,0,0,1,0,1,0,0,0,0,0,0,0,0,4,3,6,3,12,6,18,9,0,2,2,2,6,2,9,8,7,0,3,1,14,16.0,67.0,182.0,238.14,1024.5711518441512,819.42,0.0,1.0,0.0,0.0,1.0,1.0
Chelsea,time_block,1983594,for,31-45,150,7,120,99,120,58,21,41,66,33,3,0,6,0,11,3,0,47,41,36,14,20,84,3,1,1,1,0,0,1,0,1,0,0,0,0,0,0,0,0,0,6,4,8,4,8,5,16,9,0,1,3,2,9,1,5,11,3,0,0,0,26,33.0,129.0,337.0,453.70500000000004,1686.5679015554342,1454.355,4.0,1.0,1.0,0.0,12.0,1.0
Chelsea,time_block,1983594,for,46-60,86,9,50,44,48,20,10,20,35,9,7,2,10,2,3,3,0,27,22,22,8,10,28,3,0,0,2,1,1,0,0,2,0,1,0,0,0,0,0,0,0,4,1,6,4,10,4,16,8,0,0,1,5,4,1,4,9,3,1,1,3,11,24.0,71.0,175.0,322.98,1049.2725888197958,1608.18,0.0,0.0,1.0,0.0,2.0,2.0
Chelsea,time_block,1983594,for,61-75,156,5,122,105,119,54,33,35,65,40,4,1,4,1,1,1,0,45,36,36,10,16,86,1,3,2,3,2,1,0,1,2,1,1,1,1,0,1,0,0,0,0,0,2,2,5,2,7,4,0,1,4,2,5,0,7,7,2,1,1,1,23,30.0,127.0,307.0,432.18,1861.0991805820754,1568.805,1.0,1.0,0.0,0.0,2.0,3.0
Chelsea,time_block,1983594,for,76+,166,9,111,101,108,50,23,38,55,46,5,0,5,0,8,5,0,36,33,28,11,23,83,0,2,2,4,2,2,0,3,1,2,0,0,0,0,0,0,0,0,4,0,2,1,19,8,21,9,0,5,3,2,8,1,14,10,6,3,2,3,22,34.0,126.0,350.0,730.8,2282.0441799371956,1277.7450000000001,0.0,2.0,0.0,0.0,7.0,4.0
Chelsea,game_state,1983594,against,-2 or worse,0,0,0,0,0,0,0,0,0,0,0,0,0,0,0,0,0,0,0,0,0,0,0,0,0,0,0,0,0,0,0,0,0,0,0,0,0,0,0,0,0,0,0,0,0,0,0,0,0,0,0,0,0,0,0,0,0,0,0,0,0,0,0.0,0.0,0.0,0.0,0.0,0.0,0.0,0.0,0.0,0.0,0.0,0.0
Chelsea,game_state,1983594,against,-1,142,3,77,46,71,41,14,22,14,32,1,1,1,1,17,4,0,29,10,13,3,2,64,0,2,1,4,2,2,0,2,2,1,1,0,0,0,0,0,0,0,4,2,13,5,19,9,32,14,0,5,2,19,9,3,18,28,8,5,3,2,38,47.0,84.0,226.0,224.07,1111.541178709965,1986.4950000000001,0.0,0.0,3.0,1.0,14.0,4.0
Chelsea,game_state,1983594,against,Level,208,10,111,80,104,62,30,19,37,43,7,3,11,5,25,9,0,40,25,20,14,15,91,4,6,5,8,2,2,4,6,2,1,1,1,0,1,1,0,0,0,4,3,7,3,28,14,35,17,0,8,5,9,17,3,23,26,15,1,6,3,51,73.0,133.0,386.0,700.35,2466.795804036553,3482.115,0.0,3.0,2.0,1.0,15.0,8.0
Chelsea,game_state,1983594,against,+1,107,1,77,60,73,35,23,19,21,39,1,1,1,1,15,7,0,15,8,8,7,3,69,0,1,1,2,1,1,0,1,1,1,0,1,1,0,1,0,0,0,2,0,7,4,14,6,21,10,0,4,1,4,8,3,14,12,11,3,3,2,22,27.0,82.0,234.0,224.805,1413.5069746979873,961.905,0.0,0.0,0.0,0.0,7.0,2.0
Chelsea,game_state,1983594,against,+2 or better,0,0,0,0,0,0,0,0,0,0,0,0,0,0,0,0,0,0,0,0,0,0,0,0,0,0,0,0,0,0,0,0,0,0,0,0,0,0,0,0,0,0,0,0,0,0,0,0,0,0,0,0,0,0,0,0,0,0,0,0,0,0,0.0,0.0,0.0,0.0,0.0,0.0,0.0,0.0,0.0,0.0,0.0,0.0
Chelsea,game_state,1983594,for,-2 or worse,0,0,0,0,0,0,0,0,0,0,0,0,0,0,0,0,0,0,0,0,0,0,0,0,0,0,0,0,0,0,0,0,0,0,0,0,0,0,0,0,0,0,0,0,0,0,0,0,0,0,0,0,0,0,0,0,0,0,0,0,0,0,0.0,0.0,0.0,0.0,0.0,0.0,0.0,0.0,0.0,0.0,0.0,0.0
Chelsea,game_state,1983594,for,-1,282,20,211,181,208,94,42,75,130,51,12,2,18,2,13,6,0,99,84,79,26,40,132,6,2,2,4,2,1,1,1,3,1,1,1,1,0,1,0,0,0,10,5,13,8,21,10,34,18,0,2,4,7,15,2,12,22,6,2,2,3,41,65.0,234.0,598.0,982.8,3264.5698859568793,3503.43,5.0,2.0,2.0,0.0,14.0,4.0
Chelsea,game_state,1983594,for,Level,370,11,260,232,253,118,58,84,112,120,7,1,7,1,13,7,0,65,54,47,19,36,213,1,5,4,7,4,3,0,4,3,3,1,1,1,0,1,0,0,0,7,1,7,4,30,14,37,18,0,7,7,5,14,2,22,19,12,3,3,6,53,70.0,290.0,778.0,1234.38,4747.148620177037,3069.675,0.0,2.0,1.0,0.0,9.0,7.0
Chelsea,game_state,1983594,for,+1,147,7,106,90,101,43,19,44,40,50,1,1,3,3,7,4,1,32,22,22,8,16,84,3,1,1,1,1,0,0,1,0,1,0,0,0,0,0,0,0,0,6,3,7,3,15,8,22,11,0,2,2,3,8,1,7,11,5,0,2,3,25,31.0,118.0,303.0,355.005,1774.0102103340178,1644.09,0.0,1.0,0.0,0.0,2.0,1.0
Chelsea,game_state,1983594,for,+2 or better,0,0,0,0,0,0,0,0,0,0,0,0,0,0,0,0,0,0,0,0,0,0,0,0,0,0,0,0,0,0,0,0,0,0,0,0,0,0,0,0,0,0,0,0,0,0,0,0,0,0,0,0,0,0,0,0,0,0,0,0,0,0,0.0,0.0,0.0,0.0,0.0,0.0,0.0,0.0,0.0,0.0,0.0,0.0
Chelsea,total,1983594,against,Season,457,14,265,186,248,138,67,60,72,114,9,5,13,7,57,20,0,84,43,41,24,20,224,4,9,7,14,5,5,4,9,5,3,2,2,1,1,2,0,0,0,10,5,27,12,61,29,88,41,0,17,8,32,34,9,55,66,34,9,12,7,111,147.0,299.0,846.0,1149.225,4991.843957444505,6430.515,0.0,3.0,5.0,2.0,36.0,14.0
Chelsea,total,1983594,for,Season,799,38,577,503,562,255,119,203,282,221,20,4,28,6,33,17,1,196,160,148,53,92,429,10,8,7,12,7,4,1,6,6,5,2,2,2,0,2,0,0,0,23,9,27,15,66,32,93,47,0,11,13,15,37,5,41,52,23,5,7,12,119,166.0,642.0,1679.0,2572.185,9785.728716467935,8217.195,5.0,5.0,3.0,0.0,25.0,12.0
Hull,time_block,1983594,against,0-15,151,3,111,100,106,48,19,44,37,63,1,1,2,2,8,4,0,26,20,18,5,18,93,1,1,1,1,1,0,0,1,0,1,0,1,1,0,1,0,0,0,5,1,3,1,12,7,15,8,0,2,0,2,5,0,2,7,2,0,0,4,23,29.0,122.0,328.0,394.38,1882.1737137292816,1488.69,0.0,0.0,1.0,0.0,1.0,1.0
Hull,time_block,1983594,against,16-30,90,5,63,54,61,25,13,25,24,30,0,0,1,1,2,1,1,15,8,8,5,5,55,2,1,1,1,1,0,0,1,0,1,0,0,0,0,0,0,0,0,4,3,6,3,12,6,18,9,0,2,2,2,6,2,9,8,7,0,3,1,14,16.0,67.0,182.0,238.14,1024.5711518441512,819.42,0.0,1.0,0.0,0.0,1.0,1.0
Hull,time_block,1983594,against,31-45,150,7,120,99,120,58,21,41,66,33,3,0,6,0,11,3,0,47,41,36,14,20,84,3,1,1,1,0,0,1,0,1,0,0,0,0,0,0,0,0,0,6,4,8,4,8,5,16,9,0,1,3,2,9,1,5,11,3,0,0,0,26,33.0,129.0,337.0,453.70500000000004,1686.5679015554342,1454.355,4.0,1.0,1.0,0.0,12.0,1.0
Hull,time_block,1983594,against,46-60,86,9,50,44,48,20,10,20,35,9,7,2,10,2,3,3,0,27,22,22,8,10,28,3,0,0,2,1,1,0,0,2,0,1,0,0,0,0,0,0,0,4,1,6,4,10,4,16,8,0,0,1,5,4,1,4,9,3,1,1,3,11,24.0,71.0,175.0,322.98,1049.2725888197958,1608.18,0.0,0.0,1.0,0.0,2.0,2.0
Hull,time_block,1983594,against,61-75,156,5,122,105,119,54,33,35,65,40,4,1,4,1,1,1,0,45,36,36,10,16,86,1,3,2,3,2,1,0,1,2,1,1,1,1,0,1,0,0,0,0,0,2,2,5,2,7,4,0,1,4,2,5,0,7,7,2,1,1,1,23,30.0,127.0,307.0,432.18,1861.0991805820754,1568.805,1.0,1.0,0.0,0.0,2.0,3.0
Hull,time_block,1983594,against,76+,166,9,111,101,108,50,23,38,55,46,5,0,5,0,8,5,0,36,33,28,11,23,83,0,2,2,4,2,2,0,3,1,2,0,0,0,0,0,0,0,0,4,0,2,1,19,8,21,9,0,5,3,2,8,1,14,10,6,3,2,3,22,34.0,126.0,350.0,730.8,2282.0441799371956,1277.7450000000001,0.0,2.0,0.0,0.0,7.0,4.0
Hull,time_block,1983594,for,0-15,63,1,37,25,35,23,9,5,3,22,0,0,1,0,13,7,0,8,5,1,5,2,36,1,1,0,2,0,1,1,1,1,0,0,0,0,0,0,0,0,0,1,0,3,2,11,4,14,6,0,4,1,5,8,2,12,13,9,1,4,0,19,22.0,42.0,117.0,202.23,754.8836441328776,750.645,0.0,0.0,0.0,0.0,7.0,2.0
Hull,time_block,1983594,for,16-30,87,1,66,55,62,23,22,21,23,32,1,1,1,1,9,4,0,15,8,8,7,3,58,0,1,1,1,1,0,0,1,0,1,0,1,1,0,1,0,0,0,1,0,6,3,12,6,18,9,0,3,0,2,4,1,8,6,6,3,1,3,14,17.0,68.0,207.0,212.94000000000003,1225.7043274465884,723.135,0.0,0.0,0.0,0.0,1.0,1.0
Hull,time_block,1983594,for,31-45,92,4,59,38,56,29,14,16,15,23,1,1,2,2,12,2,0,24,10,10,3,3,49,1,3,3,3,1,1,1,2,1,0,1,1,0,1,1,0,0,0,1,0,8,4,8,3,16,7,0,3,3,4,6,2,12,10,7,4,0,0,27,32.0,64.0,157.0,107.62499999999999,880.2801488690211,1532.58,0.0,1.0,2.0,0.0,7.0,3.0
Hull,time_block,1983594,for,46-60,52,3,22,14,21,11,3,8,3,11,1,1,1,1,4,2,0,6,3,5,0,2,17,0,2,1,4,2,2,0,2,2,1,1,0,0,0,0,0,0,0,1,1,6,2,8,4,14,6,0,2,0,11,3,1,7,14,2,1,3,1,9,14.0,26.0,84.0,106.99499999999998,385.7339909936793,672.945,0.0,0.0,1.0,1.0,4.0,4.0
Hull,time_block,1983594,for,61-75,70,1,41,25,38,26,10,5,12,13,2,1,2,1,12,2,0,13,7,6,3,3,35,0,0,0,0,0,0,0,0,0,0,0,0,0,0,0,0,0,0,2,1,2,0,5,3,7,3,0,1,1,6,3,1,4,9,2,0,1,1,21,28.0,48.0,126.0,113.19000000000003,778.4002678265597,984.48,0.0,1.0,0.0,0.0,10.0,0.0
Hull,time_block,1983594,for,76+,93,4,40,29,36,26,9,5,16,13,4,1,6,2,7,3,0,18,10,11,6,7,29,2,2,2,4,1,1,2,3,1,1,0,0,0,0,0,0,0,0,4,3,2,1,17,9,19,10,0,4,3,4,10,2,12,14,8,0,3,2,21,34.0,51.0,155.0,406.245,966.841578175779,1766.73,0.0,1.0,2.0,1.0,7.0,4.0
Hull,game_state,1983594,against,-2 or worse,0,0,0,0,0,0,0,0,0,0,0,0,0,0,0,0,0,0,0,0,0,0,0,0,0,0,0,0,0,0,0,0,0,0,0,0,0,0,0,0,0,0,0,0,0,0,0,0,0,0,0,0,0,0,0,0,0,0,0,0,0,0,0.0,0.0,0.0,0.0,0.0,0.0,0.0,0.0,0.0,0.0,0.0,0.0
Hull,game_state,1983594,against,-1,147,7,106,90,101,43,19,44,40,50,1,1,3,3,7,4,1,32,22,22,8,16,84,3,1,1,1,1,0,0,1,0,1,0,0,0,0,0,0,0,0,6,3,7,3,15,8,22,11,0,2,2,3,8,1,7,11,5,0,2,3,25,31.0,118.0,303.0,355.005,1774.0102103340178,1644.09,0.0,1.0,0.0,0.0,2.0,1.0
Hull,game_state,1983594,against,Level,370,11,260,232,253,118,58,84,112,120,7,1,7,1,13,7,0,65,54,47,19,36,213,1,5,4,7,4,3,0,4,3,3,1,1,1,0,1,0,0,0,7,1,7,4,30,14,37,18,0,7,7,5,14,2,22,19,12,3,3,6,53,70.0,290.0,778.0,1234.38,4747.148620177037,3069.675,0.0,2.0,1.0,0.0,9.0,7.0
Hull,game_state,1983594,against,+1,282,20,211,181,208,94,42,75,130,51,12,2,18,2,13,6,0,99,84,79,26,40,132,6,2,2,4,2,1,1,1,3,1,1,1,1,0,1,0,0,0,10,5,13,8,21,10,34,18,0,2,4,7,15,2,12,22,6,2,2,3,41,65.0,234.0,598.0,982.8,3264.5698859568793,3503.43,5.0,2.0,2.0,0.0,14.0,4.0
Hull,game_state,1983594,against,+2 or better,0,0,0,0,0,0,0,0,0,0,0,0,0,0,0,0,0,0,0,0,0,0,0,0,0,0,0,0,0,0,0,0,0,0,0,0,0,0,0,0,0,0,0,0,0,0,0,0,0,0,0,0,0,0,0,0,0,0,0,0,0,0,0.0,0.0,0.0,0.0,0.0,0.0,0.0,0.0,0.0,0.0,0.0,0.0
Hull,game_state,1983594,for,-2 or worse,0,0,0,0,0,0,0,0,0,0,0,0,0,0,0,0,0,0,0,0,0,0,0,0,0,0,0,0,0,0,0,0,0,0,0,0,0,0,0,0,0,0,0,0,0,0,0,0,0,0,0,0,0,0,0,0,0,0,0,0,0,0,0.0,0.0,0.0,0.0,0.0,0.0,0.0,0.0,0.0,0.0,0.0,0.0
Hull,game_state,1983594,for,-1,107,1,77,60,73,35,23,19,21,39,1,1,1,1,15,7,0,15,8,8,7,3,69,0,1,1,2,1,1,0,1,1,1,0,1,1,0,1,0,0,0,2,0,7,4,14,6,21,10,0,4,1,4,8,3,14,12,11,3,3,2,22,27.0,82.0,234.0,224.805,1413.5069746979873,961.905,0.0,0.0,0.0,0.0,7.0,2.0
Hull,game_state,1983594,for,Level,208,10,111,80,104,62,30,19,37,43,7,3,11,5,25,9,0,40,25,20,14,15,91,4,6,5,8,2,2,4,6,2,1,1,1,0,1,1,0,0,0,4,3,7,3,28,14,35,17,0,8,5,9,17,3,23,26,15,1,6,3,51,73.0,133.0,386.0,700.35,2466.795804036553,3482.115,0.0,3.0,2.0,1.0,15.0,8.0
Hull,game_state,1983594,for,+1,142,3,77,46,71,41,14,22,14,32,1,1,1,1,17,4,0,29,10,13,3,2,64,0,2,1,4,2,2,0,2,2,1,1,0,0,0,0,0,0,0,4,2,13,5,19,9,32,14,0,5,2,19,9,3,18,28,8,5,3,2,38,47.0,84.0,226.0,224.07,1111.541178709965,1986.4950000000001,0.0,0.0,3.0,1.0,14.0,4.0
Hull,game_state,1983594,for,+2 or better,0,0,0,0,0,0,0,0,0,0,0,0,0,0,0,0,0,0,0,0,0,0,0,0,0,0,0,0,0,0,0,0,0,0,0,0,0,0,0,0,0,0,0,0,0,0,0,0,0,0,0,0,0,0,0,0,0,0,0,0,0,0,0.0,0.0,0.0,0.0,0.0,0.0,0.0,0.0,0.0,0.0,0.0,0.0
Hull,total,1983594,against,Season,799,38,577,503,562,255,119,203,282,221,20,4,28,6,33,17,1,196,160,148,53,92,429,10,8,7,12,7,4,1,6,6,5,2,2,2,0,2,0,0,0,23,9,27,15,66,32,93,47,0,11,13,15,37,5,41,52,23,5,7,12,119,166.0,642.0,1679.0,2572.185,9785.728716467935,8217.195,5.0,5.0,3.0,0.0,25.0,12.0
Hull,total,1983594,for,Season,457,14,265,186,248,138,67,60,72,114,9,5,13,7,57,20,0,84,43,41,24,20,224,4,9,7,14,5,5,4,9,5,3,2,2,1,1,2,0,0,0,10,5,27,12,61,29,88,41,0,17,8,32,34,9,55,66,34,9,12,7,111,147.0,299.0,846.0,1149.225,4991.843957444505,6430.515,0.0,3.0,5.0,2.0,36.0,14.0
Coventry,time_block,1983596,against,0-15,158,4,122,108,121,44,30,48,66,42,4,0,7,1,11,5,0,43,35,39,6,9,83,1,2,1,4,0,3,1,2,2,0,0,0,0,0,0,0,0,0,4,1,9,3,11,4,20,7,0,1,1,3,8,0,3,11,3,0,1,2,21,33.0,149.0,402.0,382.41,2225.8490512429466,1938.195,2.0,1.0,1.0,0.0,1.0,5.0
Coventry,time_block,1983596,against,16-30,92,7,73,63,69,29,18,26,31,32,0,0,1,0,7,3,0,20,15,16,4,7,57,1,2,2,3,1,1,1,3,0,1,0,0,0,0,0,0,0,0,2,1,5,1,10,3,15,4,0,1,0,4,5,0,7,9,4,1,5,1,12,18.0,60.0,181.0,266.595,883.7935966205733,726.915,1.0,1.0,0.0,0.0,2.0,2.0
Coventry,time_block,1983596,against,31-45,108,7,60,54,59,23,11,26,27,27,4,0,6,1,3,2,0,23,22,21,3,7,39,1,3,2,5,1,2,2,4,1,1,0,1,1,0,1,0,0,0,2,1,7,4,7,6,14,10,0,3,0,8,5,3,6,13,4,0,0,2,9,27.0,72.0,196.0,319.83,1046.7697369946425,1436.4,0.0,0.0,1.0,1.0,7.0,5.0
Coventry,time_block,1983596,against,46-60,122,1,103,91,100,39,26,38,52,39,1,0,1,0,6,4,1,26,21,20,5,12,83,0,1,0,1,1,0,0,1,0,1,0,1,1,0,1,0,0,0,0,0,15,7,5,2,20,9,0,0,0,7,6,0,3,13,3,0,3,2,14,21.0,104.0,260.0,226.90499999999997,1518.3030356116808,940.8,0.0,1.0,1.0,0.0,3.0,1.0
Coventry,time_block,1983596,against,61-75,93,2,74,68,71,18,17,39,27,41,1,1,1,1,4,2,0,6,4,5,2,5,69,0,0,0,2,1,1,0,1,1,1,0,1,1,0,1,0,0,0,0,0,6,1,10,4,16,5,0,2,1,4,6,0,8,10,7,1,4,2,10,15.0,75.0,196.0,189.84000000000003,1109.0936142667572,433.65,0.0,0.0,1.0,0.0,6.0,2.0
Coventry,time_block,1983596,against,76+,180,5,152,142,152,59,36,57,70,72,1,0,1,0,2,0,2,39,33,27,14,18,125,0,6,1,7,3,3,1,3,4,1,2,2,0,2,2,0,0,0,1,1,9,2,7,4,16,6,0,3,1,7,7,0,6,14,5,0,2,0,11,19.0,156.0,456.0,560.385,2490.1253414122107,786.345,2.0,0.0,1.0,1.0,2.0,7.0
Coventry,time_block,1983596,for,0-15,79,1,50,33,45,24,13,13,13,20,1,0,1,0,16,5,0,6,3,2,1,3,48,0,0,0,0,0,0,0,0,0,0,0,0,0,0,0,0,0,0,0,0,9,6,10,6,19,12,1,4,1,6,4,3,11,10,3,1,2,1,25,25.0,53.0,130.0,210.525,803.8041616284117,725.865,0.0,1.0,0.0,0.0,9.0,0.0
Coventry,time_block,1983596,for,16-30,75,8,50,39,45,21,13,16,26,13,2,2,2,2,11,5,0,21,15,18,4,6,32,0,3,3,5,2,3,0,5,0,2,0,0,0,0,0,0,0,0,1,1,5,4,9,6,14,10,0,0,0,2,3,2,4,5,2,1,1,5,13,20.0,54.0,138.0,228.9,900.7449773427676,977.865,0.0,0.0,1.0,0.0,4.0,5.0
Coventry,time_block,1983596,for,31-45,61,10,25,13,23,14,4,7,9,4,1,1,5,2,6,1,0,12,5,8,1,3,17,4,3,3,6,2,2,2,5,1,2,0,0,0,0,0,0,0,0,2,0,7,3,6,0,13,3,0,0,0,13,3,0,3,16,0,1,2,0,17,28.0,33.0,53.0,-5.775000000000013,303.86392503401777,1859.655,0.0,1.0,0.0,0.0,4.0,6.0
Coventry,time_block,1983596,for,46-60,53,2,37,22,33,22,6,9,11,11,0,0,1,1,10,5,0,17,9,13,2,3,24,0,0,0,0,0,0,0,0,0,0,0,0,0,0,0,0,0,0,0,0,15,8,5,3,20,11,0,0,0,8,5,0,2,13,2,0,2,3,18,21.0,39.0,70.0,149.94000000000003,514.0904943349074,997.8149999999999,0.0,0.0,0.0,0.0,1.0,0.0
Coventry,time_block,1983596,for,61-75,67,6,43,37,39,19,17,7,13,24,0,0,0,0,11,10,0,9,5,3,4,4,40,0,0,0,0,0,0,0,0,0,0,0,0,0,0,0,0,0,0,4,1,6,5,11,6,17,11,0,1,0,1,4,1,4,5,3,0,2,4,16,17.0,44.0,133.0,238.035,1020.4673976889482,907.095,0.0,0.0,1.0,0.0,1.0,0.0
Coventry,time_block,1983596,for,76+,75,2,44,30,40,28,9,7,11,19,1,0,3,0,17,7,0,13,6,8,1,4,36,1,2,1,3,2,1,0,2,1,1,1,0,0,0,0,0,0,0,1,0,9,7,7,3,16,10,0,1,4,2,3,1,7,5,0,1,0,2,19,26.0,51.0,148.0,276.885,878.180304702901,1137.15,0.0,0.0,0.0,0.0,4.0,3.0
Coventry,game_state,1983596,against,-2 or worse,364,7,307,284,303,105,73,129,147,137,3,1,3,1,7,2,3,69,57,51,20,32,256,0,6,1,9,4,4,1,4,5,2,2,3,1,2,3,0,0,0,1,1,21,6,20,9,41,15,0,5,2,15,17,0,16,32,14,1,8,3,30,46.0,314.0,854.0,892.71,4762.114420593607,1816.92,2.0,0.0,3.0,1.0,10.0,9.0
Coventry,game_state,1983596,against,-1,104,6,58,47,55,24,12,22,12,35,1,0,3,1,7,5,0,13,11,10,2,6,48,1,3,1,5,1,2,2,4,1,1,0,1,1,0,1,0,0,0,1,0,13,7,7,5,20,12,0,2,0,9,4,3,6,13,5,0,1,3,14,31.0,66.0,176.0,235.2,950.8438274523857,1580.775,0.0,1.0,1.0,1.0,7.0,5.0
Coventry,game_state,1983596,against,Level,285,13,219,195,214,83,53,83,114,81,7,0,11,1,19,9,0,75,62,67,12,20,152,2,5,4,8,2,4,2,6,2,2,0,1,1,0,1,0,0,0,7,3,17,5,23,9,40,14,0,3,1,9,16,0,11,25,7,1,6,3,33,56.0,236.0,661.0,818.0550000000001,3560.9761281028186,2864.61,3.0,2.0,1.0,0.0,4.0,8.0
Coventry,game_state,1983596,against,+1,0,0,0,0,0,0,0,0,0,0,0,0,0,0,0,0,0,0,0,0,0,0,0,0,0,0,0,0,0,0,0,0,0,0,0,0,0,0,0,0,0,0,0,0,0,0,0,0,0,0,0,0,0,0,0,0,0,0,0,0,0,0,0.0,0.0,0.0,0.0,0.0,0.0,0.0,0.0,0.0,0.0,0.0,0.0
Coventry,game_state,1983596,against,+2 or better,0,0,0,0,0,0,0,0,0,0,0,0,0,0,0,0,0,0,0,0,0,0,0,0,0,0,0,0,0,0,0,0,0,0,0,0,0,0,0,0,0,0,0,0,0,0,0,0,0,0,0,0,0,0,0,0,0,0,0,0,0,0,0.0,0.0,0.0,0.0,0.0,0.0,0.0,0.0,0.0,0.0,0.0,0.0
Coventry,game_state,1983596,for,-2 or worse,169,8,102,74,92,55,29,18,27,47,1,0,4,1,34,19,0,25,11,13,5,8,89,1,2,1,3,2,1,0,2,1,1,1,0,0,0,0,0,0,0,5,1,21,15,21,11,42,26,0,2,4,10,10,2,12,20,4,1,3,8,44,55.0,112.0,308.0,530.04,2066.7651355460375,2564.205,0.0,0.0,1.0,0.0,6.0,3.0
Coventry,game_state,1983596,for,-1,71,8,43,24,40,27,6,10,15,9,0,0,2,0,9,3,0,24,12,17,3,6,26,2,2,2,4,1,1,2,3,1,1,0,0,0,0,0,0,0,0,2,0,13,6,6,1,19,7,0,0,0,11,3,0,3,14,1,0,3,1,23,31.0,48.0,80.0,146.26500000000004,556.4791100199299,1903.7549999999999,0.0,1.0,0.0,0.0,3.0,4.0
Coventry,game_state,1983596,for,Level,170,13,104,76,93,46,27,31,41,35,4,3,6,4,28,11,0,29,20,22,5,9,82,2,4,4,7,3,4,0,7,0,3,0,0,0,0,0,0,0,0,1,1,17,12,21,12,38,24,1,4,1,11,9,5,16,20,5,3,3,6,41,51.0,114.0,284.0,422.205,1797.907015165986,2137.485,0.0,1.0,1.0,0.0,14.0,7.0
Coventry,game_state,1983596,for,+1,0,0,0,0,0,0,0,0,0,0,0,0,0,0,0,0,0,0,0,0,0,0,0,0,0,0,0,0,0,0,0,0,0,0,0,0,0,0,0,0,0,0,0,0,0,0,0,0,0,0,0,0,0,0,0,0,0,0,0,0,0,0,0.0,0.0,0.0,0.0,0.0,0.0,0.0,0.0,0.0,0.0,0.0,0.0
Coventry,game_state,1983596,for,+2 or better,0,0,0,0,0,0,0,0,0,0,0,0,0,0,0,0,0,0,0,0,0,0,0,0,0,0,0,0,0,0,0,0,0,0,0,0,0,0,0,0,0,0,0,0,0,0,0,0,0,0,0,0,0,0,0,0,0,0,0,0,0,0,0.0,0.0,0.0,0.0,0.0,0.0,0.0,0.0,0.0,0.0,0.0,0.0
Coventry,total,1983596,against,Season,753,26,584,526,572,212,138,234,273,253,11,1,17,3,33,16,3,157,130,128,34,58,456,3,14,6,22,7,10,5,14,8,5,2,5,3,2,5,0,0,0,9,4,51,18,50,23,101,41,0,10,3,33,37,3,33,70,26,2,15,9,77,133.0,616.0,1691.0,1945.965,9273.93437614881,6262.305,5.0,3.0,5.0,2.0,21.0,22.0
Coventry,total,1983596,for,Season,410,29,249,174,225,128,62,59,83,91,5,3,12,5,71,33,0,78,43,52,13,23,197,5,8,7,14,6,6,2,12,2,5,1,0,0,0,0,0,0,0,8,2,51,33,48,24,99,57,1,6,5,32,22,7,31,54,10,4,9,15,108,137.0,274.0,672.0,1098.51,4421.151260731954,6605.445,0.0,2.0,2.0,0.0,23.0,14.0
Brighton,time_block,1983596,against,0-15,79,1,50,33,45,24,13,13,13,20,1,0,1,0,16,5,0,6,3,2,1,3,48,0,0,0,0,0,0,0,0,0,0,0,0,0,0,0,0,0,0,0,0,9,6,10,6,19,12,1,4,1,6,4,3,11,10,3,1,2,1,25,25.0,53.0,130.0,210.525,803.8041616284117,725.865,0.0,1.0,0.0,0.0,9.0,0.0
Brighton,time_block,1983596,against,16-30,75,8,50,39,45,21,13,16,26,13,2,2,2,2,11,5,0,21,15,18,4,6,32,0,3,3,5,2,3,0,5,0,2,0,0,0,0,0,0,0,0,1,1,5,4,9,6,14,10,0,0,0,2,3,2,4,5,2,1,1,5,13,20.0,54.0,138.0,228.9,900.7449773427676,977.865,0.0,0.0,1.0,0.0,4.0,5.0
Brighton,time_block,1983596,against,31-45,61,10,25,13,23,14,4,7,9,4,1,1,5,2,6,1,0,12,5,8,1,3,17,4,3,3,6,2,2,2,5,1,2,0,0,0,0,0,0,0,0,2,0,7,3,6,0,13,3,0,0,0,13,3,0,3,16,0,1,2,0,17,28.0,33.0,53.0,-5.775000000000013,303.86392503401777,1859.655,0.0,1.0,0.0,0.0,4.0,6.0
Brighton,time_block,1983596,against,46-60,53,2,37,22,33,22,6,9,11,11,0,0,1,1,10,5,0,17,9,13,2,3,24,0,0,0,0,0,0,0,0,0,0,0,0,0,0,0,0,0,0,0,0,15,8,5,3,20,11,0,0,0,8,5,0,2,13,2,0,2,3,18,21.0,39.0,70.0,149.94000000000003,514.0904943349074,997.8149999999999,0.0,0.0,0.0,0.0,1.0,0.0
Brighton,time_block,1983596,against,61-75,67,6,43,37,39,19,17,7,13,24,0,0,0,0,11,10,0,9,5,3,4,4,40,0,0,0,0,0,0,0,0,0,0,0,0,0,0,0,0,0,0,4,1,6,5,11,6,17,11,0,1,0,1,4,1,4,5,3,0,2,4,16,17.0,44.0,133.0,238.035,1020.4673976889482,907.095,0.0,0.0,1.0,0.0,1.0,0.0
Brighton,time_block,1983596,against,76+,75,2,44,30,40,28,9,7,11,19,1,0,3,0,17,7,0,13,6,8,1,4,36,1,2,1,3,2,1,0,2,1,1,1,0,0,0,0,0,0,0,1,0,9,7,7,3,16,10,0,1,4,2,3,1,7,5,0,1,0,2,19,26.0,51.0,148.0,276.885,878.180304702901,1137.15,0.0,0.0,0.0,0.0,4.0,3.0
Brighton,time_block,1983596,for,0-15,158,4,122,108,121,44,30,48,66,42,4,0,7,1,11,5,0,43,35,39,6,9,83,1,2,1,4,0,3,1,2,2,0,0,0,0,0,0,0,0,0,4,1,9,3,11,4,20,7,0,1,1,3,8,0,3,11,3,0,1,2,21,33.0,149.0,402.0,382.41,2225.8490512429466,1938.195,2.0,1.0,1.0,0.0,1.0,5.0
Brighton,time_block,1983596,for,16-30,92,7,73,63,69,29,18,26,31,32,0,0,1,0,7,3,0,20,15,16,4,7,57,1,2,2,3,1,1,1,3,0,1,0,0,0,0,0,0,0,0,2,1,5,1,10,3,15,4,0,1,0,4,5,0,7,9,4,1,5,1,12,18.0,60.0,181.0,266.595,883.7935966205733,726.915,1.0,1.0,0.0,0.0,2.0,2.0
Brighton,time_block,1983596,for,31-45,108,7,60,54,59,23,11,26,27,27,4,0,6,1,3,2,0,23,22,21,3,7,39,1,3,2,5,1,2,2,4,1,1,0,1,1,0,1,0,0,0,2,1,7,4,7,6,14,10,0,3,0,8,5,3,6,13,4,0,0,2,9,27.0,72.0,196.0,319.83,1046.7697369946425,1436.4,0.0,0.0,1.0,1.0,7.0,5.0
Brighton,time_block,1983596,for,46-60,122,1,103,91,100,39,26,38,52,39,1,0,1,0,6,4,1,26,21,20,5,12,83,0,1,0,1,1,0,0,1,0,1,0,1,1,0,1,0,0,0,0,0,15,7,5,2,20,9,0,0,0,7,6,0,3,13,3,0,3,2,14,21.0,104.0,260.0,226.90499999999997,1518.3030356116808,940.8,0.0,1.0,1.0,0.0,3.0,1.0
Brighton,time_block,1983596,for,61-75,93,2,74,68,71,18,17,39,27,41,1,1,1,1,4,2,0,6,4,5,2,5,69,0,0,0,2,1,1,0,1,1,1,0,1,1,0,1,0,0,0,0,0,6,1,10,4,16,5,0,2,1,4,6,0,8,10,7,1,4,2,10,15.0,75.0,196.0,189.84000000000003,1109.0936142667572,433.65,0.0,0.0,1.0,0.0,6.0,2.0
Brighton,time_block,1983596,for,76+,180,5,152,142,152,59,36,57,70,72,1,0,1,0,2,0,2,39,33,27,14,18,125,0,6,1,7,3,3,1,3,4,1,2,2,0,2,2,0,0,0,1,1,9,2,7,4,16,6,0,3,1,7,7,0,6,14,5,0,2,0,11,19.0,156.0,456.0,560.385,2490.1253414122107,786.345,2.0,0.0,1.0,1.0,2.0,7.0
Brighton,game_state,1983596,against,-2 or worse,0,0,0,0,0,0,0,0,0,0,0,0,0,0,0,0,0,0,0,0,0,0,0,0,0,0,0,0,0,0,0,0,0,0,0,0,0,0,0,0,0,0,0,0,0,0,0,0,0,0,0,0,0,0,0,0,0,0,0,0,0,0,0.0,0.0,0.0,0.0,0.0,0.0,0.0,0.0,0.0,0.0,0.0,0.0
Brighton,game_state,1983596,against,-1,0,0,0,0,0,0,0,0,0,0,0,0,0,0,0,0,0,0,0,0,0,0,0,0,0,0,0,0,0,0,0,0,0,0,0,0,0,0,0,0,0,0,0,0,0,0,0,0,0,0,0,0,0,0,0,0,0,0,0,0,0,0,0.0,0.0,0.0,0.0,0.0,0.0,0.0,0.0,0.0,0.0,0.0,0.0
Brighton,game_state,1983596,against,Level,170,13,104,76,93,46,27,31,41,35,4,3,6,4,28,11,0,29,20,22,5,9,82,2,4,4,7,3,4,0,7,0,3,0,0,0,0,0,0,0,0,1,1,17,12,21,12,38,24,1,4,1,11,9,5,16,20,5,3,3,6,41,51.0,114.0,284.0,422.205,1797.907015165986,2137.485,0.0,1.0,1.0,0.0,14.0,7.0
Brighton,game_state,1983596,against,+1,71,8,43,24,40,27,6,10,15,9,0,0,2,0,9,3,0,24,12,17,3,6,26,2,2,2,4,1,1,2,3,1,1,0,0,0,0,0,0,0,0,2,0,13,6,6,1,19,7,0,0,0,11,3,0,3,14,1,0,3,1,23,31.0,48.0,80.0,146.26500000000004,556.4791100199299,1903.7549999999999,0.0,1.0,0.0,0.0,3.0,4.0
Brighton,game_state,1983596,against,+2 or better,169,8,102,74,92,55,29,18,27,47,1,0,4,1,34,19,0,25,11,13,5,8,89,1,2,1,3,2,1,0,2,1,1,1,0,0,0,0,0,0,0,5,1,21,15,21,11,42,26,0,2,4,10,10,2,12,20,4,1,3,8,44,55.0,112.0,308.0,530.04,2066.7651355460375,2564.205,0.0,0.0,1.0,0.0,6.0,3.0
Brighton,game_state,1983596,for,-2 or worse,0,0,0,0,0,0,0,0,0,0,0,0,0,0,0,0,0,0,0,0,0,0,0,0,0,0,0,0,0,0,0,0,0,0,0,0,0,0,0,0,0,0,0,0,0,0,0,0,0,0,0,0,0,0,0,0,0,0,0,0,0,0,0.0,0.0,0.0,0.0,0.0,0.0,0.0,0.0,0.0,0.0,0.0,0.0
Brighton,game_state,1983596,for,-1,0,0,0,0,0,0,0,0,0,0,0,0,0,0,0,0,0,0,0,0,0,0,0,0,0,0,0,0,0,0,0,0,0,0,0,0,0,0,0,0,0,0,0,0,0,0,0,0,0,0,0,0,0,0,0,0,0,0,0,0,0,0,0.0,0.0,0.0,0.0,0.0,0.0,0.0,0.0,0.0,0.0,0.0,0.0
Brighton,game_state,1983596,for,Level,285,13,219,195,214,83,53,83,114,81,7,0,11,1,19,9,0,75,62,67,12,20,152,2,5,4,8,2,4,2,6,2,2,0,1,1,0,1,0,0,0,7,3,17,5,23,9,40,14,0,3,1,9,16,0,11,25,7,1,6,3,33,56.0,236.0,661.0,818.0550000000001,3560.9761281028186,2864.61,3.0,2.0,1.0,0.0,4.0,8.0
Brighton,game_state,1983596,for,+1,104,6,58,47,55,24,12,22,12,35,1,0,3,1,7,5,0,13,11,10,2,6,48,1,3,1,5,1,2,2,4,1,1,0,1,1,0,1,0,0,0,1,0,13,7,7,5,20,12,0,2,0,9,4,3,6,13,5,0,1,3,14,31.0,66.0,176.0,235.2,950.8438274523857,1580.775,0.0,1.0,1.0,1.0,7.0,5.0
Brighton,game_state,1983596,for,+2 or better,364,7,307,284,303,105,73,129,147,137,3,1,3,1,7,2,3,69,57,51,20,32,256,0,6,1,9,4,4,1,4,5,2,2,3,1,2,3,0,0,0,1,1,21,6,20,9,41,15,0,5,2,15,17,0,16,32,14,1,8,3,30,46.0,314.0,854.0,892.71,4762.114420593607,1816.92,2.0,0.0,3.0,1.0,10.0,9.0
Brighton,total,1983596,against,Season,410,29,249,174,225,128,62,59,83,91,5,3,12,5,71,33,0,78,43,52,13,23,197,5,8,7,14,6,6,2,12,2,5,1,0,0,0,0,0,0,0,8,2,51,33,48,24,99,57,1,6,5,32,22,7,31,54,10,4,9,15,108,137.0,274.0,672.0,1098.51,4421.151260731954,6605.445,0.0,2.0,2.0,0.0,23.0,14.0
Brighton,total,1983596,for,Season,753,26,584,526,572,212,138,234,273,253,11,1,17,3,33,16,3,157,130,128,34,58,456,3,14,6,22,7,10,5,14,8,5,2,5,3,2,5,0,0,0,9,4,51,18,50,23,101,41,0,10,3,33,37,3,33,70,26,2,15,9,77,133.0,616.0,1691.0,1945.965,9273.93437614881,6262.305,5.0,3.0,5.0,2.0,21.0,22.0
Crystal Palace,time_block,1983598,against,0-15,102,1,77,61,74,35,18,24,37,24,4,0,4,0,11,4,0,25,17,18,8,7,59,0,0,0,0,0,0,0,0,0,0,0,0,0,0,0,0,0,0,0,0,2,1,5,1,7,2,0,1,3,5,5,0,7,10,7,0,3,0,18,24.0,92.0,247.0,207.06,1397.758568649501,1211.28,0.0,0.0,1.0,0.0,2.0,0.0
Crystal Palace,time_block,1983598,against,16-30,91,2,59,50,53,25,15,19,26,24,2,2,2,2,4,2,0,19,13,15,3,4,44,0,1,1,1,1,0,0,1,0,1,0,1,1,0,1,0,0,0,3,2,1,1,13,8,14,9,0,3,3,1,5,2,11,6,8,0,3,3,17,17.0,58.0,153.0,379.995,1021.3121035590597,701.8199999999999,0.0,0.0,1.0,0.0,1.0,1.0
Crystal Palace,time_block,1983598,against,31-45,129,7,97,85,93,50,22,25,50,35,4,1,4,1,8,3,0,26,19,16,10,9,81,0,2,1,3,1,2,0,2,1,1,0,1,1,0,1,0,0,0,2,0,2,1,11,3,13,4,0,2,3,3,10,0,9,13,7,1,3,1,20,27.0,110.0,296.0,515.76,1780.9154475393716,1170.435,1.0,2.0,1.0,0.0,4.0,3.0
Crystal Palace,time_block,1983598,against,46-60,100,12,64,47,63,36,11,17,18,29,2,0,4,1,9,5,0,21,13,15,5,9,49,2,2,1,2,1,1,0,2,0,1,0,0,0,0,0,0,0,0,3,3,4,3,10,5,14,8,0,2,0,1,7,3,7,8,5,1,1,0,24,32.0,68.0,181.0,268.695,969.0749890263774,1856.085,1.0,2.0,0.0,0.0,4.0,2.0
Crystal Palace,time_block,1983598,against,61-75,65,1,29,20,26,18,3,8,3,17,0,0,0,0,9,4,0,8,3,1,3,2,28,0,0,0,1,0,0,1,0,1,0,0,0,0,0,0,0,0,0,2,0,9,5,10,1,19,6,0,1,2,13,4,0,7,17,2,1,3,0,18,22.0,31.0,70.0,250.84499999999997,481.2596267377146,784.455,0.0,0.0,1.0,1.0,7.0,1.0
Crystal Palace,time_block,1983598,against,76+,171,7,126,107,122,56,28,42,70,37,6,1,7,1,6,1,0,46,36,40,11,13,86,1,2,1,5,3,2,0,3,2,1,2,1,1,0,1,0,0,0,2,1,8,4,17,7,25,11,1,3,1,3,6,1,10,9,7,2,3,2,25,43.0,142.0,342.0,365.82,1940.7039494649289,2322.285,0.0,3.0,1.0,0.0,6.0,5.0
Crystal Palace,time_block,1983598,for,0-15,94,2,58,46,54,28,11,19,22,24,3,1,5,1,6,2,0,20,14,13,4,7,45,2,2,1,3,1,2,0,2,1,1,0,1,1,0,1,0,0,0,0,0,2,1,5,4,7,5,0,1,2,9,7,3,6,16,2,0,0,3,14,25.0,69.0,155.0,171.36,938.4118705232395,1284.675,0.0,1.0,2.0,2.0,5.0,3.0
Crystal Palace,time_block,1983598,for,16-30,109,3,84,76,81,36,17,31,18,58,1,0,3,0,6,5,2,18,14,12,6,9,72,2,1,1,2,1,0,1,1,1,0,1,0,0,0,0,0,0,0,1,0,1,0,13,5,14,5,0,2,2,2,10,0,9,12,5,2,3,3,16,21.0,88.0,215.0,410.865,1393.6028212596548,891.87,0.0,0.0,1.0,0.0,4.0,2.0
Crystal Palace,time_block,1983598,for,31-45,124,2,91,80,87,41,22,28,35,45,2,0,4,0,12,7,0,15,11,11,6,11,80,1,0,0,0,0,0,0,0,0,0,0,0,0,0,0,0,0,0,3,1,2,1,11,7,13,8,0,3,1,6,9,0,5,15,2,0,1,3,19,29.0,97.0,267.0,238.03500000000003,1502.7140646327944,1190.49,0.0,1.0,0.0,0.0,8.0,0.0
Crystal Palace,time_block,1983598,for,46-60,85,1,48,38,45,19,9,20,14,24,1,0,2,0,2,1,0,9,5,5,3,4,43,1,0,0,0,0,0,0,0,0,0,0,0,0,0,0,0,0,0,2,1,4,1,11,5,15,6,0,3,1,7,5,3,10,12,4,3,0,1,17,24.0,57.0,161.0,275.73,765.6532476257485,919.17,1.0,1.0,1.0,0.0,4.0,0.0
Crystal Palace,time_block,1983598,for,61-75,99,11,57,44,51,32,10,15,20,24,3,0,3,0,6,3,1,26,16,18,5,9,39,0,3,2,4,2,2,0,4,0,2,0,1,1,0,1,0,0,0,2,1,9,4,10,9,19,13,0,5,1,3,3,2,8,6,6,0,0,3,18,31.0,66.0,169.0,262.815,877.659506781564,1816.71,0.0,0.0,3.0,0.0,2.0,4.0
Crystal Palace,time_block,1983598,for,76+,94,2,51,31,46,34,7,10,17,14,3,1,3,1,15,3,1,22,15,16,2,8,35,0,1,1,2,0,2,0,2,0,0,0,0,0,0,0,0,0,0,5,2,8,4,15,9,23,13,0,4,0,9,7,3,10,16,4,1,2,3,25,33.0,56.0,144.0,294.0,750.2047585424776,1345.47,0.0,0.0,1.0,0.0,9.0,2.0
Crystal Palace,game_state,1983598,against,-2 or worse,0,0,0,0,0,0,0,0,0,0,0,0,0,0,0,0,0,0,0,0,0,0,0,0,0,0,0,0,0,0,0,0,0,0,0,0,0,0,0,0,0,0,0,0,0,0,0,0,0,0,0,0,0,0,0,0,0,0,0,0,0,0,0.0,0.0,0.0,0.0,0.0,0.0,0.0,0.0,0.0,0.0,0.0,0.0
Crystal Palace,game_state,1983598,against,-1,233,13,134,97,127,73,24,37,34,63,4,0,6,1,25,12,0,39,23,24,10,13,110,2,2,1,4,2,1,1,2,2,1,1,0,0,0,0,0,0,0,6,3,17,11,28,8,45,19,0,4,5,19,17,4,23,36,12,4,6,1,58,79.0,150.0,367.0,695.1,2167.521100455546,3710.595,1.0,2.0,2.0,1.0,17.0,4.0
Crystal Palace,game_state,1983598,against,Level,354,15,266,228,256,123,60,83,144,84,12,2,13,2,19,6,0,90,67,70,27,28,196,1,4,2,7,3,4,0,5,2,2,1,2,2,0,2,0,0,0,3,1,8,3,32,14,40,17,1,8,6,6,17,0,24,23,21,1,9,4,52,73.0,296.0,790.0,1133.16,4545.8229857624065,3770.235,1.0,5.0,2.0,0.0,6.0,7.0
Crystal Palace,game_state,1983598,against,+1,71,2,52,45,48,24,13,15,26,19,2,2,2,2,3,1,0,16,11,11,3,3,41,0,1,1,1,1,0,0,1,0,1,0,1,1,0,1,0,0,0,3,2,1,1,6,3,7,4,0,0,1,1,3,2,4,4,3,0,1,1,12,13.0,55.0,132.0,159.915,877.6805987590014,565.53,0.0,0.0,1.0,0.0,1.0,1.0
Crystal Palace,game_state,1983598,against,+2 or better,0,0,0,0,0,0,0,0,0,0,0,0,0,0,0,0,0,0,0,0,0,0,0,0,0,0,0,0,0,0,0,0,0,0,0,0,0,0,0,0,0,0,0,0,0,0,0,0,0,0,0,0,0,0,0,0,0,0,0,0,0,0,0.0,0.0,0.0,0.0,0.0,0.0,0.0,0.0,0.0,0.0,0.0,0.0
Crystal Palace,game_state,1983598,for,-2 or worse,0,0,0,0,0,0,0,0,0,0,0,0,0,0,0,0,0,0,0,0,0,0,0,0,0,0,0,0,0,0,0,0,0,0,0,0,0,0,0,0,0,0,0,0,0,0,0,0,0,0,0,0,0,0,0,0,0,0,0,0,0,0,0.0,0.0,0.0,0.0,0.0,0.0,0.0,0.0,0.0,0.0,0.0,0.0
Crystal Palace,game_state,1983598,for,-1,277,13,170,130,159,82,31,57,68,62,6,0,8,0,21,8,1,51,33,36,13,21,134,1,3,2,4,2,2,0,4,0,2,0,1,1,0,1,0,0,0,8,4,17,6,29,19,46,25,0,9,2,15,13,6,21,28,11,3,1,6,58,85.0,194.0,500.0,622.125,2549.345274208546,4229.505,1.0,1.0,5.0,0.0,12.0,4.0
Crystal Palace,game_state,1983598,for,Level,280,6,185,155,172,93,40,52,56,99,6,2,9,2,23,10,2,55,39,37,11,24,148,3,3,2,5,1,4,0,4,1,1,0,1,1,0,1,0,0,0,5,1,8,5,30,17,38,22,0,7,3,20,22,5,20,42,9,1,4,9,44,65.0,202.0,535.0,807.975,3102.271136252122,2544.7799999999997,0.0,2.0,2.0,2.0,18.0,5.0
Crystal Palace,game_state,1983598,for,+1,48,2,34,30,33,15,5,14,2,28,1,0,3,0,3,3,1,4,3,2,2,3,32,2,1,1,2,1,0,1,1,1,0,1,0,0,0,0,0,0,0,0,0,1,0,6,3,7,3,0,2,2,1,6,0,7,7,3,2,1,1,7,13.0,37.0,76.0,222.705,576.6298589048109,674.1,0.0,0.0,1.0,0.0,2.0,2.0
Crystal Palace,game_state,1983598,for,+2 or better,0,0,0,0,0,0,0,0,0,0,0,0,0,0,0,0,0,0,0,0,0,0,0,0,0,0,0,0,0,0,0,0,0,0,0,0,0,0,0,0,0,0,0,0,0,0,0,0,0,0,0,0,0,0,0,0,0,0,0,0,0,0,0.0,0.0,0.0,0.0,0.0,0.0,0.0,0.0,0.0,0.0,0.0,0.0
Crystal Palace,total,1983598,against,Season,658,30,452,370,431,220,97,135,204,166,18,4,21,5,47,19,0,145,101,105,40,44,347,3,7,4,12,6,5,1,8,4,4,2,3,3,0,3,0,0,0,12,6,26,15,66,25,92,40,1,12,12,26,37,6,51,63,36,5,16,6,122,165.0,501.0,1289.0,1988.175,7591.024684976953,8046.36,2.0,7.0,5.0,1.0,24.0,12.0
Crystal Palace,total,1983598,for,Season,605,21,389,315,364,190,76,123,126,189,13,2,20,2,47,21,4,110,75,75,26,48,314,6,7,5,11,4,6,1,9,2,3,1,2,2,0,2,0,0,0,13,5,26,11,65,39,91,50,0,18,7,36,41,11,48,77,23,6,6,16,109,163.0,433.0,1111.0,1652.805,6228.246269365479,7448.385,1.0,3.0,8.0,2.0,32.0,11.0
Ipswich,time_block,1983598,against,0-15,94,2,58,46,54,28,11,19,22,24,3,1,5,1,6,2,0,20,14,13,4,7,45,2,2,1,3,1,2,0,2,1,1,0,1,1,0,1,0,0,0,0,0,2,1,5,4,7,5,0,1,2,9,7,3,6,16,2,0,0,3,14,25.0,69.0,155.0,171.36,938.4118705232395,1284.675,0.0,1.0,2.0,2.0,5.0,3.0
Ipswich,time_block,1983598,against,16-30,109,3,84,76,81,36,17,31,18,58,1,0,3,0,6,5,2,18,14,12,6,9,72,2,1,1,2,1,0,1,1,1,0,1,0,0,0,0,0,0,0,1,0,1,0,13,5,14,5,0,2,2,2,10,0,9,12,5,2,3,3,16,21.0,88.0,215.0,410.865,1393.6028212596548,891.87,0.0,0.0,1.0,0.0,4.0,2.0
Ipswich,time_block,1983598,against,31-45,124,2,91,80,87,41,22,28,35,45,2,0,4,0,12,7,0,15,11,11,6,11,80,1,0,0,0,0,0,0,0,0,0,0,0,0,0,0,0,0,0,3,1,2,1,11,7,13,8,0,3,1,6,9,0,5,15,2,0,1,3,19,29.0,97.0,267.0,238.03500000000003,1502.7140646327944,1190.49,0.0,1.0,0.0,0.0,8.0,0.0
Ipswich,time_block,1983598,against,46-60,85,1,48,38,45,19,9,20,14,24,1,0,2,0,2,1,0,9,5,5,3,4,43,1,0,0,0,0,0,0,0,0,0,0,0,0,0,0,0,0,0,2,1,4,1,11,5,15,6,0,3,1,7,5,3,10,12,4,3,0,1,17,24.0,57.0,161.0,275.73,765.6532476257485,919.17,1.0,1.0,1.0,0.0,4.0,0.0
Ipswich,time_block,1983598,against,61-75,99,11,57,44,51,32,10,15,20,24,3,0,3,0,6,3,1,26,16,18,5,9,39,0,3,2,4,2,2,0,4,0,2,0,1,1,0,1,0,0,0,2,1,9,4,10,9,19,13,0,5,1,3,3,2,8,6,6,0,0,3,18,31.0,66.0,169.0,262.815,877.659506781564,1816.71,0.0,0.0,3.0,0.0,2.0,4.0
Ipswich,time_block,1983598,against,76+,94,2,51,31,46,34,7,10,17,14,3,1,3,1,15,3,1,22,15,16,2,8,35,0,1,1,2,0,2,0,2,0,0,0,0,0,0,0,0,0,0,5,2,8,4,15,9,23,13,0,4,0,9,7,3,10,16,4,1,2,3,25,33.0,56.0,144.0,294.0,750.2047585424776,1345.47,0.0,0.0,1.0,0.0,9.0,2.0
Ipswich,time_block,1983598,for,0-15,102,1,77,61,74,35,18,24,37,24,4,0,4,0,11,4,0,25,17,18,8,7,59,0,0,0,0,0,0,0,0,0,0,0,0,0,0,0,0,0,0,0,0,2,1,5,1,7,2,0,1,3,5,5,0,7,10,7,0,3,0,18,24.0,92.0,247.0,207.06,1397.758568649501,1211.28,0.0,0.0,1.0,0.0,2.0,0.0
Ipswich,time_block,1983598,for,16-30,91,2,59,50,53,25,15,19,26,24,2,2,2,2,4,2,0,19,13,15,3,4,44,0,1,1,1,1,0,0,1,0,1,0,1,1,0,1,0,0,0,3,2,1,1,13,8,14,9,0,3,3,1,5,2,11,6,8,0,3,3,17,17.0,58.0,153.0,379.995,1021.3121035590597,701.8199999999999,0.0,0.0,1.0,0.0,1.0,1.0
Ipswich,time_block,1983598,for,31-45,129,7,97,85,93,50,22,25,50,35,4,1,4,1,8,3,0,26,19,16,10,9,81,0,2,1,3,1,2,0,2,1,1,0,1,1,0,1,0,0,0,2,0,2,1,11,3,13,4,0,2,3,3,10,0,9,13,7,1,3,1,20,27.0,110.0,296.0,515.76,1780.9154475393716,1170.435,1.0,2.0,1.0,0.0,4.0,3.0
Ipswich,time_block,1983598,for,46-60,100,12,64,47,63,36,11,17,18,29,2,0,4,1,9,5,0,21,13,15,5,9,49,2,2,1,2,1,1,0,2,0,1,0,0,0,0,0,0,0,0,3,3,4,3,10,5,14,8,0,2,0,1,7,3,7,8,5,1,1,0,24,32.0,68.0,181.0,268.695,969.0749890263774,1856.085,1.0,2.0,0.0,0.0,4.0,2.0
Ipswich,time_block,1983598,for,61-75,65,1,29,20,26,18,3,8,3,17,0,0,0,0,9,4,0,8,3,1,3,2,28,0,0,0,1,0,0,1,0,1,0,0,0,0,0,0,0,0,0,2,0,9,5,10,1,19,6,0,1,2,13,4,0,7,17,2,1,3,0,18,22.0,31.0,70.0,250.84499999999997,481.2596267377146,784.455,0.0,0.0,1.0,1.0,7.0,1.0
Ipswich,time_block,1983598,for,76+,171,7,126,107,122,56,28,42,70,37,6,1,7,1,6,1,0,46,36,40,11,13,86,1,2,1,5,3,2,0,3,2,1,2,1,1,0,1,0,0,0,2,1,8,4,17,7,25,11,1,3,1,3,6,1,10,9,7,2,3,2,25,43.0,142.0,342.0,365.82,1940.7039494649289,2322.285,0.0,3.0,1.0,0.0,6.0,5.0
Ipswich,game_state,1983598,against,-2 or worse,0,0,0,0,0,0,0,0,0,0,0,0,0,0,0,0,0,0,0,0,0,0,0,0,0,0,0,0,0,0,0,0,0,0,0,0,0,0,0,0,0,0,0,0,0,0,0,0,0,0,0,0,0,0,0,0,0,0,0,0,0,0,0.0,0.0,0.0,0.0,0.0,0.0,0.0,0.0,0.0,0.0,0.0,0.0
Ipswich,game_state,1983598,against,-1,48,2,34,30,33,15,5,14,2,28,1,0,3,0,3,3,1,4,3,2,2,3,32,2,1,1,2,1,0,1,1,1,0,1,0,0,0,0,0,0,0,0,0,1,0,6,3,7,3,0,2,2,1,6,0,7,7,3,2,1,1,7,13.0,37.0,76.0,222.705,576.6298589048109,674.1,0.0,0.0,1.0,0.0,2.0,2.0
Ipswich,game_state,1983598,against,Level,280,6,185,155,172,93,40,52,56,99,6,2,9,2,23,10,2,55,39,37,11,24,148,3,3,2,5,1,4,0,4,1,1,0,1,1,0,1,0,0,0,5,1,8,5,30,17,38,22,0,7,3,20,22,5,20,42,9,1,4,9,44,65.0,202.0,535.0,807.975,3102.271136252122,2544.7799999999997,0.0,2.0,2.0,2.0,18.0,5.0
Ipswich,game_state,1983598,against,+1,277,13,170,130,159,82,31,57,68,62,6,0,8,0,21,8,1,51,33,36,13,21,134,1,3,2,4,2,2,0,4,0,2,0,1,1,0,1,0,0,0,8,4,17,6,29,19,46,25,0,9,2,15,13,6,21,28,11,3,1,6,58,85.0,194.0,500.0,622.125,2549.345274208546,4229.505,1.0,1.0,5.0,0.0,12.0,4.0
Ipswich,game_state,1983598,against,+2 or better,0,0,0,0,0,0,0,0,0,0,0,0,0,0,0,0,0,0,0,0,0,0,0,0,0,0,0,0,0,0,0,0,0,0,0,0,0,0,0,0,0,0,0,0,0,0,0,0,0,0,0,0,0,0,0,0,0,0,0,0,0,0,0.0,0.0,0.0,0.0,0.0,0.0,0.0,0.0,0.0,0.0,0.0,0.0
Ipswich,game_state,1983598,for,-2 or worse,0,0,0,0,0,0,0,0,0,0,0,0,0,0,0,0,0,0,0,0,0,0,0,0,0,0,0,0,0,0,0,0,0,0,0,0,0,0,0,0,0,0,0,0,0,0,0,0,0,0,0,0,0,0,0,0,0,0,0,0,0,0,0.0,0.0,0.0,0.0,0.0,0.0,0.0,0.0,0.0,0.0,0.0,0.0
Ipswich,game_state,1983598,for,-1,71,2,52,45,48,24,13,15,26,19,2,2,2,2,3,1,0,16,11,11,3,3,41,0,1,1,1,1,0,0,1,0,1,0,1,1,0,1,0,0,0,3,2,1,1,6,3,7,4,0,0,1,1,3,2,4,4,3,0,1,1,12,13.0,55.0,132.0,159.915,877.6805987590014,565.53,0.0,0.0,1.0,0.0,1.0,1.0
Ipswich,game_state,1983598,for,Level,354,15,266,228,256,123,60,83,144,84,12,2,13,2,19,6,0,90,67,70,27,28,196,1,4,2,7,3,4,0,5,2,2,1,2,2,0,2,0,0,0,3,1,8,3,32,14,40,17,1,8,6,6,17,0,24,23,21,1,9,4,52,73.0,296.0,790.0,1133.16,4545.8229857624065,3770.235,1.0,5.0,2.0,0.0,6.0,7.0
Ipswich,game_state,1983598,for,+1,233,13,134,97,127,73,24,37,34,63,4,0,6,1,25,12,0,39,23,24,10,13,110,2,2,1,4,2,1,1,2,2,1,1,0,0,0,0,0,0,0,6,3,17,11,28,8,45,19,0,4,5,19,17,4,23,36,12,4,6,1,58,79.0,150.0,367.0,695.1,2167.521100455546,3710.595,1.0,2.0,2.0,1.0,17.0,4.0
Ipswich,game_state,1983598,for,+2 or better,0,0,0,0,0,0,0,0,0,0,0,0,0,0,0,0,0,0,0,0,0,0,0,0,0,0,0,0,0,0,0,0,0,0,0,0,0,0,0,0,0,0,0,0,0,0,0,0,0,0,0,0,0,0,0,0,0,0,0,0,0,0,0.0,0.0,0.0,0.0,0.0,0.0,0.0,0.0,0.0,0.0,0.0,0.0
Ipswich,total,1983598,against,Season,605,21,389,315,364,190,76,123,126,189,13,2,20,2,47,21,4,110,75,75,26,48,314,6,7,5,11,4,6,1,9,2,3,1,2,2,0,2,0,0,0,13,5,26,11,65,39,91,50,0,18,7,36,41,11,48,77,23,6,6,16,109,163.0,433.0,1111.0,1652.805,6228.246269365479,7448.385,1.0,3.0,8.0,2.0,32.0,11.0
Ipswich,total,1983598,for,Season,658,30,452,370,431,220,97,135,204,166,18,4,21,5,47,19,0,145,101,105,40,44,347,3,7,4,12,6,5,1,8,4,4,2,3,3,0,3,0,0,0,12,6,26,15,66,25,92,40,1,12,12,26,37,6,51,63,36,5,16,6,122,165.0,501.0,1289.0,1988.175,7591.024684976953,8046.36,2.0,7.0,5.0,1.0,24.0,12.0
Leeds,time_block,1983600,against,0-15,101,1,65,50,62,26,19,20,7,43,0,0,0,0,10,4,1,9,4,2,4,2,63,0,0,0,0,0,0,0,0,0,0,0,0,0,0,0,0,0,0,4,1,4,2,13,4,17,6,0,1,3,7,9,1,8,16,6,2,1,2,23,25.0,70.0,270.0,87.78000000000003,1055.071112150939,1072.05,0.0,0.0,0.0,0.0,4.0,0.0
Leeds,time_block,1983600,against,16-30,98,1,70,53,68,28,18,24,19,34,1,0,1,0,12,2,1,14,5,8,1,5,62,1,0,0,0,0,0,0,0,0,0,0,0,0,0,0,0,0,0,1,0,8,5,9,4,17,9,0,4,0,10,3,1,8,13,6,1,2,0,20,21.0,76.0,175.0,-40.31999999999997,985.5190166902183,1004.955,0.0,0.0,0.0,0.0,4.0,0.0
Leeds,time_block,1983600,against,31-45,110,2,76,61,73,30,26,20,16,45,0,0,1,0,10,2,0,8,3,2,2,2,74,1,0,0,1,1,0,0,1,0,1,0,0,0,0,0,1,1,0,2,0,7,2,13,6,20,8,0,4,1,7,5,0,7,12,3,1,1,2,22,28.0,93.0,227.0,61.005000000000024,1354.8180516638577,1067.01,0.0,1.0,0.0,0.0,7.0,2.0
Leeds,time_block,1983600,against,46-60,84,3,58,50,55,22,11,25,34,16,5,0,7,0,6,2,0,29,25,26,5,9,32,2,1,1,1,1,0,0,0,1,0,1,0,0,0,0,0,0,0,2,0,8,4,9,2,17,6,0,2,0,6,5,1,6,11,5,0,3,0,14,19.0,55.0,118.0,155.19,663.490296985874,1099.245,0.0,0.0,4.0,1.0,2.0,1.0
Leeds,time_block,1983600,against,61-75,131,10,89,81,88,40,20,29,57,24,5,1,7,1,4,3,0,43,36,34,12,15,55,1,2,1,3,1,2,0,2,1,0,1,0,0,0,0,0,0,0,7,4,3,2,14,9,17,11,0,3,0,7,9,0,4,16,3,0,1,2,14,25.0,102.0,271.0,395.32500000000005,1541.4287547440347,1567.125,0.0,0.0,1.0,0.0,3.0,3.0
Leeds,time_block,1983600,against,76+,100,3,75,62,69,36,13,26,29,33,2,0,2,0,8,2,2,16,9,8,5,7,67,0,1,0,2,2,0,0,1,1,1,1,1,1,0,1,0,0,0,2,1,3,1,18,8,21,9,0,5,1,1,10,2,16,11,14,3,5,2,18,24.0,78.0,279.0,192.885,1198.206138186772,1196.685,0.0,0.0,1.0,0.0,1.0,2.0
Leeds,time_block,1983600,for,0-15,129,7,91,76,90,37,24,30,32,44,3,1,5,2,6,3,0,20,15,15,7,13,76,2,2,2,2,1,0,1,1,1,1,0,0,0,0,0,0,0,0,5,2,4,2,14,8,18,10,0,5,0,3,10,1,9,13,7,1,2,1,21,32.0,101.0,248.0,311.85,1725.094199878869,1596.945,0.0,1.0,0.0,0.0,5.0,2.0
Leeds,time_block,1983600,for,16-30,111,7,81,67,77,33,20,28,17,50,1,1,2,1,7,2,2,11,6,6,4,6,75,1,2,1,3,1,1,1,2,1,1,0,0,0,0,0,0,0,0,3,1,8,3,9,5,17,8,0,2,1,4,3,1,4,7,2,0,0,2,20,29.0,90.0,232.0,125.05499999999999,1238.7473479357916,1554.0,0.0,1.0,0.0,0.0,3.0,3.0
Leeds,time_block,1983600,for,31-45,116,10,83,67,82,40,17,26,38,29,3,2,3,2,10,4,0,33,21,21,6,13,62,0,4,3,5,3,1,1,4,1,3,0,3,3,0,2,0,0,0,5,1,7,5,12,6,19,11,0,4,1,1,10,1,8,11,5,0,2,1,23,31.0,88.0,226.0,271.845,1455.6034567879715,1808.625,0.0,2.0,1.0,0.0,2.0,5.0
Leeds,time_block,1983600,for,46-60,90,2,56,49,53,26,19,11,9,40,1,0,1,0,5,3,0,7,3,3,2,1,53,0,0,0,2,1,1,0,2,0,1,0,1,1,0,1,0,0,0,3,0,8,4,9,6,17,10,0,3,3,6,7,0,6,13,2,0,0,3,12,22.0,68.0,193.0,200.34,1190.6562063838164,948.99,0.0,0.0,1.0,1.0,6.0,2.0
Leeds,time_block,1983600,for,61-75,65,0,38,33,33,17,7,14,15,18,2,0,3,0,7,3,0,12,10,8,4,3,30,1,0,0,0,0,0,0,0,0,0,0,0,0,0,0,0,0,0,2,0,3,1,13,4,16,5,0,3,1,8,3,0,10,11,5,4,2,1,12,16.0,37.0,100.0,245.805,658.3010554425415,479.32500000000005,0.0,0.0,0.0,0.0,6.0,0.0
Leeds,time_block,1983600,for,76+,126,2,91,76,86,34,26,31,22,54,1,0,2,1,8,3,0,11,7,6,5,7,85,1,0,0,2,0,1,1,0,2,0,0,0,0,0,0,0,0,0,6,3,3,2,17,9,20,11,0,1,3,6,9,1,8,15,6,1,2,5,20,27.0,96.0,238.0,68.88000000000005,1349.6260696854831,1295.49,0.0,0.0,2.0,1.0,4.0,2.0
Leeds,game_state,1983600,against,-2 or worse,0,0,0,0,0,0,0,0,0,0,0,0,0,0,0,0,0,0,0,0,0,0,0,0,0,0,0,0,0,0,0,0,0,0,0,0,0,0,0,0,0,0,0,0,0,0,0,0,0,0,0,0,0,0,0,0,0,0,0,0,0,0,0.0,0.0,0.0,0.0,0.0,0.0,0.0,0.0,0.0,0.0,0.0,0.0
Leeds,game_state,1983600,against,-1,0,0,0,0,0,0,0,0,0,0,0,0,0,0,0,0,0,0,0,0,0,0,0,0,0,0,0,0,0,0,0,0,0,0,0,0,0,0,0,0,0,0,0,0,0,0,0,0,0,0,0,0,0,0,0,0,0,0,0,0,0,0,0.0,0.0,0.0,0.0,0.0,0.0,0.0,0.0,0.0,0.0,0.0,0.0
Leeds,game_state,1983600,against,Level,202,2,135,103,130,54,37,44,26,77,1,0,1,0,22,6,2,23,9,10,5,7,125,1,0,0,0,0,0,0,0,0,0,0,0,0,0,0,1,1,0,5,1,12,7,22,8,34,15,0,5,3,17,12,2,16,29,12,3,3,2,43,48.0,146.0,447.0,49.03500000000004,2043.9113335924485,2152.5,0.0,0.0,0.0,0.0,9.0,1.0
Leeds,game_state,1983600,against,+1,13,0,10,8,10,4,5,1,2,6,0,0,0,0,1,0,0,1,0,0,0,0,10,0,0,0,0,0,0,0,0,0,0,0,0,0,0,0,0,0,0,1,0,1,0,2,1,3,1,0,1,0,1,1,0,1,2,1,0,0,0,3,3.0,10.0,23.0,-36.54,182.55568464152074,134.61,0.0,0.0,0.0,0.0,1.0,0.0
Leeds,game_state,1983600,against,+2 or better,409,18,288,246,275,124,65,99,134,112,12,1,17,1,27,9,2,95,73,70,24,33,218,4,4,2,7,5,2,0,4,3,2,3,1,1,0,1,0,0,0,12,5,20,9,52,24,72,33,0,13,2,20,28,3,32,48,24,4,10,6,65,91.0,318.0,870.0,839.37,4572.066352187726,4719.96,0.0,1.0,6.0,1.0,11.0,7.0
Leeds,game_state,1983600,for,-2 or worse,0,0,0,0,0,0,0,0,0,0,0,0,0,0,0,0,0,0,0,0,0,0,0,0,0,0,0,0,0,0,0,0,0,0,0,0,0,0,0,0,0,0,0,0,0,0,0,0,0,0,0,0,0,0,0,0,0,0,0,0,0,0,0.0,0.0,0.0,0.0,0.0,0.0,0.0,0.0,0.0,0.0,0.0,0.0
Leeds,game_state,1983600,for,-1,0,0,0,0,0,0,0,0,0,0,0,0,0,0,0,0,0,0,0,0,0,0,0,0,0,0,0,0,0,0,0,0,0,0,0,0,0,0,0,0,0,0,0,0,0,0,0,0,0,0,0,0,0,0,0,0,0,0,0,0,0,0,0.0,0.0,0.0,0.0,0.0,0.0,0.0,0.0,0.0,0.0,0.0,0.0
Leeds,game_state,1983600,for,Level,245,15,175,146,170,72,44,59,51,95,4,2,7,3,13,5,2,33,23,22,12,19,153,3,5,4,6,2,1,3,3,3,2,0,1,1,0,0,0,0,0,8,3,12,5,23,13,35,18,0,7,1,7,14,2,13,21,9,1,2,3,41,62.0,194.0,491.0,480.9,3032.43207921092,3192.315,0.0,3.0,0.0,0.0,8.0,6.0
Leeds,game_state,1983600,for,+1,19,2,15,12,15,8,3,4,4,8,1,1,1,1,2,1,0,5,3,3,1,2,12,0,1,0,1,1,0,0,1,0,1,0,1,1,0,1,0,0,0,1,0,1,1,1,0,2,1,0,0,0,0,2,0,0,2,0,0,0,0,4,5.0,17.0,33.0,25.20000000000001,300.520819108829,285.81,0.0,0.0,0.0,0.0,1.0,1.0
Leeds,game_state,1983600,for,+2 or better,373,11,250,210,236,107,66,77,78,132,6,1,8,2,28,12,0,56,36,34,15,22,216,2,2,2,7,3,3,1,5,2,3,0,2,2,0,2,0,0,0,15,4,20,11,50,25,70,36,0,11,8,21,26,2,32,47,18,5,6,10,63,90.0,269.0,713.0,717.6750000000001,4285.075437794724,4205.25,0.0,1.0,4.0,2.0,17.0,7.0
Leeds,total,1983600,against,Season,624,20,433,357,415,182,107,144,162,195,13,1,18,1,50,15,4,119,82,80,29,40,353,5,4,2,7,5,2,0,4,3,2,3,1,1,0,1,1,1,0,18,6,33,16,76,33,109,49,0,19,5,38,41,5,49,79,37,7,13,8,111,142.0,474.0,1340.0,851.8650000000001,6798.5333704216955,7007.07,0.0,1.0,6.0,1.0,21.0,8.0
Leeds,total,1983600,for,Season,637,28,440,368,421,187,113,140,133,235,11,4,16,6,43,18,2,94,62,59,28,43,381,5,8,6,14,6,4,4,9,5,6,0,4,4,0,3,0,0,0,24,7,33,17,74,38,107,55,0,18,9,28,42,4,45,70,27,6,8,13,108,157.0,480.0,1237.0,1223.775,7618.028336114473,7683.375,0.0,4.0,4.0,2.0,26.0,14.0
Newcastle,time_block,1983600,against,0-15,129,7,91,76,90,37,24,30,32,44,3,1,5,2,6,3,0,20,15,15,7,13,76,2,2,2,2,1,0,1,1,1,1,0,0,0,0,0,0,0,0,5,2,4,2,14,8,18,10,0,5,0,3,10,1,9,13,7,1,2,1,21,32.0,101.0,248.0,311.85,1725.094199878869,1596.945,0.0,1.0,0.0,0.0,5.0,2.0
Newcastle,time_block,1983600,against,16-30,111,7,81,67,77,33,20,28,17,50,1,1,2,1,7,2,2,11,6,6,4,6,75,1,2,1,3,1,1,1,2,1,1,0,0,0,0,0,0,0,0,3,1,8,3,9,5,17,8,0,2,1,4,3,1,4,7,2,0,0,2,20,29.0,90.0,232.0,125.05499999999999,1238.7473479357916,1554.0,0.0,1.0,0.0,0.0,3.0,3.0
Newcastle,time_block,1983600,against,31-45,116,10,83,67,82,40,17,26,38,29,3,2,3,2,10,4,0,33,21,21,6,13,62,0,4,3,5,3,1,1,4,1,3,0,3,3,0,2,0,0,0,5,1,7,5,12,6,19,11,0,4,1,1,10,1,8,11,5,0,2,1,23,31.0,88.0,226.0,271.845,1455.6034567879715,1808.625,0.0,2.0,1.0,0.0,2.0,5.0
Newcastle,time_block,1983600,against,46-60,90,2,56,49,53,26,19,11,9,40,1,0,1,0,5,3,0,7,3,3,2,1,53,0,0,0,2,1,1,0,2,0,1,0,1,1,0,1,0,0,0,3,0,8,4,9,6,17,10,0,3,3,6,7,0,6,13,2,0,0,3,12,22.0,68.0,193.0,200.34,1190.6562063838164,948.99,0.0,0.0,1.0,1.0,6.0,2.0
Newcastle,time_block,1983600,against,61-75,65,0,38,33,33,17,7,14,15,18,2,0,3,0,7,3,0,12,10,8,4,3,30,1,0,0,0,0,0,0,0,0,0,0,0,0,0,0,0,0,0,2,0,3,1,13,4,16,5,0,3,1,8,3,0,10,11,5,4,2,1,12,16.0,37.0,100.0,245.805,658.3010554425415,479.32500000000005,0.0,0.0,0.0,0.0,6.0,0.0
Newcastle,time_block,1983600,against,76+,126,2,91,76,86,34,26,31,22,54,1,0,2,1,8,3,0,11,7,6,5,7,85,1,0,0,2,0,1,1,0,2,0,0,0,0,0,0,0,0,0,6,3,3,2,17,9,20,11,0,1,3,6,9,1,8,15,6,1,2,5,20,27.0,96.0,238.0,68.88000000000005,1349.6260696854831,1295.49,0.0,0.0,2.0,1.0,4.0,2.0
Newcastle,time_block,1983600,for,0-15,101,1,65,50,62,26,19,20,7,43,0,0,0,0,10,4,1,9,4,2,4,2,63,0,0,0,0,0,0,0,0,0,0,0,0,0,0,0,0,0,0,4,1,4,2,13,4,17,6,0,1,3,7,9,1,8,16,6,2,1,2,23,25.0,70.0,270.0,87.78000000000003,1055.071112150939,1072.05,0.0,0.0,0.0,0.0,4.0,0.0
Newcastle,time_block,1983600,for,16-30,98,1,70,53,68,28,18,24,19,34,1,0,1,0,12,2,1,14,5,8,1,5,62,1,0,0,0,0,0,0,0,0,0,0,0,0,0,0,0,0,0,1,0,8,5,9,4,17,9,0,4,0,10,3,1,8,13,6,1,2,0,20,21.0,76.0,175.0,-40.31999999999997,985.5190166902183,1004.955,0.0,0.0,0.0,0.0,4.0,0.0
Newcastle,time_block,1983600,for,31-45,110,2,76,61,73,30,26,20,16,45,0,0,1,0,10,2,0,8,3,2,2,2,74,1,0,0,1,1,0,0,1,0,1,0,0,0,0,0,1,1,0,2,0,7,2,13,6,20,8,0,4,1,7,5,0,7,12,3,1,1,2,22,28.0,93.0,227.0,61.005000000000024,1354.8180516638577,1067.01,0.0,1.0,0.0,0.0,7.0,2.0
Newcastle,time_block,1983600,for,46-60,84,3,58,50,55,22,11,25,34,16,5,0,7,0,6,2,0,29,25,26,5,9,32,2,1,1,1,1,0,0,0,1,0,1,0,0,0,0,0,0,0,2,0,8,4,9,2,17,6,0,2,0,6,5,1,6,11,5,0,3,0,14,19.0,55.0,118.0,155.19,663.490296985874,1099.245,0.0,0.0,4.0,1.0,2.0,1.0
Newcastle,time_block,1983600,for,61-75,131,10,89,81,88,40,20,29,57,24,5,1,7,1,4,3,0,43,36,34,12,15,55,1,2,1,3,1,2,0,2,1,0,1,0,0,0,0,0,0,0,7,4,3,2,14,9,17,11,0,3,0,7,9,0,4,16,3,0,1,2,14,25.0,102.0,271.0,395.32500000000005,1541.4287547440347,1567.125,0.0,0.0,1.0,0.0,3.0,3.0
Newcastle,time_block,1983600,for,76+,100,3,75,62,69,36,13,26,29,33,2,0,2,0,8,2,2,16,9,8,5,7,67,0,1,0,2,2,0,0,1,1,1,1,1,1,0,1,0,0,0,2,1,3,1,18,8,21,9,0,5,1,1,10,2,16,11,14,3,5,2,18,24.0,78.0,279.0,192.885,1198.206138186772,1196.685,0.0,0.0,1.0,0.0,1.0,2.0
Newcastle,game_state,1983600,against,-2 or worse,373,11,250,210,236,107,66,77,78,132,6,1,8,2,28,12,0,56,36,34,15,22,216,2,2,2,7,3,3,1,5,2,3,0,2,2,0,2,0,0,0,15,4,20,11,50,25,70,36,0,11,8,21,26,2,32,47,18,5,6,10,63,90.0,269.0,713.0,717.6750000000001,4285.075437794724,4205.25,0.0,1.0,4.0,2.0,17.0,7.0
Newcastle,game_state,1983600,against,-1,19,2,15,12,15,8,3,4,4,8,1,1,1,1,2,1,0,5,3,3,1,2,12,0,1,0,1,1,0,0,1,0,1,0,1,1,0,1,0,0,0,1,0,1,1,1,0,2,1,0,0,0,0,2,0,0,2,0,0,0,0,4,5.0,17.0,33.0,25.20000000000001,300.520819108829,285.81,0.0,0.0,0.0,0.0,1.0,1.0
Newcastle,game_state,1983600,against,Level,245,15,175,146,170,72,44,59,51,95,4,2,7,3,13,5,2,33,23,22,12,19,153,3,5,4,6,2,1,3,3,3,2,0,1,1,0,0,0,0,0,8,3,12,5,23,13,35,18,0,7,1,7,14,2,13,21,9,1,2,3,41,62.0,194.0,491.0,480.9,3032.43207921092,3192.315,0.0,3.0,0.0,0.0,8.0,6.0
Newcastle,game_state,1983600,against,+1,0,0,0,0,0,0,0,0,0,0,0,0,0,0,0,0,0,0,0,0,0,0,0,0,0,0,0,0,0,0,0,0,0,0,0,0,0,0,0,0,0,0,0,0,0,0,0,0,0,0,0,0,0,0,0,0,0,0,0,0,0,0,0.0,0.0,0.0,0.0,0.0,0.0,0.0,0.0,0.0,0.0,0.0,0.0
Newcastle,game_state,1983600,against,+2 or better,0,0,0,0,0,0,0,0,0,0,0,0,0,0,0,0,0,0,0,0,0,0,0,0,0,0,0,0,0,0,0,0,0,0,0,0,0,0,0,0,0,0,0,0,0,0,0,0,0,0,0,0,0,0,0,0,0,0,0,0,0,0,0.0,0.0,0.0,0.0,0.0,0.0,0.0,0.0,0.0,0.0,0.0,0.0
Newcastle,game_state,1983600,for,-2 or worse,409,18,288,246,275,124,65,99,134,112,12,1,17,1,27,9,2,95,73,70,24,33,218,4,4,2,7,5,2,0,4,3,2,3,1,1,0,1,0,0,0,12,5,20,9,52,24,72,33,0,13,2,20,28,3,32,48,24,4,10,6,65,91.0,318.0,870.0,839.37,4572.066352187726,4719.96,0.0,1.0,6.0,1.0,11.0,7.0
Newcastle,game_state,1983600,for,-1,13,0,10,8,10,4,5,1,2,6,0,0,0,0,1,0,0,1,0,0,0,0,10,0,0,0,0,0,0,0,0,0,0,0,0,0,0,0,0,0,0,1,0,1,0,2,1,3,1,0,1,0,1,1,0,1,2,1,0,0,0,3,3.0,10.0,23.0,-36.54,182.55568464152074,134.61,0.0,0.0,0.0,0.0,1.0,0.0
Newcastle,game_state,1983600,for,Level,202,2,135,103,130,54,37,44,26,77,1,0,1,0,22,6,2,23,9,10,5,7,125,1,0,0,0,0,0,0,0,0,0,0,0,0,0,0,1,1,0,5,1,12,7,22,8,34,15,0,5,3,17,12,2,16,29,12,3,3,2,43,48.0,146.0,447.0,49.03500000000004,2043.9113335924485,2152.5,0.0,0.0,0.0,0.0,9.0,1.0
Newcastle,game_state,1983600,for,+1,0,0,0,0,0,0,0,0,0,0,0,0,0,0,0,0,0,0,0,0,0,0,0,0,0,0,0,0,0,0,0,0,0,0,0,0,0,0,0,0,0,0,0,0,0,0,0,0,0,0,0,0,0,0,0,0,0,0,0,0,0,0,0.0,0.0,0.0,0.0,0.0,0.0,0.0,0.0,0.0,0.0,0.0,0.0
Newcastle,game_state,1983600,for,+2 or better,0,0,0,0,0,0,0,0,0,0,0,0,0,0,0,0,0,0,0,0,0,0,0,0,0,0,0,0,0,0,0,0,0,0,0,0,0,0,0,0,0,0,0,0,0,0,0,0,0,0,0,0,0,0,0,0,0,0,0,0,0,0,0.0,0.0,0.0,0.0,0.0,0.0,0.0,0.0,0.0,0.0,0.0,0.0
Newcastle,total,1983600,against,Season,637,28,440,368,421,187,113,140,133,235,11,4,16,6,43,18,2,94,62,59,28,43,381,5,8,6,14,6,4,4,9,5,6,0,4,4,0,3,0,0,0,24,7,33,17,74,38,107,55,0,18,9,28,42,4,45,70,27,6,8,13,108,157.0,480.0,1237.0,1223.775,7618.028336114473,7683.375,0.0,4.0,4.0,2.0,26.0,14.0
Newcastle,total,1983600,for,Season,624,20,433,357,415,182,107,144,162,195,13,1,18,1,50,15,4,119,82,80,29,40,353,5,4,2,7,5,2,0,4,3,2,3,1,1,0,1,1,1,0,18,6,33,16,76,33,109,49,0,19,5,38,41,5,49,79,37,7,13,8,111,142.0,474.0,1340.0,851.8650000000001,6798.5333704216955,7007.07,0.0,1.0,6.0,1.0,21.0,8.0
Fulham,time_block,1983602,against,0-15,152,2,120,98,116,54,30,36,31,67,1,0,1,0,12,6,0,16,6,7,4,12,113,1,1,1,1,0,1,0,1,0,0,0,0,0,0,0,0,0,0,4,1,3,2,15,5,18,7,0,3,4,1,8,1,11,9,9,1,2,1,30,34.0,128.0,339.0,130.515,1988.1414912905386,1484.175,0.0,1.0,0.0,0.0,4.0,1.0
Fulham,time_block,1983602,against,16-30,109,2,82,66,82,39,19,24,33,33,2,0,3,1,10,6,0,30,20,21,7,12,61,1,4,3,4,1,2,1,2,2,1,0,0,0,0,0,0,0,0,1,0,7,3,8,4,15,7,0,4,2,3,7,2,11,10,8,2,1,0,18,27.0,88.0,260.0,316.155,1523.231241654948,1530.48,0.0,0.0,2.0,0.0,2.0,4.0
Fulham,time_block,1983602,against,31-45,96,3,67,57,64,27,14,26,33,24,3,1,4,1,9,6,0,21,18,18,6,8,49,1,1,1,1,0,1,0,1,0,0,0,0,0,0,0,0,0,0,2,1,3,2,11,4,14,6,0,1,2,3,5,2,9,8,6,0,4,2,17,20.0,77.0,230.0,269.325,1232.5057213442606,841.995,1.0,0.0,0.0,0.0,5.0,1.0
Fulham,time_block,1983602,against,46-60,106,1,67,53,67,33,8,26,28,25,4,0,6,0,6,4,0,27,20,23,4,9,44,1,1,0,1,1,0,0,1,0,1,0,0,0,0,0,0,0,0,4,1,2,1,10,4,12,5,1,1,1,5,4,1,5,9,3,0,2,1,20,30.0,76.0,218.0,416.85,1161.6855503188212,1304.31,0.0,0.0,1.0,0.0,8.0,1.0
Fulham,time_block,1983602,against,61-75,128,7,95,82,94,51,17,27,54,28,4,1,4,1,8,5,0,37,31,25,14,22,70,0,3,1,3,1,0,2,1,2,0,1,0,0,0,0,0,0,0,4,2,2,2,8,5,10,7,0,3,1,4,8,2,7,12,6,0,1,0,18,28.0,103.0,251.0,426.29999999999995,1497.1371943434403,1439.55,1.0,0.0,3.0,0.0,6.0,3.0
Fulham,time_block,1983602,against,76+,104,3,63,55,60,27,10,26,36,19,4,1,7,2,7,3,0,26,21,17,11,11,46,1,3,2,4,0,2,2,3,1,0,0,0,0,0,0,0,0,0,3,0,3,3,8,4,11,7,0,0,1,8,3,1,3,11,2,0,1,4,16,27.0,76.0,289.0,436.69500000000005,1288.17766726197,1371.405,0.0,1.0,0.0,0.0,2.0,4.0
Fulham,time_block,1983602,for,0-15,102,8,64,47,61,30,14,20,12,35,2,0,2,0,11,2,0,10,8,5,3,4,59,0,2,2,2,0,1,1,2,0,0,0,0,0,0,0,0,0,0,3,1,3,1,15,9,18,10,0,6,2,5,9,1,11,14,9,1,1,2,26,32.0,70.0,158.0,182.49000000000004,962.1200271163584,1387.7849999999999,1.0,0.0,1.0,0.0,3.0,2.0
Fulham,time_block,1983602,for,16-30,103,4,68,52,62,28,16,24,18,34,0,0,1,1,11,3,1,16,12,14,1,6,54,2,1,0,1,0,0,1,1,0,0,0,0,0,0,0,0,0,0,4,2,7,4,8,4,15,8,0,1,0,7,5,0,1,12,0,0,0,1,23,32.0,75.0,175.0,140.80499999999998,952.693595610547,1088.43,0.0,1.0,0.0,0.0,8.0,1.0
Fulham,time_block,1983602,for,31-45,127,5,101,88,98,37,22,42,34,54,2,1,4,1,4,1,0,13,8,9,3,7,92,1,2,2,2,1,1,0,2,0,1,0,0,0,0,0,0,0,0,0,0,3,1,11,7,14,8,0,3,0,3,6,0,6,9,3,1,2,4,15,25.0,110.0,275.0,173.145,1452.0467734355143,1199.31,0.0,0.0,0.0,0.0,4.0,2.0
Fulham,time_block,1983602,for,46-60,89,4,54,39,48,29,12,13,22,17,3,0,3,0,11,3,0,22,15,10,8,6,44,0,1,1,2,0,0,2,2,0,0,0,0,0,0,0,0,0,0,2,0,2,1,10,5,12,6,0,3,4,6,5,2,11,11,2,1,1,2,23,30.0,61.0,152.0,376.94999999999993,871.5739186127262,1311.135,0.0,1.0,0.0,0.0,6.0,2.0
Fulham,time_block,1983602,for,61-75,107,2,72,55,70,36,14,22,24,31,2,0,4,2,12,3,0,15,11,10,6,4,62,2,2,1,2,2,0,0,1,1,1,1,0,0,0,0,0,0,0,2,0,2,0,7,2,9,2,0,1,3,7,9,1,7,16,3,2,0,1,21,28.0,81.0,197.0,219.66,1214.1896685511995,1035.195,0.0,1.0,0.0,0.0,10.0,2.0
Fulham,time_block,1983602,for,76+,66,1,39,24,35,22,8,9,11,13,0,0,3,0,12,2,1,17,10,12,1,2,27,3,1,1,1,0,1,0,0,1,0,0,0,0,0,0,0,0,0,0,0,3,0,6,2,9,2,0,1,2,6,6,0,7,12,2,0,4,1,18,27.0,48.0,96.0,45.04499999999999,535.5171718522419,1343.79,0.0,0.0,2.0,1.0,5.0,1.0
Fulham,game_state,1983602,against,-2 or worse,0,0,0,0,0,0,0,0,0,0,0,0,0,0,0,0,0,0,0,0,0,0,0,0,0,0,0,0,0,0,0,0,0,0,0,0,0,0,0,0,0,0,0,0,0,0,0,0,0,0,0,0,0,0,0,0,0,0,0,0,0,0,0.0,0.0,0.0,0.0,0.0,0.0,0.0,0.0,0.0,0.0,0.0,0.0
Fulham,game_state,1983602,against,-1,0,0,0,0,0,0,0,0,0,0,0,0,0,0,0,0,0,0,0,0,0,0,0,0,0,0,0,0,0,0,0,0,0,0,0,0,0,0,0,0,0,0,0,0,0,0,0,0,0,0,0,0,0,0,0,0,0,0,0,0,0,0,0.0,0.0,0.0,0.0,0.0,0.0,0.0,0.0,0.0,0.0,0.0,0.0
Fulham,game_state,1983602,against,Level,695,18,494,411,483,231,98,165,215,196,18,3,25,5,52,30,0,157,116,111,46,74,383,5,13,8,14,3,6,5,9,5,2,1,0,0,0,0,0,0,0,18,5,20,13,60,26,80,39,1,12,11,24,35,9,46,59,34,3,11,8,119,166.0,548.0,1587.0,1995.84,8690.87886621398,7971.915,2.0,2.0,6.0,0.0,27.0,14.0
Fulham,game_state,1983602,against,+1,0,0,0,0,0,0,0,0,0,0,0,0,0,0,0,0,0,0,0,0,0,0,0,0,0,0,0,0,0,0,0,0,0,0,0,0,0,0,0,0,0,0,0,0,0,0,0,0,0,0,0,0,0,0,0,0,0,0,0,0,0,0,0.0,0.0,0.0,0.0,0.0,0.0,0.0,0.0,0.0,0.0,0.0,0.0
Fulham,game_state,1983602,against,+2 or better,0,0,0,0,0,0,0,0,0,0,0,0,0,0,0,0,0,0,0,0,0,0,0,0,0,0,0,0,0,0,0,0,0,0,0,0,0,0,0,0,0,0,0,0,0,0,0,0,0,0,0,0,0,0,0,0,0,0,0,0,0,0,0.0,0.0,0.0,0.0,0.0,0.0,0.0,0.0,0.0,0.0,0.0,0.0
Fulham,game_state,1983602,for,-2 or worse,0,0,0,0,0,0,0,0,0,0,0,0,0,0,0,0,0,0,0,0,0,0,0,0,0,0,0,0,0,0,0,0,0,0,0,0,0,0,0,0,0,0,0,0,0,0,0,0,0,0,0,0,0,0,0,0,0,0,0,0,0,0,0.0,0.0,0.0,0.0,0.0,0.0,0.0,0.0,0.0,0.0,0.0,0.0
Fulham,game_state,1983602,for,-1,0,0,0,0,0,0,0,0,0,0,0,0,0,0,0,0,0,0,0,0,0,0,0,0,0,0,0,0,0,0,0,0,0,0,0,0,0,0,0,0,0,0,0,0,0,0,0,0,0,0,0,0,0,0,0,0,0,0,0,0,0,0,0.0,0.0,0.0,0.0,0.0,0.0,0.0,0.0,0.0,0.0,0.0,0.0
Fulham,game_state,1983602,for,Level,594,24,398,305,374,182,86,130,121,184,9,1,17,4,61,14,2,93,64,60,22,29,338,8,9,7,10,3,3,4,8,2,2,1,0,0,0,0,0,0,0,11,3,20,7,57,29,77,36,0,15,11,34,40,4,43,74,19,5,8,11,126,174.0,445.0,1053.0,1138.095,5988.141155178588,7365.6449999999995,1.0,3.0,3.0,1.0,36.0,10.0
Fulham,game_state,1983602,for,+1,0,0,0,0,0,0,0,0,0,0,0,0,0,0,0,0,0,0,0,0,0,0,0,0,0,0,0,0,0,0,0,0,0,0,0,0,0,0,0,0,0,0,0,0,0,0,0,0,0,0,0,0,0,0,0,0,0,0,0,0,0,0,0.0,0.0,0.0,0.0,0.0,0.0,0.0,0.0,0.0,0.0,0.0,0.0
Fulham,game_state,1983602,for,+2 or better,0,0,0,0,0,0,0,0,0,0,0,0,0,0,0,0,0,0,0,0,0,0,0,0,0,0,0,0,0,0,0,0,0,0,0,0,0,0,0,0,0,0,0,0,0,0,0,0,0,0,0,0,0,0,0,0,0,0,0,0,0,0,0.0,0.0,0.0,0.0,0.0,0.0,0.0,0.0,0.0,0.0,0.0,0.0
Fulham,total,1983602,against,Season,695,18,494,411,483,231,98,165,215,196,18,3,25,5,52,30,0,157,116,111,46,74,383,5,13,8,14,3,6,5,9,5,2,1,0,0,0,0,0,0,0,18,5,20,13,60,26,80,39,1,12,11,24,35,9,46,59,34,3,11,8,119,166.0,548.0,1587.0,1995.84,8690.87886621398,7971.915,2.0,2.0,6.0,0.0,27.0,14.0
Fulham,total,1983602,for,Season,594,24,398,305,374,182,86,130,121,184,9,1,17,4,61,14,2,93,64,60,22,29,338,8,9,7,10,3,3,4,8,2,2,1,0,0,0,0,0,0,0,11,3,20,7,57,29,77,36,0,15,11,34,40,4,43,74,19,5,8,11,126,174.0,445.0,1053.0,1138.095,5988.141155178588,7365.6449999999995,1.0,3.0,3.0,1.0,36.0,10.0
Liverpool,time_block,1983602,against,0-15,102,8,64,47,61,30,14,20,12,35,2,0,2,0,11,2,0,10,8,5,3,4,59,0,2,2,2,0,1,1,2,0,0,0,0,0,0,0,0,0,0,3,1,3,1,15,9,18,10,0,6,2,5,9,1,11,14,9,1,1,2,26,32.0,70.0,158.0,182.49000000000004,962.1200271163584,1387.7849999999999,1.0,0.0,1.0,0.0,3.0,2.0
Liverpool,time_block,1983602,against,16-30,103,4,68,52,62,28,16,24,18,34,0,0,1,1,11,3,1,16,12,14,1,6,54,2,1,0,1,0,0,1,1,0,0,0,0,0,0,0,0,0,0,4,2,7,4,8,4,15,8,0,1,0,7,5,0,1,12,0,0,0,1,23,32.0,75.0,175.0,140.80499999999998,952.693595610547,1088.43,0.0,1.0,0.0,0.0,8.0,1.0
Liverpool,time_block,1983602,against,31-45,127,5,101,88,98,37,22,42,34,54,2,1,4,1,4,1,0,13,8,9,3,7,92,1,2,2,2,1,1,0,2,0,1,0,0,0,0,0,0,0,0,0,0,3,1,11,7,14,8,0,3,0,3,6,0,6,9,3,1,2,4,15,25.0,110.0,275.0,173.145,1452.0467734355143,1199.31,0.0,0.0,0.0,0.0,4.0,2.0
Liverpool,time_block,1983602,against,46-60,89,4,54,39,48,29,12,13,22,17,3,0,3,0,11,3,0,22,15,10,8,6,44,0,1,1,2,0,0,2,2,0,0,0,0,0,0,0,0,0,0,2,0,2,1,10,5,12,6,0,3,4,6,5,2,11,11,2,1,1,2,23,30.0,61.0,152.0,376.94999999999993,871.5739186127262,1311.135,0.0,1.0,0.0,0.0,6.0,2.0
Liverpool,time_block,1983602,against,61-75,107,2,72,55,70,36,14,22,24,31,2,0,4,2,12,3,0,15,11,10,6,4,62,2,2,1,2,2,0,0,1,1,1,1,0,0,0,0,0,0,0,2,0,2,0,7,2,9,2,0,1,3,7,9,1,7,16,3,2,0,1,21,28.0,81.0,197.0,219.66,1214.1896685511995,1035.195,0.0,1.0,0.0,0.0,10.0,2.0
Liverpool,time_block,1983602,against,76+,66,1,39,24,35,22,8,9,11,13,0,0,3,0,12,2,1,17,10,12,1,2,27,3,1,1,1,0,1,0,0,1,0,0,0,0,0,0,0,0,0,0,0,3,0,6,2,9,2,0,1,2,6,6,0,7,12,2,0,4,1,18,27.0,48.0,96.0,45.04499999999999,535.5171718522419,1343.79,0.0,0.0,2.0,1.0,5.0,1.0
Liverpool,time_block,1983602,for,0-15,152,2,120,98,116,54,30,36,31,67,1,0,1,0,12,6,0,16,6,7,4,12,113,1,1,1,1,0,1,0,1,0,0,0,0,0,0,0,0,0,0,4,1,3,2,15,5,18,7,0,3,4,1,8,1,11,9,9,1,2,1,30,34.0,128.0,339.0,130.515,1988.1414912905386,1484.175,0.0,1.0,0.0,0.0,4.0,1.0
Liverpool,time_block,1983602,for,16-30,109,2,82,66,82,39,19,24,33,33,2,0,3,1,10,6,0,30,20,21,7,12,61,1,4,3,4,1,2,1,2,2,1,0,0,0,0,0,0,0,0,1,0,7,3,8,4,15,7,0,4,2,3,7,2,11,10,8,2,1,0,18,27.0,88.0,260.0,316.155,1523.231241654948,1530.48,0.0,0.0,2.0,0.0,2.0,4.0
Liverpool,time_block,1983602,for,31-45,96,3,67,57,64,27,14,26,33,24,3,1,4,1,9,6,0,21,18,18,6,8,49,1,1,1,1,0,1,0,1,0,0,0,0,0,0,0,0,0,0,2,1,3,2,11,4,14,6,0,1,2,3,5,2,9,8,6,0,4,2,17,20.0,77.0,230.0,269.325,1232.5057213442606,841.995,1.0,0.0,0.0,0.0,5.0,1.0
Liverpool,time_block,1983602,for,46-60,106,1,67,53,67,33,8,26,28,25,4,0,6,0,6,4,0,27,20,23,4,9,44,1,1,0,1,1,0,0,1,0,1,0,0,0,0,0,0,0,0,4,1,2,1,10,4,12,5,1,1,1,5,4,1,5,9,3,0,2,1,20,30.0,76.0,218.0,416.85,1161.6855503188212,1304.31,0.0,0.0,1.0,0.0,8.0,1.0
Liverpool,time_block,1983602,for,61-75,128,7,95,82,94,51,17,27,54,28,4,1,4,1,8,5,0,37,31,25,14,22,70,0,3,1,3,1,0,2,1,2,0,1,0,0,0,0,0,0,0,4,2,2,2,8,5,10,7,0,3,1,4,8,2,7,12,6,0,1,0,18,28.0,103.0,251.0,426.29999999999995,1497.1371943434403,1439.55,1.0,0.0,3.0,0.0,6.0,3.0
Liverpool,time_block,1983602,for,76+,104,3,63,55,60,27,10,26,36,19,4,1,7,2,7,3,0,26,21,17,11,11,46,1,3,2,4,0,2,2,3,1,0,0,0,0,0,0,0,0,0,3,0,3,3,8,4,11,7,0,0,1,8,3,1,3,11,2,0,1,4,16,27.0,76.0,289.0,436.69500000000005,1288.17766726197,1371.405,0.0,1.0,0.0,0.0,2.0,4.0
Liverpool,game_state,1983602,against,-2 or worse,0,0,0,0,0,0,0,0,0,0,0,0,0,0,0,0,0,0,0,0,0,0,0,0,0,0,0,0,0,0,0,0,0,0,0,0,0,0,0,0,0,0,0,0,0,0,0,0,0,0,0,0,0,0,0,0,0,0,0,0,0,0,0.0,0.0,0.0,0.0,0.0,0.0,0.0,0.0,0.0,0.0,0.0,0.0
Liverpool,game_state,1983602,against,-1,0,0,0,0,0,0,0,0,0,0,0,0,0,0,0,0,0,0,0,0,0,0,0,0,0,0,0,0,0,0,0,0,0,0,0,0,0,0,0,0,0,0,0,0,0,0,0,0,0,0,0,0,0,0,0,0,0,0,0,0,0,0,0.0,0.0,0.0,0.0,0.0,0.0,0.0,0.0,0.0,0.0,0.0,0.0
Liverpool,game_state,1983602,against,Level,594,24,398,305,374,182,86,130,121,184,9,1,17,4,61,14,2,93,64,60,22,29,338,8,9,7,10,3,3,4,8,2,2,1,0,0,0,0,0,0,0,11,3,20,7,57,29,77,36,0,15,11,34,40,4,43,74,19,5,8,11,126,174.0,445.0,1053.0,1138.095,5988.141155178588,7365.6449999999995,1.0,3.0,3.0,1.0,36.0,10.0
Liverpool,game_state,1983602,against,+1,0,0,0,0,0,0,0,0,0,0,0,0,0,0,0,0,0,0,0,0,0,0,0,0,0,0,0,0,0,0,0,0,0,0,0,0,0,0,0,0,0,0,0,0,0,0,0,0,0,0,0,0,0,0,0,0,0,0,0,0,0,0,0.0,0.0,0.0,0.0,0.0,0.0,0.0,0.0,0.0,0.0,0.0,0.0
Liverpool,game_state,1983602,against,+2 or better,0,0,0,0,0,0,0,0,0,0,0,0,0,0,0,0,0,0,0,0,0,0,0,0,0,0,0,0,0,0,0,0,0,0,0,0,0,0,0,0,0,0,0,0,0,0,0,0,0,0,0,0,0,0,0,0,0,0,0,0,0,0,0.0,0.0,0.0,0.0,0.0,0.0,0.0,0.0,0.0,0.0,0.0,0.0
Liverpool,game_state,1983602,for,-2 or worse,0,0,0,0,0,0,0,0,0,0,0,0,0,0,0,0,0,0,0,0,0,0,0,0,0,0,0,0,0,0,0,0,0,0,0,0,0,0,0,0,0,0,0,0,0,0,0,0,0,0,0,0,0,0,0,0,0,0,0,0,0,0,0.0,0.0,0.0,0.0,0.0,0.0,0.0,0.0,0.0,0.0,0.0,0.0
Liverpool,game_state,1983602,for,-1,0,0,0,0,0,0,0,0,0,0,0,0,0,0,0,0,0,0,0,0,0,0,0,0,0,0,0,0,0,0,0,0,0,0,0,0,0,0,0,0,0,0,0,0,0,0,0,0,0,0,0,0,0,0,0,0,0,0,0,0,0,0,0.0,0.0,0.0,0.0,0.0,0.0,0.0,0.0,0.0,0.0,0.0,0.0
Liverpool,game_state,1983602,for,Level,695,18,494,411,483,231,98,165,215,196,18,3,25,5,52,30,0,157,116,111,46,74,383,5,13,8,14,3,6,5,9,5,2,1,0,0,0,0,0,0,0,18,5,20,13,60,26,80,39,1,12,11,24,35,9,46,59,34,3,11,8,119,166.0,548.0,1587.0,1995.84,8690.87886621398,7971.915,2.0,2.0,6.0,0.0,27.0,14.0
Liverpool,game_state,1983602,for,+1,0,0,0,0,0,0,0,0,0,0,0,0,0,0,0,0,0,0,0,0,0,0,0,0,0,0,0,0,0,0,0,0,0,0,0,0,0,0,0,0,0,0,0,0,0,0,0,0,0,0,0,0,0,0,0,0,0,0,0,0,0,0,0.0,0.0,0.0,0.0,0.0,0.0,0.0,0.0,0.0,0.0,0.0,0.0
Liverpool,game_state,1983602,for,+2 or better,0,0,0,0,0,0,0,0,0,0,0,0,0,0,0,0,0,0,0,0,0,0,0,0,0,0,0,0,0,0,0,0,0,0,0,0,0,0,0,0,0,0,0,0,0,0,0,0,0,0,0,0,0,0,0,0,0,0,0,0,0,0,0.0,0.0,0.0,0.0,0.0,0.0,0.0,0.0,0.0,0.0,0.0,0.0
Liverpool,total,1983602,against,Season,594,24,398,305,374,182,86,130,121,184,9,1,17,4,61,14,2,93,64,60,22,29,338,8,9,7,10,3,3,4,8,2,2,1,0,0,0,0,0,0,0,11,3,20,7,57,29,77,36,0,15,11,34,40,4,43,74,19,5,8,11,126,174.0,445.0,1053.0,1138.095,5988.141155178588,7365.6449999999995,1.0,3.0,3.0,1.0,36.0,10.0
Liverpool,total,1983602,for,Season,695,18,494,411,483,231,98,165,215,196,18,3,25,5,52,30,0,157,116,111,46,74,383,5,13,8,14,3,6,5,9,5,2,1,0,0,0,0,0,0,0,18,5,20,13,60,26,80,39,1,12,11,24,35,9,46,59,34,3,11,8,119,166.0,548.0,1587.0,1995.84,8690.87886621398,7971.915,2.0,2.0,6.0,0.0,27.0,14.0
